"HAMILTON,M",979
"WEINBERGER,DR",948
"ENDICOTT,J",865
"OVERALL,JE",865
"CROW,TJ",859
"JOHNSTONE,EC",834
"ANDREASEN,NC",762
"AMADOR,XF",745
"SPITZER,RL",717
"KESSLER,RC",84
"ROBINS,LN",58
"SHENTON,ME",50
"KAY,SR",43
"REGIER,DA",42
"FOLSTEIN,MF",41
"OLNEY,JW",40
"BOGERTS,B",39
"KANE,J",36
"CARPENTER,WT",35
"JAVITT,DC",35
"CASPI,A",34
"LIDDLE,PF",34
"EGAN,MF",33
"WELLS,KB",32
"HARRISON,PJ",31
"SQUIRE,LR",31
"SUDDATH,RL",30
"SAYKIN,AJ",28
"GREEN,MF",27
"SEEMAN,P",27
"HUTTENLOCHER,PR",26
"KATON,W",26
"STEWART,AL",25
"FEIGHNER,JP",24
"MESULAM,MM",24
"CARLSSON,A",23
"CREESE,I",23
"FRISTON,KJ",23
"BECK,AT",22
"SIMPSON,G M",22
"WEISSMAN,MM",22
"KROENKE,K",21
"TATEMOTO,K",20
"STRAUSS,JS",19
"GOTTESMAN,II",18
"HEINRICHS,DW",18
"JAKOB,H",18
"MCEVOY,JP",18
"WRIGHT,IC",18
"AKISKAL,HS",17
"GOLDMANRAKIC,PS",17
"HARIRI,AR",17
"ALEXANDER,GE",16
"BASSER,PJ",16
"BENES,FM",16
"JONES,P",16
"LESCH,KP",16
"PRUSINER,SB",16
"WARE,JE",16
"BARNES,TRE",15
"CHEN,CJ",15
"DAVID,AS",15
"FRANK,E",15
"JUDD,LL",15
"KAZIS,LE",15
"MAYBERG,HS",15
"WHOOLEY,MA",15
"GOLDMAN-RAKIC,P. S.",14
"KIRKPATRICK,B",14
"KRYSTAL,JH",14
"LIEBERMAN,JA",14
"SCHULTZ,W",14
"CANNONSPOOR,HE",13
"COYLE,JT",13
"DREVETS,WC",13
"KELLER,MB",13
"MARDER,SR",13
"MILNER,B",13
"MONTGOMERY,SA",13
"STEFANSSON,H",13
"TERRY,RD",13
"VANPUTTE.T",13
"YOUNG,RC",13
"CHOUINARD,G",12
"COHEN,J",12
"ERIKSSON,PS",12
"KOOB,GF",12
"SELEMON,LD",12
"TAMMINGA,CA",12
"THIEBAUT,F",12
"WILLIAMS,JBW",12
"ASHBURNER,J",11
"BROZOSKI,TJ",11
"COHENMANSFIELD,J",11
"DRAKE,RE",11
"GRACE,AA",11
"HELZER,JE",11
"KRALOVICS,R",11
"LEBIHAN,D",11
"LOHMUELLER,KE",11
"SWANSON,LW",11
"YUSUF,S",11
"BARTA,PE",10
"BAXTER,EJ",10
"BROADHEAD,WE",10
"DAVIS,KL",10
"DOHNER,H",10
"FARDE,L",10
"GROS,P",10
"HOGAN,TP",10
"HOGE,CW",10
"JULIANO,RL",10
"KENDLER,KS",10
"LOEBEL,AD",10
"ORMEL,J",10
"POSNER,MI",10
"REITAN,R. M.",10
"BROWN,R",9
"CLONINGER,CR",9
"CUMMINGS,JL",9
"DAVIS,JM",9
"FOJO,AT",9
"GOOD,CD",9
"GOODMAN,WK",9
"HU,FB",9
"LAWTON,MP",9
"LEHMAN,AF",9
"LEVINE,RL",9
"LIANG,KY",9
"MCKHANN,G",9
"MEDNICK,SA",9
"MELTZER,HY",9
"MURRAY,CJL",9
"RADLOFF L S",9
"RAICHLE,ME",9
"SCHNEIDER,LS",9
"SHEEHAN,DV",9
"STROOP,JR",9
"VANTOL,HHM",9
"WILLIAMS,GV",9
"ZUBIN,J",9
"AKBARIAN,S",8
"ANGST,J",8
"BAXTER,LR",8
"BEASLEY,CM",8
"BUELER,H",8
"COX,DR",8
"FENTON,WS",8
"GIEDD,JN",8
"HALLIWELL,B",8
"INGVAR,DH",8
"JAMES,C",8
"KEBABIAN,JW",8
"MURRAY,RM",8
"OGAWA,S",8
"PETERSEN,SE",8
"PEZAWAS,L",8
"ROBINS,E",8
"ROSVOLD,HE",8
"SHALLICE,T",8
"TABERLET,P",8
"TSURUO,T",8
"VANPUTTEN,T",8
"WOODS,RP",8
"WYATT,RJ",8
"ABERCROMBIE,M",7
"ANDERSON,JC",7
"ARNDT,S",7
"BILDER,RM",7
"CORDONCARDO,C",7
"CORYELL,W",7
"EWING,JA",7
"FRITH,CD",7
"FUNAHASHI,S",7
"GESCHWIN.N",7
"HARMAN,D",7
"HARRIS,EC",7
"JOHNSON,JW",7
"KAPLAN,EL",7
"KEATING,MJ",7
"LEDOUX,JE",7
"LEUCHT,S",7
"LORD,C",7
"MAYFIELD,D",7
"MCGORRY,PD",7
"NELSON,HE",7
"PHELPS,ME",7
"PITT,B",7
"PRIEN,RF",7
"REGIER D A",7
"RIORDAN,JR",7
"SCHOOLER,NR",7
"SILBERSWEIG,DA",7
"SOHAL,RS",7
"TAUTZ,D",7
"THIERRY,AM",7
"UNUTZER,J",7
"WORSLEY,KJ",7
"ALEXOPOULOS,GS",6
"ALLEN,YS",6
"BECKMAN,KB",6
"BERWICK,DM",6
"BISWAL,B",6
"BJELLAND,I",6
"BRAFF,DL",6
"BREIER,A",6
"BREITER,HC",6
"BUCHANAN,RW",6
"CARTER,CS",6
"CHESON,BD",6
"COCCARO,EF",6
"DEROGATIS L R",6
"DRUKER,BJ",6
"GERSHON,ES",6
"HAKAK,Y",6
"HIRSCHFELD,RMA",6
"JOHNSON,J",6
"LANDER,ES",6
"LEWIS,DA",6
"LUNDBERG,JM",6
"MAES,M",6
"MCGHIE,A",6
"MCGUIRE,PK",6
"MERIGAN,WH",6
"MORRIS,JC",6
"NESTLER,EJ",6
"OLDFIELD,RC",6
"PANTELIS,C",6
"RAKIC,P",6
"REISBERG,B",6
"ROVNER,BW",6
"SAPOLSKY,RM",6
"SAWAGUCHI,T",6
"SHEPHERD,J",6
"SOKOLOFF,P",6
"STANLEY,BG",6
"TARIOT,PN",6
"TOHEN,M",6
"TONKIN,A",6
"TURRENS,JF",6
"VONSATTEL,JP",6
"WALKER,JE",6
"WALLACE,DC",6
"WATSON,D",6
"WEBER,JL",6
"WISE,RA",6
"ANDEN,NE",5
"ANDERSON,LT",5
"BALDESSARINI,RJ",5
"BARON,RM",5
"BLISS,TVP",5
"CALABRESE,JR",5
"CARPENTE.WT",5
"CHAPMAN,LJ",5
"CORBETTA,M",5
"DAHLSTROM,A",5
"DAMLE,RN",5
"DELONG,ER",5
"DERSIMONIAN,R",5
"DOYLE,J. J.",5
"FREEDMAN,R",5
"GESCHWIND,N",5
"GIROS,B",5
"GORMALLY,J",5
"GOTTESMAN,MM",5
"GREICIUS,MD",5
"HAMBLIN,TJ",5
"HANLEY,JA",5
"HARDY,J",5
"HASKELL,WILLIAM L.",5
"HEINRICHS,RW",5
"HONG,WK",5
"JAENISCH,R",5
"KAPUR,S",5
"KARTNER,N",5
"KATZ,MM",5
"LACHMAN,HM",5
"LANGSTON,JW",5
"LINN,BS",5
"LUKOFF,D.",5
"MCCORD,JM",5
"MCDOUGLE,CJ",5
"MCHORNEY,CA",5
"MUESER,KT",5
"NELSON,MD",5
"NUECHTERLEIN,KH",5
"PFEFFERBAUM,A",5
"PIERPAOLI,C",5
"RAI,KR",5
"RISCH,N",5
"RUSH,AJ",5
"SHROUT,PE",5
"SOKOLOFF,L",5
"TINETTI,ME",5
"TSUANG,MT",5
"VOLKOW,ND",5
"WEAVER,ICG",5
"YESAVAGE,JA",5
"ZIGMOND,AS",5
"ZUNG,WWK",5
"ABRAMSON,LY",4
"ADOLPHS,R",4
"AMMONS,RB",4
"AYLWARD,E",4
"BALLENGER,JC",4
"BARRACLO.B",4
"BARTKO,JJ",4
"BECHARA,A",4
"BECKER,MH",4
"BIEDERMAN,J",4
"BLACKWEL.B",4
"BOVERIS,A",4
"BRAFF,D",4
"BRENNER,BM",4
"BRESLAU,N",4
"BROWN,GL",4
"BRUNET,A",4
"CALDWELL,CB",4
"CALIN,GA",4
"CAMPBELL,M",4
"CAMPBELL,PJ",4
"CARLSSON,M",4
"CASTELLANOS,FX",4
"CHANCE,B",4
"CHOBANIAN,AV",4
"CIECHANOWSKI,PS",4
"CLARK,JT",4
"CORTINA,JM",4
"CRONBACH,LJ",4
"DAVIS,M",4
"DE KLOET,ER",4
"DOWNS,JR",4
"DUMAN,RS",4
"EGGER,M",4
"EISENBERG,DM",4
"ERAKER,SA",4
"FELSENSTEIN,J",4
"FOA,EB",4
"FOX,MD",4
"FRASURESMITH,N",4
"GENOVESE,CR",4
"GILMAN,AG",4
"GLASSMAN,AH",4
"GOLDSTEIN,JL",4
"GOLDSTEIN,LJ",4
"HALLEK,MICHAEL",4
"HANSSON,L",4
"HARDING,CM",4
"HEWITT,G",4
"HEWITT,GM",4
"HOTAMISLIGIL,GS",4
"HUANG,EJ",4
"IMAI,S",4
"JABLENSKY,A",4
"JENTSCH,JD",4
"KANDEL,ER",4
"KANE,JM",4
"KERR,JFR",4
"KRAEMER,HC",4
"KRAWIECKA,M",4
"LANG,PJ",4
"LAWRIE,SM",4
"LECKMAN,JF",4
"LECOUTEUR,A",4
"LEVINSON,G",4
"LEWIS,CM",4
"LEWIS,EJ",4
"LINSZEN,DH",4
"LIPPMAN,SM",4
"LISH,JD",4
"LIVAK,KJ",4
"LLINAS,RR",4
"LYNCH,TJ",4
"MANN,JJ",4
"MATTHEWS,CHARLES E.",4
"MCCLELLAND,GH",4
"MIGLIACCIO,E",4
"MILES,CP",4
"MILLAR,JK",4
"MOFFITT,TE",4
"MOOTHA,VK",4
"MORRIS,JS",4
"MORRIS,RGM",4
"MOSS,AJ",4
"MURPHY,S",4
"NAYLOR,RL",4
"OESCH,B",4
"PAUS,T",4
"PEDERSEN,TR",4
"PELLOW,S",4
"PENFIELD,W",4
"PFEFFER,MA",4
"PLATT,JR",4
"POO,MM",4
"POPE,HG",4
"POSADA,D",4
"RIDKER,PM",4
"ROSENTHAL,R",4
"ROSS,R",4
"SACHS,GS",4
"SANTARELLI,L",4
"SCHATZBERG,AF",4
"SCHINKEL,AH",4
"SELZER,ML",4
"SERRANO,M",4
"SESACK,SR",4
"SILVERBERG,DS",4
"STROBER,M",4
"STUNKARD,AJ",4
"SUSSER,ES",4
"TEMPLETON,AR",4
"THOMPSON,JD",4
"UEDA,K",4
"UNGERLEIDER,LG",4
"VENTURA,J",4
"VONHOLST,E",4
"VONKORFF,M",4
"VOS,P",4
"WATTS,DJ",4
"WECHSLER,DAVID",4
"WHITE,PF",4
"WITTCHEN,HU",4
"WOLFE,KH",4
"WONG,DF",4
"YAKOVLEV,P.",4
"YUNG,AR",4
"ALLISON,DB",3
"ALVIR,JMJ",3
"ANDREASEN,N",3
"ANTHONY,JC",3
"BATTAGLIA,J",3
"BERKSON,J",3
"BERRIDGE,KC",3
"BERRIDGE,MJ",3
"BIRCHWOOD,M",3
"BLESSED,G",3
"BLUM,K",3
"BRAESTRUP,C",3
"BREDT,DS",3
"BUSCHKE,H",3
"BUSH,B",3
"CATTELL,RB",3
"CEDERLOEF,R",3
"CHENG,Y",3
"CLEMENT,M",3
"COHEN,JD",3
"COLLINGE,J",3
"COOK,EH",3
"CORDER,EH",3
"COTTON,NS",3
"CRESPO,M",3
"CRONBACH,LJ.",3
"DAMASIO,AR",3
"DAVIDSON,RJ",3
"DAVIES,SP",3
"DIMATTEO,MR",3
"DIXON,L",3
"EHRINGER,H",3
"EICHHORST,BF",3
"ENDICOTT,JA",3
"ENGERT,F",3
"ESTERBAUER,H",3
"EVANS,RM",3
"EVERITT,BJ",3
"FALKAI,P",3
"FARRIS,JS",3
"FEINBERG,AP",3
"FLEGAL,KM",3
"GERFEN,CR",3
"GILBERT,DT",3
"GODDARD,GV",3
"GOGOS,JA",3
"GOODWIN,DW",3
"GREENBERG,PE",3
"HAYFLICK,L",3
"HEALY,GENEVIEVE N.",3
"HEATHERTON,TF",3
"HEILS,A",3
"HEINZ,A",3
"HIGGINS,CF",3
"HIGGINS,JPT",3
"HOCHBERG,Y",3
"HOGE,CHARLES W.",3
"HORNYKIE.O",3
"IGNARRO,LJ",3
"IOANNIDIS,JPA",3
"JENNETT,B",3
"KANNER,LEO",3
"KAPLAN,DR",3
"KATZMARZYK,PETER T.",3
"KAUFMAN,J",3
"KEMP,R",3
"KRAEMER,KH",3
"LANDIS,JR",3
"LARUELLE,M",3
"LEIBOWITZ,SF",3
"LEYSEN,JE",3
"LI,YB",3
"LIN,SJ",3
"LIPINSKI,CA",3
"LIPTON,RB",3
"LITT,M",3
"LOGAN,J",3
"LOGOTHETIS,NK",3
"LOTTA,T",3
"LUBY,ED",3
"MACDERMOTT,AB",3
"MALINOW,R",3
"MANGELSDORF,DJ",3
"MARKRAM,H",3
"MARTIN,WR",3
"MATTAY,VS",3
"MCCLELLAN,WM",3
"MCEWEN,BS",3
"MCGLASHAN,TH",3
"MCKEOWN,MJ",3
"MILLER,EK",3
"MILLER,MD",3
"MILO,R",3
"MORIYOSHI,K",3
"MUNDT,JC",3
"MURPHY,KC",3
"MYERS,JK",3
"NAATANEN,R",3
"NADER,K",3
"NEURINGER,M",3
"NOBLE,EP",3
"PAEZ,JG",3
"PAN,KM",3
"PAO,W",3
"PARDO,JV",3
"PATE,RR",3
"PATTERSON,SL",3
"PAZOS,A",3
"PEROUTKA,SJ",3
"PETERSEN,RC",3
"PETRIDES,M",3
"PHILLIPS,ML",3
"PINKEL,D",3
"POLIVY,J",3
"POLYMEROPOULOS,MH",3
"PORSOLT,RD",3
"PUIGSERVER,P",3
"RAINVILLE,P",3
"RAUCH,SL",3
"RAYMOND,M",3
"REIMAN,EM",3
"REIVICH,M",3
"RITZ,MC",3
"ROSEN,WG",3
"ROZANSKI,A",3
"SACKS,FM",3
"SANGER,F",3
"SARTORIUS,N",3
"SAWCHENKO,PE",3
"SCOVILLE,WB",3
"SEAMANS,JK",3
"SEBAT,J",3
"SHAFFER,D",3
"SHAPIRO,S",3
"SIMPSON,GM",3
"SINGER,W",3
"SLAMON,DJ",3
"SLAUGHTER,DP",3
"SNYDER,SH",3
"SPERRY,RW",3
"SPIELMAN,RS",3
"STEADMAN,HJ",3
"STEVENS,JR",3
"STOOF,J. C.",3
"STRIEGELMOORE,RH",3
"STROGATZ,SH",3
"SULLIVAN,PF",3
"SWANSON,JW",3
"SWARTZ,MS",3
"TIFFANY,ST",3
"TOLLEFSON,GD",3
"TROIANO,RICHARD P.",3
"TULVING,E.",3
"TZOURIO-MAZOYER,N",3
"VARELA,F",3
"WEHR,TA",3
"WHALEN,PJ",3
"WILL,RG",3
"WILSON,FAW",3
"WING,JK",3
"WISEMAN,H",3
"WONG,EHF",3
"WOZNIAK,J",3
"WU,ZD",3
"YOUNG,AS",3
"YUDOFSKY,SC",3
"ZANE,L",3
"ZHANG,YY",3
"ZIMMET,P",3
"ZUKIN,SR",3
"ADRIAN,TE",2
"AINSWORTH,B. E.",2
"AINSWORTH,BE",2
"AJZEN,I",2
"AKAIKE,H",2
"AL-AHMAD,A",2
"ALBERTI,KGMM",2
"ALLENDOERFER,KL",2
"ALLISON,T",2
"ALLMAN,JM",2
"ALTSCHUL,SF",2
"ALTSHULER,D",2
"ALTSHULER,LL",2
"AMAN,MG",2
"ANDERSON,RJ",2
"ANDREASSON,S",2
"ANGOLD,A",2
"ANIS,NA",2
"ANNETT,M",2
"ANTHONY,W. A.",2
"ANTMAN,EM",2
"ARMENTEROS,JL",2
"ARSENEAULT,L",2
"AVISE,JC",2
"AXELROD,J",2
"BACHMANN,BJ",2
"BALABAN,RS",2
"BAR-ON,ME",2
"BARBACID,M",2
"BARKLEY,RA",2
"BARONCOHEN,S",2
"BATTIG,WF",2
"BAUMEISTER,RF",2
"BEAULIEU,C",2
"BECKMAN,JS",2
"BEKELMAN,JE",2
"BELL,AJ",2
"BENTIN,S",2
"BEROD,A",2
"BETARBET,R",2
"BINET,JL",2
"BIRNBAUM,LS",2
"BLACK,DW",2
"BLACKWOOD,DHR",2
"BOLTON,DC",2
"BOOKHEIMER,SY",2
"BORING,CC",2
"BOWDEN,CL",2
"BRENT,DA",2
"BRESLOW,N",2
"BROWN,BG",2
"BROWN,GW",2
"BRUCE,ME",2
"BRUN,A",2
"BULLMORE,ET",2
"BURR,ML",2
"BURT D R",2
"BUSS,AH",2
"BUYSSE,DJ",2
"BUZSAKI,G",2
"BYRD,JC",2
"CABEZA,R",2
"CALHOUN,VD",2
"CAMERON,AJ",2
"CAMPFIELD,LA",2
"CANN,RL",2
"CASTAGNA,M",2
"CASTLE,DJ",2
"CATANI,M",2
"CHAKOS,MH",2
"CHANOCK,STEPHEN J.",2
"CHENG,KC",2
"CHILDRESS,AR",2
"CHIRGWIN,JM",2
"CHO,HP",2
"CHRONWALL,BM",2
"CHROUSOS,GP",2
"CHURCH,GM",2
"CIMMINO,A",2
"CLEELAND,CS",2
"CLELAND,JGF",2
"CLEVELAND,WS",2
"COBB,SR",2
"COHEN,DJ",2
"COHEN,P",2
"COHEN,S",2
"COOK,RJ",2
"COOLS,J",2
"CORTELAZZO,S",2
"COX,RW",2
"COYNE,JA",2
"CRAIG,AD",2
"CRAIG,CL",2
"CSERNANSKY,JG",2
"CZEIZEL,AE",2
"DAMESHEK,W",2
"DAVIDSON,JRT",2
"DAVIES,H",2
"DAVIGLUS,ML",2
"DE DEYN,PP",2
"DE LECEA,L",2
"DE NO,RL",2
"DEMESURE,B",2
"DEROGATI.LR",2
"DERYNCK,R",2
"DESIMONE,R",2
"DESTEFANO,F",2
"DICHIARA,G",2
"DIERKS,T",2
"DON,RH",2
"DONE,DJ",2
"DORPAT,TL",2
"DUNN,AJ",2
"DUNNER,DL",2
"DUNSTAN,DW",2
"EASTERBROOK,PJ",2
"ECKBLAD,M",2
"EISEN,MB",2
"ELKIN,I",2
"ELLWOOD,PM",2
"EYSENCK,SBG",2
"FELITTI,VJ",2
"FELLEMAN,DANIEL J.",2
"FINKEL,T",2
"FLECKENSTEIN,A",2
"FLEMING,IA",2
"FLORHENR.P",2
"FOX,MICHAEL D.",2
"FOX,PT",2
"FREEDSON,PS",2
"FRISCH,M. B.",2
"FURCHGOTT,RF",2
"GARETY,P",2
"GARNER,DM",2
"GELLER,B",2
"GILBODY,SIMON",2
"GILL,TM",2
"GLENNER,GG",2
"GOATE,A",2
"GOFF,DC",2
"GOGTAY,N",2
"GOLDBERG,TE",2
"GOYETTE,CH",2
"GRANT,DA",2
"GRECO,PJ",2
"GREENBERG,BD",2
"GREENE,LA",2
"GREENFELD,D",2
"GRUNDY,SM",2
"GURALNIK,JM",2
"GUY,W.",2
"HABIG,WH",2
"HAFNER,H",2
"HALAAS,JL",2
"HALL,A",2
"HAMADA,H",2
"HANCOCK,JF",2
"HARRINGTON,R",2
"HARRISON,G",2
"HASEGAWA,M",2
"HAYDON,PG",2
"HEDEKER,D",2
"HEINEMANN,V",2
"HEMPSTEAD,BL",2
"HERMAN,C. P.",2
"HERMAN,JP",2
"HERSCOVITCH,P",2
"HERTEL,LW",2
"HETHERINGTON,AW",2
"HIDAKA,H",2
"HILL,AB",2
"HODGINS,S",2
"HOGARTY,GE",2
"HOLM,S",2
"HOLMES,AP",2
"HOTOPF,MATTHEW",2
"HOWITZ,KT",2
"HSIAO,JK",2
"HSU,LKG",2
"HUGHES,CP",2
"HUNTER,T",2
"HYDE,SC",2
"JANZ,NK",2
"JARNE,P",2
"JASPER,H. H.",2
"JENNRICH,RI",2
"JENSEN,PS",2
"JESSELL,TM",2
"JESTE,DV",2
"JONES,AV",2
"JONSSON,EG",2
"KAEBERLEIN,M",2
"KAHAN,BD",2
"KALIVAS,PW",2
"KALRA,SP",2
"KANG,HJ",2
"KANG,HK",2
"KANG,J",2
"KATZ,IR",2
"KATZ,LC",2
"KENYON,C",2
"KESANIEMI,YA",2
"KLATSKY,AL",2
"KLEIN,DF",2
"KLUGE,AG",2
"KNOWLER,WC",2
"KNOWLES,LL",2
"KORTE,M",2
"KRIS-ETHERTON,PM",2
"KROBER,A",2
"KUIDA,K",2
"KUIPER,GGJM",2
"KURTZKE,JF",2
"KWAK,B",2
"KWONG,KK",2
"KYTE,J",2
"LAEMMLI,UK",2
"LAGOS-QUINTANA,M",2
"LAKKA,HM",2
"LALOUEL,JM",2
"LANCASTER,JL",2
"LANDER E S",2
"LAU,J",2
"LE BIHAN,D",2
"LEIBENLUFT,E",2
"LEVIN,A",2
"LEW,EA",2
"LEWIN,GR",2
"LEWINSOHN,PM",2
"LEXCHIN,J",2
"LIBBY,P",2
"LIEBERMAN,J",2
"LINNOILA,M",2
"LIPOWSKI,ZJ",2
"LISTON,EH",2
"LOEBER,R",2
"LONDON,ED",2
"LONEY,J.",2
"LOVINGER,DM",2
"LYKETSOS,CG",2
"MACH,B",2
"MANSON,JE",2
"MARCUS,MD",2
"MARKOWITZ,JS",2
"MARON,DJ",2
"MARSHALL,M",2
"MARTINEZ,A",2
"MATTIS,S.",2
"MAYER,ML",2
"MCCAY,CM",2
"MCCORMICK,MC",2
"MCGAUGH,JL",2
"MEEHL,PE",2
"MENSINK,RP",2
"MESULAM,M. M.",2
"METZ,CE",2
"MEYER-LINDENBERG,A",2
"MISSALE,C",2
"MOHER,D",2
"MOHN,AR",2
"MOKDAD,AH",2
"MONAGHAN,DT",2
"MONAHAN,J",2
"MONCADA,S",2
"MONSON,CANDICE M.",2
"MONYER,H",2
"MORGAN,HG",2
"MORGANTE,M",2
"MORRIS,JN",2
"MORTENSEN,PB",2
"MOUNTAIN,CF",2
"MULLER,KE",2
"MULLER,P",2
"MUSSELMAN,DL",2
"NARROW,WE",2
"NEARY,D",2
"NEMEROFF,CB",2
"NEVITT,MC",2
"NEWMAN,MEJ",2
"NIBUYA,M",2
"NOWAK,L",2
"O'BRIEN,SM",2
"OBRIST,WD",2
"OGDEN,CL",2
"OHYAMA,K",2
"OLFSON,M",2
"OMALLEY,SS",2
"OWEN,AM",2
"OWEN,F",2
"OWENS,MJ",2
"PACKER,M",2
"PAPEZ,JW",2
"PAUL,SM",2
"PAYKEL,ES",2
"PEARLIN,LI",2
"PEARSON,WR",2
"PEDERSEN,PL",2
"PELLEYMOUNTER,MA",2
"PERALTA,V",2
"PETERSEN,S E",2
"PETERSON,LR",2
"PETO,R",2
"PEUSKENS,J",2
"PHAN,KL",2
"PHELPS,EA",2
"PICKAR,D",2
"PISUNYER,FX",2
"PLOTSKY,PM",2
"POST,RM",2
"POWELL,W",2
"RAVELLI,GP",2
"RAY,WA",2
"RICARDO,JA",2
"RISCH,NJ",2
"ROBINSON,D",2
"ROLAND,M",2
"ROSEN,DR",2
"ROSENGARTEN,H",2
"ROSSOUW,JE",2
"RUBERTONE,MV",2
"RUSSELL,G",2
"SACHIDANANDAM,R",2
"SAIKI,RK",2
"SALZMAN,C",2
"SAMEROFF,A. J.",2
"SCHNEIDER,W",2
"SCHNURR,PAULA P.",2
"SCHUCKIT,MA",2
"SCHWARTZ,DA",2
"SCOTT,LINDA M.",2
"SEAL,KAREN H.",2
"SEVERSON,JA",2
"SHAPIRO,SS",2
"SHAW,G",2
"SHEARD,MH",2
"SHELINE,YI",2
"SHIFMAN,S",2
"SIGMUNDSSON,T",2
"SMITH,JM",2
"SMITH,MA",2
"SMITH,SM",2
"SNOWDON,DA",2
"SPENCER,T",2
"SPORNS,O",2
"STEIMLE,V",2
"STERN,CE",2
"STERNBERGER,LA",2
"STEWART,WF",2
"STRAUB,RE",2
"SUDHOF,TC",2
"TALLON-BAUDRY,C",2
"TANZI,RE",2
"TARDIFF,K",2
"TARLOV,AR",2
"TEASDALE,G",2
"TENG,EL",2
"TERI,L",2
"TESSIERLAVIGNE,M",2
"TISSENBAUM,HA",2
"TOWNSEND,A",2
"TRAN,PV",2
"TREASURE,CB",2
"TRIFUNOVIC,A",2
"TULVING,E",2
"TURKELTAUB,PE",2
"UNGERLEIDER,LESLIE G.",2
"UNGERSTEDT,U",2
"VALAGUSSA,F",2
"VAN DE WERF,F",2
"VAN OS,J",2
"VAN PRAAG,H",2
"VANDERSCHUREN,LJMJ",2
"VAUGHAN,CJ",2
"VAUGHN,CE",2
"VENABLES,PH",2
"VENTER,JC",2
"VOLPICELLI,JR",2
"WADDEN,TA",2
"WALD,N",2
"WALSH,TOM",2
"WANG,GJ",2
"WANG,PS",2
"WATKINS,JC",2
"WECHSLER,H",2
"WEST,MJ",2
"WITTHUHN,BA",2
"WOERNER,MG",2
"WOODS,SW",2
"YUAN,JY",2
"ZAMMIT,S",2
"ZEKI,S",2
"ZHANG,J",2
"ZHAO,RX",2
"ZHOU,T",2
"ZIETKIEWICZ,E",2
"ZOLAMORGAN,S",2
"ZUCKER,RS",2
"ABEL,ED",1
"ABEL,T",1
"ABOITIZ,F",1
"ABRAHAM,RT",1
"ABRAHAM,WT",1
"ACHARD,S",1
"ACHENBACH,TM",1
"ADAMS,F",1
"ADAMS,JH",1
"ADAMSON,JW",1
"ADDINGTON,D",1
"ADLER,LE",1
"AGID,O",1
"AGRESTI,A",1
"AHIMA,RS",1
"AKIL,H",1
"AL-HAJJ,M",1
"ALBERT,CM",1
"ALBERT,R",1
"ALBERTI,W",1
"ALBIN,RL",1
"ALESSI,DR",1
"ALHO,K",1
"ALLAIN,CC",1
"ALLAN,AM",1
"ALLEBECK,P",1
"ALONSO,A",1
"ALTMAN,DG",1
"ALTMAN,J",1
"ALTMAN,R",1
"ALVAREZ,I",1
"ALZHEIMER,A.",1
"AMERY,A",1
"AMES,BN",1
"AMES,GFL",1
"ANAND,IS",1
"ANDA,RF",1
"ANDERSON,GL",1
"ANDERSON,JR",1
"ANDERSON,S",1
"ANDERSON,TJ",1
"ANDRONE,AS",1
"ANFINSEN,CB",1
"ANGEL,P",1
"ANTONIOLI,E",1
"ARMSTRONG,DM",1
"ARTIGAS,F",1
"ARVANITIS,LA",1
"ASBERG,M",1
"ASHKENAZI,A",1
"ASHWORTH,B",1
"AUFFRAY,C",1
"AVERY,OSWALD T.",1
"AVIV,H",1
"BAASTRUP,PC",1
"BABB,TL",1
"BABOR,TF",1
"BADDELEY,A",1
"BADNER,JA",1
"BAIGENT,C",1
"BAILEY,A",1
"BAIN,G",1
"BAIN,J",1
"BAKER,GA",1
"BAKER,SP",1
"BALDWIN,BG",1
"BALEYDIER,C",1
"BANDETTINI,PA",1
"BANDINI,LG",1
"BANG,HO",1
"BANNON,MJ",1
"BAREFOOT,JC",1
"BARKER,AJ",1
"BARKER,AT",1
"BARNHAM,KJ",1
"BARRAT,A",1
"BARSKY,AJ",1
"BARTELS,SJ",1
"BARTH,J",1
"BARTKO,G",1
"BARTON,B.A.",1
"BARTUS,RT",1
"BASFORD,JR",1
"BAUMAN,M",1
"BAXTER,CV",1
"BECKMANN,CF",1
"BEEKMAN,ATF",1
"BEGG,C",1
"BEGG,CB",1
"BELLER,SA",1
"BELSKY,J",1
"BENABID,AL",1
"BENCE,NF",1
"BENCH,CJ",1
"BENTLER,PM",1
"BERELOWITZ,M",1
"BERG,ESTA A.",1
"BERG,L",1
"BERGER,H",1
"BERGNER,M",1
"BERKMAN,LF",1
"BERLETT,BS",1
"BERNSTEIN,EM",1
"BERTRAM,JS",1
"BESARAB,A",1
"BHUTTA,AT",1
"BIEN,TH",1
"BILLARD,W",1
"BILLINGHAM,ME",1
"BILLINGS,LM",1
"BINDER,JR",1
"BIRKEN,DL",1
"BISHOP,JM",1
"BJORDAL,JM",1
"BLAKE,D. D.",1
"BLALOCK,JE",1
"BLANCHARD,EB",1
"BLAND,JM",1
"BLASCO,MA",1
"BLAZER,DG",1
"BLEICH,A",1
"BLIER,P",1
"BLIESE,PAUL D.",1
"BLOCK,J",1
"BLUME-JENSEN,P",1
"BODENHEIMER,T",1
"BODISWOLLNER,I",1
"BODNAR,AG",1
"BOGUSKI,MS",1
"BOITEUX,S",1
"BOLTON,P",1
"BOND,C",1
"BOND,GR",1
"BONOMI,P",1
"BOTTAZZO,GF",1
"BOTVINICK,M",1
"BOUTIN-GANACHE,I",1
"BOUTON,ME",1
"BOWLBY,J.",1
"BOYD,JH",1
"BRAAK,H",1
"BRADFORD,MM",1
"BRADLEY,MM",1
"BRADSHAW,HD",1
"BRANDON,NJ",1
"BRANDT,J",1
"BRAVER,TS",1
"BRAZEAU,P",1
"BREDESEN,DE",1
"BREEN,AP",1
"BREITMAN,TR",1
"BREITMEYER,BG",1
"BREMER,B",1
"BREMNER,JD",1
"BRETTJONES,J",1
"BREWIN,CR",1
"BRICKMAN,P.",1
"BRISTOW,MR",1
"BROOKS,BR",1
"BROOKS,N",1
"BROWN,DR",1
"BROWN,G",1
"BROWN,J",1
"BROWN,JP",1
"BROWN,MS",1
"BROWN,RD",1
"BROWN,S",1
"BROWSE,J",1
"BRUCE,CJ",1
"BRUCE,ML",1
"BRUNER,SD",1
"BRUNING,JC",1
"BRUNNER,HG",1
"BRUSTLE,O",1
"BRUUN,RD",1
"BUCHSBAUM,MS",1
"BURGE,C",1
"BURGESS,PW",1
"BURKE,RE",1
"BUS,JS",1
"BUSH,G",1
"BUSSLINGER,M",1
"BYMASTER,FP",1
"CABELLO,FC",1
"CAIRNS,P",1
"CALDJI,C",1
"CALLE,EE",1
"CAMIENER,GW",1
"CANTLEY,LC",1
"CARDNO,AG",1
"CARLEN,PL",1
"CARLOS,TM",1
"CARLSON,SE",1
"CAROFF,SN",1
"CARROLL,BJ",1
"CARSON,KENNETH R.",1
"CASES,O",1
"CASEY,DE",1
"CASEY,PJ",1
"CASTANEDA,C",1
"CASTELL,JV",1
"CASTELLI,WP",1
"CATERINA,MJ",1
"CELERMAJER,DS",1
"CELLA,DF",1
"CERUTTI,PA",1
"CHADWICK,PDJ",1
"CHAKKO,S",1
"CHALDER,T",1
"CHAMBERS,JQ",1
"CHAMBERS,WJ",1
"CHAMBLESS,DL",1
"CHAMBON,PIERRE",1
"CHAMPION,HR",1
"CHANG,LT",1
"CHANG,TSUNG-CHENG",1
"CHAPMAN,J",1
"CHARLSON,ME",1
"CHASE,MR",1
"CHASE,MW",1
"CHEN,C",1
"CHEN,CZ",1
"CHEN,MS",1
"CHEN,ZY",1
"CHERNY,RA",1
"CHEUNG,WY",1
"CHI,JG",1
"CHIORAZZI,N",1
"CHIOU,CF",1
"CHOMCZYNSKI,P",1
"CHUBB,J. E.",1
"CICCHETTI,DV",1
"CICERONE,KD",1
"CLANCY,DJ",1
"CLARK,DO",1
"CLARK,LA",1
"CLARKE,HF",1
"CLARKE,S",1
"CLARKSON,TW",1
"CLAYTON,DG",1
"CLEELAND,C. S.",1
"CLEEMAN,JI",1
"CLERC,GE",1
"CLOUGH,SJ",1
"CNAAN,A",1
"COCKCROFT,DW",1
"COHEN,JT",1
"COHEN,WJ",1
"COHEN-MANSFIELD,J.",1
"COLE,JWL",1
"COLE,SPC",1
"COLEMAN,ERIC A.",1
"COLERICK,EJ",1
"COLLINGRIDGE,GL",1
"COLLINS,DL",1
"COLWELL,RK",1
"COMINGS,DE",1
"COMREY,AL",1
"CONN,PJ",1
"CONNOLLY,HM",1
"CONNORS,AF",1
"CONWAY,J",1
"COOPER,Z",1
"CORESH,J",1
"CORRELL,CU",1
"COULONDRE,C",1
"COURCHESNE,E",1
"COUSSENS,LM",1
"COUTINHO,M",1
"COWAN,WM",1
"COWDRY,RW",1
"COX,ANGELA",1
"CRADDOCK,N",1
"CRAIG,PETER",1
"CRAIG,TJ",1
"CRAMER,JA",1
"CRAWFORD,TJ",1
"CREAGER,MA",1
"CRITCHLEY,HD",1
"CROOG,SH",1
"CROOK,T.",1
"CROWDER,M",1
"CUNNINGHAM,CW",1
"CUTTER,GR",1
"CUZICK,J",1
"CZOBOR,P",1
"DAHLOF,B",1
"DALTON,WS",1
"DANDONA,P",1
"DANIAL,NN",1
"DANNHARDT,G",1
"DANTZER,ROBERT",1
"DARCANGELO,G",1
"DARNELL,JE",1
"DARNERUD,PO",1
"DATTA,SR",1
"DAUB,H",1
"DAVID,A",1
"DAVIES,MJ",1
"DAVIS,CS",1
"DAVIS,LM",1
"DAVIS,RJ",1
"DAVIS,T C",1
"DAWSON,TM",1
"DAWSON,VL",1
"DE GROOT,M",1
"DE LORGERIL,M",1
"DE WIT,CA",1
"DEFRONZO,RA",1
"DELANEROLLE,NC",1
"DELEON,J",1
"DELISI,LE",1
"DELLAPORTA,SL",1
"DEMETRI,GD",1
"DEMEURISSE,G",1
"DENG,CX",1
"DENG,WP",1
"DENNIS JR,G.",1
"DEPUE,RA",1
"DEROGATIS,LR",1
"DESCLIN,JC",1
"DESPOSITO,M",1
"DETHE,H",1
"DEUTCH,AY",1
"DEVEREUX,J",1
"DEVESA,SS",1
"DEVINE,PG",1
"DEVINSKY,O",1
"DI MARZO,V",1
"DIAMOND,MS",1
"DIAS,R",1
"DIENER,E",1
"DIERYNCK,I",1
"DIGGLE,PJ",1
"DIGIOVANNA,JJ",1
"DIKMEN,S",1
"DIMRI,GP",1
"DINARELLO,CA",1
"DOBBING,J",1
"DOBLE,BW",1
"DOHRENWEND,BP",1
"DONAHUE,RP",1
"DOWNEY,G",1
"DREWE E A",1
"DRIES,DL",1
"DROGE,W",1
"DUAN,JB",1
"DUBOVSKY,SL",1
"DUMOLINLAPEGUE,S",1
"DUNCAN,J",1
"DUSTIN,ML",1
"DUVAL,S",1
"DWORKIN,ROBERT H.",1
"DWORKIN,SAMUEL F.",1
"EBSTEIN,RP",1
"EDELBROCK,C",1
"EDENBERG,HJ",1
"EDWARDS,A",1
"EDWARDS,AO",1
"EDWARDS,G",1
"EDWARDS,KJ",1
"EGASHIRA,K",1
"EGUILUZ,VM",1
"EICHENBAUM,H.",1
"EISEN,SA",1
"EISENBERG,D",1
"ELCHEBLY,M",1
"ELROUBY,S",1
"ERLANDER,MG",1
"ESLINGER,PJ",1
"EVANS,WE",1
"EXCOFFIER,L",1
"EXCOFFIER,LAURENT",1
"EXTERMANN,M",1
"EZEKOWITZ,JA",1
"EZZATI,M",1
"FAIRBURN,CG",1
"FAIRBURN,CHRISTOPHER G.",1
"FALANGA,A",1
"FALCK,B",1
"FALCONER,DS",1
"FALK,E",1
"FAN,W",1
"FANSELOW,MS",1
"FARAONE,STEPHEN V",1
"FAROOQI,IS",1
"FAVA,M",1
"FAVATA,MF",1
"FAWCETT,J",1
"FEAGAN,BG",1
"FEARON,ER",1
"FEHR,E",1
"FELDT,L. S.",1
"FENAUX,P",1
"FENG,DF",1
"FERRANS,CE",1
"FERRARA,N",1
"FIELDS,S",1
"FILE,SE",1
"FINKELHOR,D",1
"FINLAY,BJ",1
"FLEGAL,KATHERINE M.",1
"FLEMING,MF",1
"FLURKEY,K",1
"FOLSTEIN,S",1
"FONTAINE,R",1
"FORD,DE",1
"FORRESTER,JS",1
"FORSTER,AJ",1
"FORT,P",1
"FOSTER,S",1
"FOWLER,IL",1
"FOWLES,DC",1
"FRACKOWIAK,RSJ",1
"FRAME,S",1
"FRAYLING,TIMOTHY M.",1
"FREUND,TF",1
"FREZZA,M",1
"FRIDOVICH,I",1
"FRIES,P",1
"FRISTAD,MA",1
"FRISTON,K.",1
"FRITSCHY,JM",1
"FROHMAN,MA",1
"FU,YX",1
"FUGLMEYER,AR",1
"FUHRMAN,JA",1
"FUKUOKA,M",1
"FULTON,TM",1
"FUSTER,JM",1
"GABAY,C",1
"GABRIEL,SB",1
"GAEDE,P",1
"GAGE,FH",1
"GAIDANO,G",1
"GAJDUSEK,DC",1
"GALASKO,D",1
"GALLAGHER,HL",1
"GANDEK,B",1
"GANGULI,R",1
"GARATTINI,S",1
"GARETY,PA",1
"GARG,SK",1
"GARROW,JS",1
"GARTHWAITE,J",1
"GAVIN,AC",1
"GAWIN,FH",1
"GE,SY",1
"GEDDES,JR",1
"GEHAN,EA",1
"GELDERS,YG",1
"GENNARELLI,TA",1
"GEORGE,JM",1
"GEORGOPOULOS,AP",1
"GERRITY,RG",1
"GHAEMMAGHAMI,S",1
"GHALI,JK",1
"GIANNINI,AJ",1
"GIBBONS,J. WHITFIELD",1
"GIBBONS,RD",1
"GIBBS,RA",1
"GIGUERE,V",1
"GIJSMAN,HJ",1
"GILL,JS",1
"GILLBERG,C",1
"GITTELMANKLEIN,R",1
"GLANTZ,LA",1
"GLASS,CK",1
"GO,AS",1
"GODIN,G",1
"GOETZ,CG",1
"GOLDBERG,DP",1
"GOLDBERG,G",1
"GOLDGABER,D",1
"GOLDMAN,LS",1
"GOLDMAN-RAKIC,PS",1
"GOLDSTEIN,MJ",1
"GOLOMBOK,S",1
"GOLUB,TR",1
"GOODWIN,GM",1
"GORMAN,CM",1
"GORRE,ME",1
"GORTMAKER,SL",1
"GOUDET,J",1
"GRAHAM,F. K.",1
"GRAHAM,FK",1
"GRAHAM,FL",1
"GRAKOUI,A",1
"GRANDISON,L",1
"GRANDJEAN,P",1
"GRANDY,DK",1
"GRANT,BF",1
"GRATTAN,MT",1
"GRAY,CM",1
"GRAY,JA",1
"GRAYBIEL,AM",1
"GREENBERG,RN",1
"GREENBLATT,DJ",1
"GREENGARD,P",1
"GREENHOUSE,SW",1
"GREENWALD,AG",1
"GREGORY,RI",1
"GREIDER,CW",1
"GREIPP,PR",1
"GREIST,J",1
"GREIST,JH",1
"GRIGNANI,F",1
"GRIGORIEVA,V",1
"GRIZZLE,JE",1
"GROENEWEGEN,HJ",1
"GROSS,C",1
"GROTHUES,F",1
"GUADAGNOLI,E",1
"GUBLER,U",1
"GUDAS,LORRAINE J.",1
"GUILLARD,R. L.",1
"GUITTON,D",1
"GUNDERSON,JG",1
"GUNN,RN",1
"GUR,RE",1
"GURWITZ,JH",1
"GUSKIEWICZ,KM",1
"GUSNARD,DA",1
"GUSTAFSON,L",1
"GUZE,SB",1
"GYLLENSTEN,UB",1
"HABER,SN",1
"HACHINSKI,VC",1
"HAFFNER,SM",1
"HAGBERG,B",1
"HAGGER,C",1
"HAGIWARA,S",1
"HALACHMI,S",1
"HALL,G R",1
"HALL,H",1
"HALLGREN,B",1
"HAMBRECHT,M",1
"HAMILTON,DL",1
"HANAHAN,D",1
"HANDLEY,SL",1
"HANKS,SK",1
"HARE,RD",1
"HARKAVY FRIEDMAN,J",1
"HARLEY,CB",1
"HARRIS,WS",1
"HAUPT,Y",1
"HAWES,C",1
"HAWTHORNE,DJ",1
"HAWTON,K",1
"HAXBY,JV",1
"HAYWOOD,TW",1
"HE,L",1
"HE,LIN",1
"HEALEY,M.C.",1
"HEBERT,PR",1
"HEGARTY,JD",1
"HEIDELBERGER,C",1
"HEIMER,L",1
"HEINRICH,PC",1
"HEINZE,HJ",1
"HELENE,C",1
"HELLERSTEIN,D",1
"HEMINGWAY,H",1
"HENDERSON,RJ",1
"HENLE,G",1
"HENNEKENS,CH",1
"HENNEY,AM",1
"HENRIKSEN,EJ",1
"HENRIKSSON,MM",1
"HENSLEY,K",1
"HERBST,RS",1
"HERMAN,BH",1
"HILL,JO",1
"HILLEGE,HL",1
"HILLMEN,PETER",1
"HILLS,M",1
"HILLYARD,SA",1
"HINDAR,K",1
"HINSHAW,SP",1
"HIRATSUKA,J",1
"HIROSUMI,J",1
"HITES,RA",1
"HO,BC",1
"HO,Y",1
"HOCKENBERY,DM",1
"HODGKIN,AL",1
"HOEBEL,BG",1
"HOEHN,MM",1
"HOFFMAN,BB",1
"HOHLFELD,R",1
"HOKANSON,J E",1
"HOKFELT,T",1
"HOLLSTEIN,M",1
"HOLMBECK,GN",1
"HOLMES,A.",1
"HOLMES,GP",1
"HOLMES,WE",1
"HOLSBOER,F",1
"HOLZENBERGER,M",1
"HOMMEL,JONATHAN D.",1
"HOOD,EE",1
"HOPE,BT",1
"HOPKINS,AL",1
"HOPWOOD,P",1
"HORIKAWA,Y",1
"HORIO,M",1
"HOROWITZ,M",1
"HOTAMISLIGIL,GOEKHAN S.",1
"HOUNDFIELD,GN",1
"HOUSLAY,MD",1
"HOWLETT,AC",1
"HSU,IC",1
"HSU,SM",1
"HU,LI-TZE",1
"HU,XZ",1
"HUANG,ME",1
"HUANG,NE",1
"HUANG,SC",1
"HUBACHER,D",1
"HUBEL,DH",1
"HUBER,G",1
"HUBER,PJ",1
"HUELSENBECK,JP",1
"HUGHES,J",1
"HUGHES,JR",1
"HUH,WK",1
"HUNG,J",1
"HUNT,RD",1
"HUNT,SA",1
"HUNT,WA",1
"HURLEY,AC",1
"HURT,RD",1
"HUSZAR,D",1
"IAFRATE,AJ",1
"IAKOVOU,I",1
"IDLER,EL",1
"IMLAY,JA",1
"INOUE,A",1
"INSEL,TR",1
"IRANI,K",1
"ITO,M",1
"IVERSEN,PO",1
"IWATA,BA",1
"JAAKKOLA,P",1
"JACOBSON,ISABEL G.",1
"JACOBSON,JL",1
"JACOBSON,L",1
"JACOBSON,MD",1
"JACOBSON,N",1
"JAESCHKE,R",1
"JAMIESON,CHM",1
"JANUS,C",1
"JARRETT,JT",1
"JEFFERY,RW",1
"JEMAL,A",1
"JEMAL,AHMEDIN",1
"JOHANNESSEN,JO",1
"JOHE,KK",1
"JOHN,B",1
"JONES,CJ",1
"JONES,DK",1
"JONES,TA",1
"JONGSMA,MA",1
"JONIDES,J",1
"JOPE,RS",1
"JORENBY,DE",1
"JORM,AF",1
"JOYAL,CC",1
"JULIUSSON,G",1
"JUMP,DB",1
"JUNG,SH",1
"JUNGINGER,J",1
"JUST,MA",1
"KAGAN,J",1
"KAHNEMAN,D.",1
"KAMEI,Y",1
"KANDEL,DB",1
"KANE,JA",1
"KANNER A D",1
"KAPPOS,L",1
"KAPTOGE,STEPHEN",1
"KARIN,M",1
"KARNOFSKY,DA",1
"KASAI,H",1
"KASTNER,P",1
"KATADA,T",1
"KATZ,S",1
"KAUL,S",1
"KAVANAGH,DJ",1
"KAWANO,M",1
"KAY S R",1
"KAYMAN,S",1
"KEANE,TM",1
"KEENAN,PATRICIA S.",1
"KELLEY,AE",1
"KELLY,PH",1
"KERNS,JG",1
"KETY,SS",1
"KIMMEL,JR",1
"KIMURA,KD",1
"KIMURA,M",1
"KINNIER WILSON,SA",1
"KINSELLA,JE",1
"KINZLER,KW",1
"KISH,SJ",1
"KISSEBAH,AH",1
"KITAGUCHI,N",1
"KLAMAN,LD",1
"KLAWANS,HL",1
"KLEIN,BEK",1
"KLEIN,PS",1
"KLEIN,U",1
"KLERMAN,GL",1
"KLIEWER,SA",1
"KLINGMULLER,U",1
"KLUG,MG",1
"KNESEVICH,JW",1
"KNIGHTON,DR",1
"KOBASHIGAWA,J",1
"KOCHER,TD",1
"KOJIMA,M",1
"KONIG,A",1
"KOPIN,IJ",1
"KORSTEN,MA",1
"KOSAMBI,D. D.",1
"KOSFELD,M",1
"KOSHLAND,DE",1
"KOSTOVIC,I",1
"KOVACS,M",1
"KOVELMAN,JA",1
"KRALOVICS,ROBERT",1
"KRAMER,FM",1
"KREK,A",1
"KRIEGER,N",1
"KRINGELBACH,ML",1
"KRIS,MG",1
"KRISTENSEN,P",1
"KROEMER,G",1
"KROMHOUT,D",1
"KRUGER,R",1
"KRUMHOLZ,HARLAN M.",1
"KRUMHOLZ,HM",1
"KRUPP,LB",1
"KUBES,P",1
"KUBICKI,MAREK",1
"KUMAR,RAVINESH A.",1
"KUNTZ,ID",1
"KUPFER,DJ",1
"LACHAUX,JP",1
"LACHIN,JM",1
"LACRO,JP",1
"LAHAV,G",1
"LAIRD,AR",1
"LAIRD,NM",1
"LAIRD,PW",1
"LAMBETH,JD",1
"LAMME,VAF",1
"LAMMERTSMA,AA",1
"LANDGRAF,PABLO",1
"LANDOLFI,R",1
"LANG,A. E.",1
"LANGER,CJ",1
"LASSER,RA",1
"LATORA,V",1
"LAUFS,U",1
"LAURITZEN,L",1
"LEBOVITZ,RM",1
"LECHAT,P",1
"LEDENT,C",1
"LEE,DK",1
"LEE,R",1
"LEE,T",1
"LEE,YP",1
"LEES,AJ",1
"LEFF,J",1
"LEHRACH,H",1
"LEMAY,LG",1
"LEMOAL,M",1
"LENDAHL,U",1
"LEON,AC",1
"LEONARD,HL",1
"LEPORRIER,M",1
"LERNER,Y",1
"LEVESQUE,J",1
"LEVEY,ANDREW S.",1
"LEVEY,AS",1
"LEVIMONTALCINI,R",1
"LEVIN,HS",1
"LEVINE,B",1
"LEVINE,JA",1
"LEVY,DL",1
"LEVYLAHAD,E",1
"LEWIS,AUBREY",1
"LEWIS,BP",1
"LEWIS,EB",1
"LI,C",1
"LI,DKB",1
"LI,TK",1
"LIBERMAN,AM",1
"LIDBERG,L",1
"LIMOUSIN,P",1
"LIN,J",1
"LIN,JD",1
"LIN,RJ",1
"LINDBERG,R",1
"LINDVALL,O",1
"LINEHAN,MM",1
"LINK,BG",1
"LIPSHUTZ,RJ",1
"LIPTON,R. B.",1
"LISSNER,L",1
"LISTER,RG",1
"LIU,D",1
"LIU,GH",1
"LIU,H",1
"LJUNGBERG,T",1
"LJUNGDAHL,A",1
"LLEDO,PM",1
"LLINAS,R",1
"LOCKHART,DJ",1
"LOIS,C",1
"LOKE,SL",1
"LONZE,BE",1
"LORANGER,AW",1
"LOTAN,R",1
"LOWE,B",1
"LOWE,MJ",1
"LUBLIN,FD",1
"LUBORSKY,L",1
"LUDMER,PL",1
"LUGO,TG",1
"LUNDEBJERG,N",1
"LUSKIN,MB",1
"LUSTMAN,PJ",1
"LYLE,RC",1
"LYONS,WE",1
"MACASKILL,P",1
"MACCOBY,E. E.",1
"MACDONALD,AW",1
"MACDONALD,RL",1
"MACDOUGALL,IC",1
"MACH,F",1
"MACK,RN",1
"MACKENZIE,SJ",1
"MACKMAN,N",1
"MACLEOD,CM",1
"MADDEN,DJ",1
"MADDISON,WP",1
"MAEDA,K",1
"MAHAFFEY,KR",1
"MAISEL,AS",1
"MAJEWSKA,MD",1
"MAKEIG,S",1
"MALBERG,JE",1
"MALENKA,RC",1
"MANCIA,G",1
"MANCINI,DM",1
"MANGELSDORF,DAVID J.",1
"MANN,DL",1
"MANNING,G",1
"MANNUZZA,S",1
"MANSOUR,SL",1
"MARANGOS,PJ",1
"MARCHUK,D",1
"MARGERIS.JH",1
"MARGULIES,M",1
"MARKESBERY,WR",1
"MARKOU,A",1
"MARKS,PA",1
"MARKUS,H",1
"MARON,DM",1
"MAROTEAUX,L",1
"MARSHALL,SJ",1
"MARSICANO,G",1
"MARTON,MJ",1
"MASON,GJ",1
"MASTEN,AS",1
"MATHIOWETZ,V",1
"MATSUMOTO,T",1
"MATTHAY,KK",1
"MATTHES,HWD",1
"MATTHEWS,JNS",1
"MAZZIOTTA,JC",1
"MCALLISTER,AK",1
"MCBRIDE,WJ",1
"MCCAULEY,DE",1
"MCCREA,M",1
"MCCULLAGH,P",1
"MCDONALD,CJ",1
"MCDONALD,TA",1
"MCELROY,SL",1
"MCEVER,RP",1
"MCGEER,PL",1
"MCGINNITY,P",1
"MCGLYNN,SM",1
"MCGUFFIN,P",1
"MCKEE,PA",1
"MCKHANN,GM",1
"MCKINLAY,WW",1
"MCLAUGHLIN,P",1
"MCLEAN,IW",1
"MEDLIN,L",1
"MEGA,MS",1
"MEHTA,SR",1
"MELLE,I",1
"MELLINGER,GD",1
"MELTON,DA",1
"MENDOLA,JD",1
"MERIKANGAS,KR",1
"MERLO,A",1
"MESTER,E",1
"MEYER,TJ",1
"MEYERS,EN",1
"MIKI,T",1
"MIKLOWITZ,DJ",1
"MILLER,AB",1
"MILLER,BL",1
"MILLER,DH",1
"MILLER,ER",1
"MILLER,GA",1
"MILLER,VT",1
"MILLIKEN,CHARLES S.",1
"MILNER,B.",1
"MINEKA,S",1
"MING,GL",1
"MINK,JW",1
"MINOTTI,G",1
"MINTUN,MA",1
"MINTZ,GS",1
"MINTZ,J",1
"MISHIMA,K",1
"MISHKIN,M",1
"MITSIOPOULOS,N",1
"MIYAKE,A",1
"MIYOSHI,K",1
"MODELL,J G",1
"MODELL,JG",1
"MOELLER,FG",1
"MOFFIC,HS",1
"MOHAMMADI,M",1
"MOHLER,H",1
"MOLLER,IM",1
"MONKS,A",1
"MONOD,J",1
"MONTAGUE,LR",1
"MONTGOMERY,KC",1
"MOOBERRY,SL",1
"MOORE,NA",1
"MOORE,SS",1
"MORGAN,D",1
"MORICE,M",1
"MORLEY,JE",1
"MORLEY,M",1
"MORRIS,R",1
"MORTON,G. J.",1
"MOSES,JW",1
"MOSSEY,JM",1
"MOYER,K. E.",1
"MUGNAINI,E.",1
"MUHLETHALERMOTTET,A",1
"MULDOON,MF",1
"MULLBERG,J",1
"MULVEY,EP",1
"MUNCK,A",1
"MUNDY,G",1
"MURAKAMI,K",1
"MURPHY,JM",1
"MURRY,CE",1
"MUST,A",1
"MYERS,GJ",1
"MYERS,N",1
"MYNORSWALLIS,LM",1
"NAGATA,H",1
"NAJEAN,Y",1
"NAKAZATO,M",1
"NASON,JD",1
"NATHAN,C",1
"NAUTA,WJH",1
"NAVON,D",1
"NAWROZ,H",1
"NAYLOR,MD",1
"NAYLOR,SL",1
"NEBORSKY,R",1
"NEIRINCKX,RD",1
"NELSON,MIRIAM E.",1
"NEWCOMER,JW",1
"NEWTON,AC",1
"NICOLAS,JM",1
"NIEDERREITHER,K",1
"NIELSEN,AC",1
"NIELSEN,DA",1
"NIGRO,JM",1
"NIMMERJAHN,A",1
"NISHIZUKA,Y",1
"NITZAN,DW",1
"NOBORI,T",1
"NORCIA,AM",1
"NORMAN,RMG",1
"NORRIS,AT",1
"NOWELL,PC",1
"NUMBERGER JR,J. I.",1
"NURNBERGER,JI",1
"NUSSMEIER,NA",1
"O'DONNELL,JM",1
"OBRIEN,RG",1
"ODDY,M",1
"OFFORD,DR",1
"OHARA,Y",1
"OHTA,M",1
"OKEN,E",1
"OKEN,MM",1
"OLDS,J",1
"OLESEN,J",1
"OLTON,DS",1
"OLWEUS,D",1
"OMENN,GS",1
"OMMAYA,AK",1
"ONGUR,D",1
"ORNITZ,DM",1
"OSBY,U",1
"OSHIMA,M",1
"OSTERBERG,L",1
"OSTERBORG,A",1
"OSTERHAUS,JT",1
"OWEN,RR",1
"OWENS,DGC",1
"OZCAN,U",1
"PAECH,K",1
"PAFFENBARGER,RS",1
"PAHAN,K",1
"PAKKENBERG,B",1
"PALMER,AG",1
"PALMER,BA",1
"PALMER,TD",1
"PALUMBI,SR",1
"PANDE,AC",1
"PANKSEPP,J",1
"PARDANANI,ANIMESH D.",1
"PARENT,A",1
"PARIANTE,CM",1
"PARK,S",1
"PARKER,G",1
"PARKES,TL",1
"PARKIN,DM",1
"PASCUALLEONE,A",1
"PASTAN,I",1
"PASTORINO,U",1
"PATLAK,CS",1
"PATTI,ME",1
"PATTISON,EM",1
"PAULS,DL",1
"PAULY,D",1
"PAVLOU,KN",1
"PAVOT,W.",1
"PAWSON,T",1
"PEARSON,G",1
"PEARSON,TA",1
"PECK,GL",1
"PEICHEL,CL",1
"PENNEY,JB",1
"PENNINGTON,BF",1
"PERKINS,DO",1
"PERLSTEIN,WM",1
"PERNEGER,TV",1
"PERRET,E",1
"PERRIN,F",1
"PETERS,JL",1
"PETKOVICH,M",1
"PETROVIC,P",1
"PETTERSO.U",1
"PHIEL,CJ",1
"PIAZZA,PV",1
"PICARD,F",1
"PICKERING,TG",1
"PICKUP,JC",1
"PIGNONE,MP",1
"PIKMAN,YANA",1
"PLINER,P",1
"POHJALAINEN,T",1
"POHORECKY,LA",1
"POKORNY,AD",1
"POLLMACHER,T",1
"PONS,O",1
"PONTE,P",1
"PONTIERI,FE",1
"PORIES,WJ",1
"POSER,CM",1
"PRENTICE,AM",1
"PRENTICE,RL",1
"PRESGRAVES,DC",1
"PRICHARD,J",1
"PRITCHARD,JK",1
"PRITCHETT,DB",1
"PULVER,AE",1
"PYORALA,K",1
"QIAN,Z",1
"QUESADA,JR",1
"RABINS,PV",1
"RADOMSKY,ED",1
"RAISON,CL",1
"RAND,DM",1
"RAO,SM",1
"RAPAPORT,MH",1
"RAPOPORT,JL",1
"RAPPAPORT,M",1
"RAPRAEGER,AC",1
"RASMUSSE.H",1
"RASSENTI,LZ",1
"RAVASZ,E",1
"RAVEN,PH",1
"RAVER-SHAPIRA,NINA",1
"RAVUSSIN,E",1
"REBEIZ,JJ",1
"REBOUD,X",1
"REDON,RICHARD",1
"REESE,TG",1
"REICHLIN,S",1
"REID,L D",1
"REIFLER,BV",1
"REINER,O",1
"REISS,AL",1
"REISS,Y",1
"RENAULT,PF",1
"RESCHKE,RW",1
"RESCORLA,R. A.",1
"RESNICK,HS",1
"REUBINOFF,BE",1
"REY,ANDRE",1
"REYA,T",1
"RICH,CL",1
"RICHTER,C",1
"RIDDERINKHOF,KR",1
"RIEDER,MJ",1
"RIEK,R",1
"RIESEBERG,LH",1
"RIKLI,RE",1
"RILEY,DE",1
"RIO,C",1
"RIOS,M",1
"RISCH,NEIL",1
"RISKIND,JH",1
"RIZZOLATTI,G",1
"ROBINSON,DG",1
"ROBINSON,TE",1
"ROCHON,J",1
"RODBELL,M",1
"RODRIGUEZ,E",1
"ROELFSEMA,PR",1
"ROGAEV,EI",1
"ROGERS,J",1
"ROMAN,GC",1
"RON,DAVID",1
"RONINSON,IB",1
"RONQUIST,F",1
"ROOSENBURG,WILLEM M.",1
"ROOSENBURG,WM",1
"ROSAMOND,WAYNE",1
"ROSE,GA",1
"ROSENHECK,R",1
"ROSENWALD,A",1
"ROSES,AD",1
"ROSSMANN,M.G.",1
"ROTER,DL",1
"ROTH,BL",1
"ROTH,WT",1
"ROTHMAN,JE",1
"ROTHMAN,SM",1
"ROUGHAN,PG",1
"ROUNSAVILLE,BJ",1
"ROUSSET,F",1
"ROWE,JW",1
"ROWLEY,JD",1
"ROY,A",1
"ROZEN,S",1
"ROZMAN,C",1
"RUBIN,DB",1
"RUDICK,R",1
"RUECKERT,D",1
"RUIZ,GM",1
"RULE,AD",1
"RUMELHART,DE",1
"RUSH,A. JOHN",1
"RYAN,MCM",1
"RYAN,ND",1
"SABOL,SZ",1
"SACKEIM,HA",1
"SAFER,DJ",1
"SAHA,S",1
"SAHA,SUKANTA",1
"SAINFORT,F",1
"SAKURAI,T",1
"SALMON,J",1
"SAMUELS,Y",1
"SANDLER,AB",1
"SANO,M",1
"SANT,MILENA",1
"SANZ,M",1
"SAPER,CB",1
"SAPOLSKY,R",1
"SARBASSOV,DD",1
"SARGENT,J",1
"SARGENT,JOHN R.",1
"SATLIN,A",1
"SATO,N",1
"SATTERTHWAITE,FE",1
"SAUDOU,F",1
"SAUNDERS,JB",1
"SAWA,A",1
"SAWYER,DT",1
"SAXENA,RICHA",1
"SCATCHARD,G",1
"SCHACHAR,R",1
"SCHAID,DJ",1
"SCHERF,U",1
"SCHILDKRAUT,JJ",1
"SCHILLER,JH",1
"SCHILLER,N B",1
"SCHINDLER,T",1
"SCHLOTTERER,C",1
"SCHMAHMANN,JD",1
"SCHMOLESKY,MT",1
"SCHNEIDER,B.S.",1
"SCHOPLER,E",1
"SCHOU,M",1
"SCHRATT,GM",1
"SCHREIBER,SL",1
"SCHROEDER,B",1
"SCHROEDER,CE",1
"SCHULER,GD",1
"SCHULER,W",1
"SCHULZ,R",1
"SCHWAB,RS",1
"SCHWARZ,G",1
"SCOTT,LAURA J.",1
"SCOTT,M",1
"SEBAT,JONATHAN",1
"SEBOLT-LEOPOLD,JS",1
"SEKINE,K",1
"SEMLER,G",1
"SETTE,C",1
"SHAFFER,JW",1
"SHAFII,M",1
"SHAH,NP",1
"SHAH,S",1
"SHAMBLOTT,MJ",1
"SHAPIRO-SHELEF,M",1
"SHARP,AJ",1
"SHARPE,MC",1
"SHATTIL,SJ",1
"SHAVELSON,RJ",1
"SHAYWITZ,BA",1
"SHEN,DW",1
"SHERR,CJ",1
"SHERRINGTON,R",1
"SHI,YG",1
"SHIBUTANI,S",1
"SHIGENAGA,MK",1
"SHIMAMURA,AP",1
"SHIMODAIRA,H",1
"SHINTANI,D",1
"SIBLEY,DR",1
"SIGAL,RONALD J.",1
"SILVERMAN,S",1
"SILVERSTEIN,AB",1
"SIMEL,DL",1
"SIMMONS,MP",1
"SIMON,C",1
"SIMON,JH",1
"SIMON,R",1
"SIMOPOULOS,AP",1
"SINK,KM",1
"SKINNER,HA",1
"SLATER,E",1
"SMIT,JJM",1
"SMITH,CD",1
"SMITH,EE",1
"SMITH,SC",1
"SMITH,STEPHEN M.",1
"SMITH,TYLER C.",1
"SNIDER,WD",1
"SNODGRASS,JG",1
"SOKAL,ROBERT R.",1
"SOLLNER,T",1
"SONG,SK",1
"SOUTHERN,EM",1
"SOVNER,R",1
"SOWELL,ER",1
"SPEARING,MK",1
"SPEARMAN,C",1
"SPECTOR,S",1
"SPIKER,DG",1
"SPINKS,TJ",1
"SPINWEBER,CL",1
"SPIVAK,JL",1
"STADTMAN,ER",1
"STAFFA,JA",1
"STAHL,G",1
"STAHL,N",1
"STAM,CJ",1
"STAMPFER,MJ",1
"STARK,P",1
"STEARNE,MR",1
"STEELE,C",1
"STEENSMA,DP",1
"STEIGER,JH",1
"STEIN,LI",1
"STEJSKAL,EO",1
"STEPHAN,KLAAS E.",1
"STEPHENS,M",1
"STEPHENS,TW",1
"STERIADE,M",1
"STEVENSON,LW",1
"STEWART,JR",1
"STIRLING,J",1
"STOCKWELL,RG",1
"STOREY,JD",1
"STOVNER,L. J.",1
"STRANGER,BARBARA E.",1
"STRANGER,BE",1
"STRAUSS J S",1
"STREET,JS",1
"STREISSGUTH,AP",1
"STRICKLAND,S",1
"STRONG,WB",1
"STROUP,DF",1
"STROUP,TS",1
"STUART,MJ",1
"STUEHR,DJ",1
"STUNKARD,A",1
"SUKUMAR,S",1
"SUPPES,T",1
"SUZDAK,PD",1
"SWEARER,JM",1
"SWEDO,SE",1
"SZATMARI,PETER",1
"SZATROWSKI,TP",1
"TAJIMA,F",1
"TAKAHASHI,T",1
"TALPAZ,M",1
"TAN,CH",1
"TANAKA,H",1
"TANG,MX",1
"TANNOCK,R",1
"TARSY,D",1
"TARTAGLIA,M",1
"TATAR,M",1
"TAYLOR,EB",1
"TAYLOR,JA",1
"TAYLOR,SE",1
"TEFFERI,A",1
"TEFFERI,AYALEW",1
"TELENIUS,H",1
"TELLEGEN,A.",1
"TERPOGOSSIAN,MM",1
"THAKER G",1
"THASE,MICHAEL E.",1
"THIELE,CJ",1
"THIES,F",1
"THOENEN,H",1
"THOMAS,KR",1
"THOMPSON,PM",1
"THOMSEN,IV",1
"THOMSON,JA",1
"THULBORN,KR",1
"TIEDJE,JM",1
"TIETZE,F",1
"TOCHER,DR",1
"TORVIK,A",1
"TOTH,G",1
"TOWBIN,H",1
"TOYOKUNI,S",1
"TRAZZI,S",1
"TRIVEDI,MH",1
"TRIVERS,RL",1
"TROST,SG",1
"TRUELOVE,EL",1
"TRUYEN,L",1
"TSAI,MJ",1
"TSIRKA,SE",1
"TSUJII,M",1
"TUCKER,AD",1
"TURINI,ME",1
"TURNER,R",1
"TURNER,RC",1
"TUSHER,VG",1
"UEHATA,M",1
"UETZ,P",1
"ULLRICH,A",1
"UNO,H",1
"VAILLANT,GE",1
"VALKO,M",1
"VALKO,MARIAN",1
"VALLANCE,P",1
"VAN OOSTEROM,AT",1
"VAN WALDERVEEN,MAA",1
"VANDENBERGH,DJ",1
"VANDERGUGTEN,J",1
"VANESSEN,DC",1
"VANKAMMEN,DP",1
"VANSOMEREN,EJW",1
"VANSTRIEN,T",1
"VANZOMEREN,AH",1
"VASEY,MW",1
"VERCOULEN,JHMM",1
"VERHOEVEN,KJF",1
"VIVANCO,I",1
"VOKES,EE",1
"VON HOLST,H.",1
"VON KORFF,M",1
"VOOGD,J",1
"WAGMAN,AMI",1
"WAGNER,EH",1
"WAGNER,HN",1
"WALKER,AM",1
"WALKER,J",1
"WALLACE,P",1
"WANG,DG",1
"WANG,Z",1
"WARBURTON,DER",1
"WARNES,H",1
"WARRELL,RP",1
"WARREN,S",1
"WATANABE,T",1
"WATERSTON,RH",1
"WATKINS,LR",1
"WATSON,JD",1
"WATTEL,E",1
"WEI,LJ",1
"WEIDEN,PJ",1
"WEINBERGER,M",1
"WEINMAN,J",1
"WEINREB,PH",1
"WEINSTEIN,IB",1
"WEINSTEIN,JN",1
"WEIR,BS",1
"WEISBERG,SP",1
"WEISS,LAUREN A.",1
"WEISSENBACH,J",1
"WEITZ-SCHMIDT,G",1
"WELCH,BL",1
"WELLS,GAH",1
"WELLS,W M 3RD",1
"WELTI,R",1
"WEN,SW",1
"WENKE,K",1
"WETHERILL,GB",1
"WHITAKER,RC",1
"WHITE,L",1
"WHITE,MF",1
"WHITE,TJ",1
"WHITE,WB",1
"WICKNER,RB",1
"WIERSMA,D",1
"WILD,S",1
"WILLETT,W",1
"WILLETT,WC",1
"WILLIAMS,B",1
"WILLIAMS,JGK",1
"WILLIAMS,JMG",1
"WILSON,IB",1
"WILSON,MA",1
"WILSON,PWF",1
"WINCHEL,RM",1
"WING,J.K.",1
"WING,L",1
"WINN,DM",1
"WIRSHING,DA",1
"WOLANSKYJ,AP",1
"WOLKOW,CA",1
"WOLKOWITZ,OM",1
"WOOD,PD",1
"WOOD,ZA",1
"WOOLLEY,CS",1
"WOOLSEY,TA",1
"WORM,BORIS",1
"XIANG,CB",1
"XIAO,BL",1
"XU,HY",1
"YANAGISAWA,M",1
"YANG,JT",1
"YANOVSKI,S Z",1
"YARYURAT.JA",1
"YAYON,A",1
"YE,WL",1
"YE,XD",1
"YEARGIN-ALLSOPP,M",1
"YERKES,RM",1
"YEUNG,AC",1
"YOUNG,WS",1
"YU,JY",1
"YU,W",1
"ZAMBONI,L",1
"ZAMVIL,SS",1
"ZEGER,SL",1
"ZEIHER,AM",1
"ZHANG,HT",1
"ZHAO,CHUNMEI",1
"ZHAO,LP",1
"ZHOU,DH",1
"ZILBERG,NJ",1
"ZIMBROFF,DL",1
"ZIMMERMAN,M",1
"ZIPURSKY,RB",1
"ZISOOK,S",1
