"WEINBERGER,DR","3085"
"BILDER,R","2813"
"ANDREASEN,NC","2601"
"GREEN,MF","2520"
"SAYKIN,AJ","132"
"EGAN,MF","130"
"CROW,TJ","99"
"KAY,SR","99"
"SHENTON,ME","98"
"ENDICOTT,J","92"
"OVERALL,JE","83"
"CASPI,A","79"
"MELTZER,HY","79"
"OLNEY,JW","77"
"BOGERTS,B","75"
"SUDDATH,RL","75"
"HEINRICHS,RW","74"
"BILDER,RM","72"
"JAVITT,DC","64"
"LIDDLE,PF","57"
"NUECHTERLEIN,KH","56"
"KANE,J","54"
"HARIRI,AR","53"
"HARRISON,PJ","53"
"SQUIRE,LR","53"
"JOHNSTONE,EC","51"
"LIEBERMAN,JA","51"
"WILLIAMS,GV","51"
"GOTTESMAN,II","49"
"GOLDMANRAKIC,PS","47"
"SPITZER,RL","47"
"SCHULTZ,W","45"
"HAMILTON,M","41"
"PHILLIPS,ML","39"
"ALEXANDER,GE","38"
"BRAFF,DL","38"
"GRACE,AA","38"
"BREIER,A","37"
"KEEFE,RSE","37"
"KRYSTAL,JH","37"
"SEEMAN,P","37"
"BENES,FM","36"
"CARLSSON,A","35"
"LACHMAN,HM","35"
"POSNER,MI","35"
"CARPENTER,WT","34"
"SAWAGUCHI,T","34"
"HEINRICHS,DW","33"
"KESSLER,RC","33"
"MARDER,SR","33"
"SAPOLSKY,RM","33"
"BARTA,PE","32"
"GOLDBERG,TE","32"
"CREESE,I","31"
"DAVIS,KL","31"
"FARDE,L","30"
"FREEDMAN,R","30"
"WRIGHT,IC","30"
"DREVETS,WC","29"
"COHEN,JD","28"
"GOLDMAN-RAKIC,P. S.","28"
"LEUCHT,S","28"
"MCGORRY,PD","28"
"MESULAM,MM","28"
"MOGHADDAM,B","28"
"ADOLPHS,R","27"
"KAPUR,S","27"
"LARUELLE,M","27"
"MCEWEN,BS","27"
"STRAUSS,JS","27"
"YUNG,AR","27"
"FUNAHASHI,S","26"
"STEFANSSON,H","26"
"FOLSTEIN,MF","25"
"HUTTENLOCHER,PR","25"
"JONES,P","25"
"BREMNER,JD","24"
"DAVIS,JM","24"
"LOEBEL,AD","24"
"SIMPSON,G M","24"
"BROWN,R","23"
"FRANK,E","23"
"FRISTON,KJ","23"
"LEWIS,DA","23"
"LIEBERMAN,J","23"
"STROOP,JR","23"
"CHAKOS,MH","22"
"GOULD,E","22"
"HARVEY,PD","22"
"KELLER,MB","22"
"ROBINSON,D","22"
"WONG,DF","22"
"AKBARIAN,S","21"
"BROZOSKI,TJ","21"
"CANNONSPOOR,HE","21"
"CARLSSON,M","21"
"DELISI,LE","21"
"EGGER,M","21"
"GIEDD,JN","21"
"GOLD,JM","21"
"LEHMAN,AF","21"
"MATTAY,VS","21"
"MAYBERG,HS","21"
"OLDFIELD,RC","21"
"REITAN,R. M.","21"
"SILBERSWEIG,DA","21"
"LESCH,KP","20"
"MCEVOY,JP","20"
"MCGLASHAN,TH","20"
"MIDDLETON,FA","20"
"MILNER,B","20"
"PEZAWAS,L","20"
"ROBINSON,DG","20"
"SELEMON,LD","20"
"WHALEN,PJ","20"
"ALLISON,DB","19"
"COYLE,JT","19"
"LEDOUX,JE","19"
"ROSVOLD,HE","19"
"AMADOR,XF","18"
"CARTER,CS","18"
"FEIGHNER,JP","18"
"GOGOS,JA","18"
"JAKOB,H","18"
"KENDLER,KS","18"
"RAICHLE,ME","18"
"SHALLICE,T","18"
"SHELINE,YI","18"
"ASHBURNER,J","17"
"GESCHWIN.N","17"
"GUR,RE","17"
"LAWRIE,SM","17"
"LOHMUELLER,KE","17"
"MEEHL,PE","17"
"PARDO,JV","17"
"VANTOL,HHM","17"
"ZIPURSKY,RB","17"
"BARON-COHEN,S","16"
"CHOUINARD,G","16"
"ERIKSSON,PS","16"
"FEINBERG I","16"
"MORRIS,JS","16"
"REGIER,DA","16"
"ROBINS,LN","16"
"SEAMANS,JK","16"
"WEISSMAN,MM","16"
"BARNES,TRE","15"
"BIRCHWOOD,M","15"
"CLONINGER,CR","15"
"ONGUR,D","15"
"WOODS,RP","15"
"YOUNG,RC","15"
"BEASLEY,CM","14"
"CORBETTA,M","14"
"FRISTON,K.J.","14"
"GEDDES,J","14"
"GOOD,CD","14"
"HARDY,J","14"
"MONTGOMERY,SA","14"
"MORRIS,RGM","14"
"PETERSEN,SE","14"
"REY,ANDRE","14"
"SWERDLOW,NR","14"
"TERRY,RD","14"
"VENTURA,J","14"
"ADLER,LE","13"
"AKISKAL,HS","13"
"CABEZA,R","13"
"CHAPMAN,LJ","13"
"DAVIDSON,RJ","13"
"GIROS,B","13"
"HAKAK,Y","13"
"HO,BC","13"
"HUANG,EJ","13"
"MCCARLEY,RW","13"
"MCGHIE,A","13"
"MILLAR,JK","13"
"NIBUYA,M","13"
"PANTELIS,C","13"
"STRAUB,RE","13"
"BUCHSBAUM,MS","12"
"CHEN,JS","12"
"DERSIMONIAN,R","12"
"FRITH,CD","12"
"GESCHWIND,N","12"
"HARDING,CM","12"
"HOGARTY,GE","12"
"JUDD,LL","12"
"LOTTA,T","12"
"LUBY,ED","12"
"MILLER,EK","12"
"MURRAY,RM","12"
"NELSON,MD","12"
"PETRIDES,M","12"
"PFEFFERBAUM,A","12"
"TOLLEFSON,GD","12"
"ADDINGTON,J","11"
"BADDELEY,A","11"
"BADNER,JA","11"
"BAXTER,LR","11"
"BENOWITZ,LI","11"
"BENTLER,PM","11"
"BERRIDGE,KC","11"
"CALLICOTT,JH","11"
"JENTSCH,JD","11"
"JOHNSON,JW","11"
"LEWIS,CM","11"
"OSTERRIETH,P. A.","11"
"SESACK,SR","11"
"SWAYZE,VW","11"
"WECHSLER,DAVID","11"
"ARON,AR","10"
"ARVANITIS,LA","10"
"BRAFF,D","10"
"BREITER,HC","10"
"CANNON,M","10"
"CORNBLATT,BA","10"
"DAVIS,M","10"
"DUMAN,RS","10"
"GOODMAN,WK","10"
"HARRISON,G","10"
"HEATON,RK","10"
"KANDEL,ER","10"
"LANG,PJ","10"
"LEBIHAN,D","10"
"REGIER D A","10"
"ROBINS,E","10"
"BARON,RM","9"
"BERG,ESTA A.","9"
"BYMASTER,FP","9"
"CASTELLANOS,FX","9"
"CORYELL,W","9"
"FENTON,WS","9"
"GARETY,PA","9"
"HAFNER,H","9"
"HEATON,R","9"
"INGVAR,DH","9"
"KOLB,B","9"
"NESTLER,EJ","9"
"POO,MM","9"
"PURDON,SE","9"
"RAKIC,P","9"
"RISCH,N","9"
"ROSENHECK,R","9"
"ROSENTHAL,R","9"
"ROSENTHAL,R.","9"
"SANTARELLI,L","9"
"SULLIVAN,PF","9"
"TRAN,PV","9"
"TSAI,GC","9"
"VANPUTTEN,T","9"
"WALSH,TOM","9"
"ZUBIN,J","9"
"BASSER,PJ","8"
"BECK,AT","8"
"BOWIE,CR","8"
"BROWN,GW","8"
"BRUNE,M","8"
"COHEN,J","8"
"COLHOUN,HM","8"
"DE KLOET,ER","8"
"DIAS,R","8"
"FISKE,AP","8"
"GERSHON,ES","8"
"GOLDMAN-RAKIC,PS","8"
"HARO,JM","8"
"HEGARTY,JD","8"
"HEIMER,L","8"
"HORIKAWA,Y","8"
"KANE,JM","8"
"KEMPERMANN,G","8"
"MALBERG,JE","8"
"O'DOHERTY,J","8"
"OCHSNER,KN","8"
"OGAWA,S","8"
"PENN,DL","8"
"SCHLAEPFER,TE","8"
"SHEEHAN,DV","8"
"SMITH,MA","8"
"SOKOLOFF,P","8"
"SOWELL,ER","8"
"SPIELMAN,RS","8"
"STEIGER,JH","8"
"THIERRY,AM","8"
"TSUANG,MT","8"
"VOLKOW,ND","8"
"WILLIAMS,JBW","8"
"WISE,RA","8"
"WORSLEY,KJ","8"
"WYKES,T","8"
"ABI-DARGHAM,A","7"
"ANDREASEN,N","7"
"AYLWARD,E","7"
"BOTSTEIN,D","7"
"BRUNNER,HG","7"
"CHEN,ZY","7"
"DAVID,AS","7"
"DAVIDSON,M","7"
"FLETCHER,PC","7"
"FUSTER,JM","7"
"GARAVAN,H","7"
"IOANNIDIS,JPA","7"
"JABLENSKY,A","7"
"JENKINSON,M","7"
"KERR,SL","7"
"KOOB,GF","7"
"KORTE,M","7"
"LASSER,RA","7"
"LAU,J","7"
"LECKMAN,JF","7"
"MACLEOD,CM","7"
"MALHOTRA,AK","7"
"MIYAKE,A","7"
"MOHN,AR","7"
"MUESER,KT","7"
"NELSON,HE","7"
"NEWCOMER,JW","7"
"O'DONOVAN,MICHAEL C.","7"
"PATTERSON,TL","7"
"PHELPS,EA","7"
"ROBBINS,TW","7"
"SHIFMAN,S","7"
"SOARES,JC","7"
"STEFANSSON,HREINN","7"
"STEVENS,JR","7"
"WEAVER,ICG","7"
"WYATT,RJ","7"
"YAKOVLEV,PI","7"
"ALLEN,GI","6"
"AMARAL D G","6"
"ANGRIST,B","6"
"ARNDT,S","6"
"ARNSTEN,AFT","6"
"AXELROD,J","6"
"BALLENGER,JC","6"
"BECHARA,A","6"
"BENTALL,RP","6"
"BLISS,TVP","6"
"BOOKHEIMER,SY","6"
"BRAVER,TS","6"
"BUCHANAN,RW","6"
"CHUMAKOV,I","6"
"CRONBACH,LJ","6"
"CSERNANSKY,JG","6"
"CUMMINGS,JL","6"
"DESIMONE,R","6"
"DRAKE,RE","6"
"EDWARDS,J","6"
"ENGERT,F","6"
"FIORILLO,CD","6"
"GLANTZ,LA","6"
"GRAYBIEL,AM","6"
"GROSS,JJ","6"
"HARRIS,EC","6"
"HAXBY,JV","6"
"HEDEKER,D","6"
"HEINZ,A","6"
"JAENISCH,R","6"
"JONES,PETER B.","6"
"KAUFMAN,J","6"
"KEMP,R","6"
"KRAEMER,HC","6"
"KRAWIECKA,M","6"
"LANDER,ES","6"
"LIVAK,KJ","6"
"LLINAS,RR","6"
"LOGOTHETIS,NK","6"
"MALDJIAN,JA","6"
"MARKRAM,H","6"
"MCCLELLAND,GH","6"
"MEDNICK,SA","6"
"MISSALE,C","6"
"MOFFITT,TE","6"
"MOHAMED,S","6"
"MORRIS,JC","6"
"MURRAY,CJL","6"
"PAPEZ,JW","6"
"PARENT,A","6"
"PARK,S","6"
"PAUS,T","6"
"PENFIELD,W","6"
"PEUSKENS,J","6"
"POPE,HG","6"
"SHADISH,W. R.","6"
"SPOHN,HE","6"
"WATSON,D","6"
"WING,JK","6"
"ZUBIETA,JK","6"
"AGID,O","5"
"AMODIO,DM","5"
"ANTHONY,WA","5"
"BISWAL,B","5"
"BOTVINICK,M","5"
"BRANDT,J","5"
"BRYDEN,MP","5"
"BURT D R","5"
"BUSCHKE,H","5"
"CAHILL,L","5"
"CASPI,AVSHALOM","5"
"CHOI,DW","5"
"DONE,DJ","5"
"FIGUROV,A","5"
"FOX,MD","5"
"GEYER,MA","5"
"GRAHAM,FK","5"
"GRANT,DA","5"
"GREICIUS,MD","5"
"GUSNARD,DA","5"
"HAPPE,FGE","5"
"HEILS,A","5"
"HIRSCHHORN,JN","5"
"HOCHBERG,Y","5"
"KANG,HJ","5"
"KAPLAN,DR","5"
"KATZ,LC","5"
"KATZ,MM","5"
"KEEFE,RICHARD S. E.","5"
"KING,MC","5"
"KISH,SJ","5"
"KOVACS,M","5"
"LANCASTER,JL","5"
"LIBERMAN,RP","5"
"LYONS,WE","5"
"MACDONALD,AW","5"
"MARTINEZ-ARAN,A","5"
"MCALLISTER,AK","5"
"MCGURK,SUSAN R.","5"
"MEGA,MS","5"
"MENG,XL","5"
"MEYER-LINDENBERG,A","5"
"MILAD,MR","5"
"PATIL,SANDEEP T.","5"
"PAULESU,E","5"
"PETTEGREW,JW","5"
"PHAN,KL","5"
"RAINE,A","5"
"RAJKOWSKA,G","5"
"RAUCH,SL","5"
"RIFKIN,A","5"
"ROBINSON,TE","5"
"ROLLS,ET","5"
"RUSH,AJ","5"
"SCHUCKIT,MA","5"
"SCOVILLE,WB","5"
"SHAFFER,D","5"
"SHIRAYAMA,Y","5"
"SMITH,SM","5"
"STONE,JENNIFER L.","5"
"STRAKOWSKI,SM","5"
"SUNAHARA,RK","5"
"SWANSON,JW","5"
"SWANSON,LW","5"
"SWEDO,SE","5"
"TAMMINGA,CA","5"
"TWAMLEY,EW","5"
"UNO,H","5"
"VAN GORP,WG","5"
"VAN PRAAG,H","5"
"VANESSEN,DC","5"
"WELLS,KB","5"
"WILLNER,P","5"
"WILSON,FAW","5"
"WOODWARD,ND","5"
"ZOLAMORGAN,S","5"
"ABECASIS,GR","4"
"ADOLPHS,RALPH","4"
"ALLEN,NICOLE C.","4"
"ALLISON,T","4"
"ALTSHULER,LL","4"
"AMARAL,DG","4"
"AMMONS,RB","4"
"ANGST,J","4"
"ARAQUE,A","4"
"ATKINSON,RC","4"
"BARTKO,JJ","4"
"BECKER,M","4"
"BERTON,O","4"
"BLACKWOOD,DHR","4"
"BRENT,DA","4"
"BROWNE,M.W.","4"
"BUCK,L","4"
"BUSH,G","4"
"BUZSAKI,G","4"
"CAHN,W","4"
"CARTER,RJ","4"
"CASEY,BJ","4"
"CHAMBERS,WJ","4"
"CONN,PJ","4"
"COX,RW","4"
"CRAIG,AD","4"
"CRYAN,JF","4"
"DAMASIO,AR","4"
"DANBOLT,NC","4"
"DEEGAN,P","4"
"DUNCAN,J","4"
"FAN,J","4"
"FELITTI,VJ","4"
"FERGUSON,JN","4"
"FISCHL,B","4"
"FOA,EB","4"
"FORMAN,SD","4"
"FOX,PT","4"
"GABRIELI,JDE","4"
"GALLAGHER,HL","4"
"GILBERT,DT","4"
"GOYETTE,CH","4"
"GRAY,JA","4"
"GROENEWEGEN,HJ","4"
"GUADAGNOLI,E","4"
"HASLER,G","4"
"HEDGES,LV","4"
"HEIM,C","4"
"HEMPSTEAD,BL","4"
"HOFF,AL","4"
"HOLROYD,CB","4"
"HONIGFELD,G","4"
"HU,LI-TZE","4"
"JACK,CR","4"
"JENKINS,IH","4"
"KANE,JA","4"
"KASTNER,S","4"
"KEANE,TM","4"
"KEBABIAN,JW","4"
"KIRKPATRICK,B","4"
"KLOSTERKOTTER,J","4"
"LAMBERT,M","4"
"LEUCHT,STEFAN","4"
"LEWIN,GR","4"
"LEWINE,RRJ","4"
"LEXCHIN,J","4"
"LEYSEN,JE","4"
"LICHTENSTEIN,PAUL","4"
"LINSZEN,DH","4"
"LUKOFF,D","4"
"MACDERMOTT,AB","4"
"MALENKA,RC","4"
"MEANEY,MJ","4"
"MILEV,P","4"
"MILLER,GA","4"
"MILLER,TJ","4"
"MORRIS,R","4"
"MOTHET,JP","4"
"MURPHY,KC","4"
"NEMEROFF,CB","4"
"O'DOHERTY,JP","4"
"ORWIN,RG","4"
"PAULS,DL","4"
"PERKINS,DO","4"
"PETERSON,C","4"
"PETERSON,LR","4"
"PHILLIPS,RG","4"
"PILLING,S","4"
"PINE,DS","4"
"PINKHAM,AE","4"
"PREVOO,MLL","4"
"PRIEN,RF","4"
"REISS,AL","4"
"ROBINSON,RG","4"
"ROSEN,A","4"
"RYAN,RM","4"
"RYFF,CD","4"
"SAHA,S","4"
"SARTORIUS,N","4"
"SCHMAHMANN,JD","4"
"SCHOOLER,NR","4"
"SEBAT,JONATHAN","4"
"SEN,S","4"
"SHROUT,PE","4"
"SIMPSON,GM","4"
"SLED,JG","4"
"SMITH,EE","4"
"SOMMERS,AA","4"
"STARKMAN,MN","4"
"STERNBER.S","4"
"STRAUSS J S","4"
"STROUP,TS","4"
"THOMPSON,PM","4"
"VANPUTTE.T","4"
"VELAKOULIS,D","4"
"VOLAVKA,J","4"
"VONSATTEL,JP","4"
"WAGER,TD","4"
"WEINSHILBOUM,RM","4"
"WINOKUR,G","4"
"WITELSON,SF","4"
"WOOLLEY,CS","4"
"WRIGHT,S","4"
"ZAKZANIS,KK","4"
"ALEMAN,A","3"
"ALTMAN,J","3"
"ALTSHULER,D","3"
"ANDEN,NE","3"
"ANIS,NA","3"
"ANNETT,M","3"
"ARNT,J","3"
"BAILEY,A","3"
"BARKLEY,RA","3"
"BARNES,NM","3"
"BEARDEN,CE","3"
"BELL,M","3"
"BELL,MD","3"
"BERMAN,KF","3"
"BERNSTEIN,EM","3"
"BILLINGS,LM","3"
"BLAKE,DD","3"
"BLOUIN,JL","3"
"BOTVINICK,MM","3"
"BREWER,WJ","3"
"BROADHEAD,WE","3"
"BROTHERS,L.","3"
"BRUCE,CJ","3"
"BRUNET,A","3"
"BULLMORE,ET","3"
"BUNGE,SA","3"
"BUNNEY,BS","3"
"BUNZOW,JR","3"
"BUONOMANO,DV","3"
"CALABRESE,JR","3"
"CAMERON,HA","3"
"CASES,O","3"
"CAVADA,C","3"
"CHAKOS,M","3"
"CHAPMAN,J","3"
"CHILDRESS,AR","3"
"CHOBANIAN,AV","3"
"CIOMPI,L","3"
"COBB,SR","3"
"COFFEY,CE","3"
"COLLINS,DL","3"
"CORDER,EH","3"
"CORRELL,CU","3"
"COURCHESNE,E","3"
"COWAN,WM","3"
"COX,DR","3"
"CRITCHLEY,HD","3"
"DICKINSON,DWIGHT","3"
"DINGLEDINE,R","3"
"DOLDER,CR","3"
"EASTERBROOK,PJ","3"
"EHRINGER,H","3"
"ENGEL,AK","3"
"ENNACEUR,A","3"
"FARAONE,SV","3"
"FEARNLEY,JM","3"
"FEINBERG,TE","3"
"FEINSTEIN,AR","3"
"FELL,J","3"
"FELLEMAN,DANIEL J.","3"
"FRANK,AF","3"
"FREUND,TF","3"
"GABRIEL,SB","3"
"GIBBONS,RD","3"
"GILBERTSON,MW","3"
"GODDARD,GV","3"
"GOGTAY,N","3"
"GOLDSTEIN,H","3"
"GRAY,CM","3"
"GRUNDY,SM","3"
"HOGAN,TP","3"
"HORNYKIE.O","3"
"HYMAN,STEVEN E.","3"
"JONES E G","3"
"JUST,MA","3"
"KAHN,RENE S.","3"
"KALIVAS,PW","3"
"KASPER,S","3"
"KEATING,MT","3"
"KENDELL,R","3"
"KINON,BJ","3"
"KRAMER,MS","3"
"KRINGELBACH,ML","3"
"LABAR,KS","3"
"LAHIRI,DK","3"
"LAHTI,AC","3"
"LAIRD,NM","3"
"LANE,RD","3"
"LEE,R","3"
"LISMAN,JE","3"
"LIU,LD","3"
"LONZE,BE","3"
"LUINE,V","3"
"LUKOFF,D.","3"
"MALINOW,R","3"
"MANDAL,MK","3"
"MANNISTO,PT","3"
"MATSUZAKI,M","3"
"MCCLURE,SM","3"
"MCCORMICK,DA","3"
"MCDOUGLE,CJ","3"
"MCGAUGH,JL","3"
"MCGUFFIN,P","3"
"MCGUIRE,PK","3"
"MCGURK,SR","3"
"MEICHENB.D","3"
"MIRSKY A F","3"
"MISHKIN,M","3"
"MOORE,NA","3"
"MOORE,THERESA H. M.","3"
"MORGAN,JI","3"
"MORIYOSHI,K","3"
"MURER,MG","3"
"NADER,K","3"
"OLTON,DS","3"
"OPLER,LA","3"
"PAKKENBERG,B","3"
"PALMER,BW","3"
"PARENT,JM","3"
"PATTERSON,SL","3"
"PAYKEL,ES","3"
"PHELPS,ME","3"
"PREMACK,D.","3"
"PULVER,AE","3"
"PURCELL,SHAUN","3"
"RAO,SM","3"
"RAZ,N","3"
"REIMAN,EM","3"
"REISBERG,B","3"
"REIVICH,M","3"
"REYNOLDS,GP","3"
"RICH,CL","3"
"ROBINSON,LJ","3"
"ROTHWELL,PM","3"
"RUTTER,M","3"
"SALTHOUSE,TA","3"
"SAWA,A","3"
"SCHACTER,DL","3"
"SCHOTTE,A","3"
"SERGI,MJ","3"
"SHENG,M","3"
"SIMONS,AD","3"
"SINGER,W","3"
"SMITH,ML","3"
"SOUMERAI,SB","3"
"SPERRY,RW","3"
"STEIN,LI","3"
"STEIN,MB","3"
"STEPHENS,M","3"
"STERN,CE","3"
"STEWART,AL","3"
"STONE,AA","3"
"STROBER,M","3"
"STUSS,DT","3"
"TORREY,EF","3"
"TRIVEDI,MH","3"
"TULVING,E","3"
"TYLER,WJ","3"
"TZOURIO-MAZOYER,N","3"
"UNGERLEIDER,LESLIE G.","3"
"UNGERLEIDER,LG","3"
"VAILLANT,GE","3"
"VENTER,JC","3"
"VOGT,BRENT A.","3"
"VON ELM,ERIK","3"
"VONHOLST,E","3"
"VYAS,A","3"
"WEBSTER,DM","3"
"WEIDEN,PJ","3"
"WELSH,KA","3"
"WEST,MJ","3"
"WEST,RL","3"
"WHITE,PF","3"
"WHOOLEY,MA","3"
"WILLIAMS,JMG","3"
"ZATORRE,RJ","3"
"ZEGGINI,ELEFTHERIA","3"
"ZOLAMORGAN,SM","3"
"ABERCROMBIE,M","2"
"ADDINGTON,D","2"
"AGGLETON,JP","2"
"AMARAL,D","2"
"AMSTERDAM,A","2"
"ANDERSON,AK","2"
"ANDERSON,JC","2"
"ANDERSON,SW","2"
"ANGERMEYER,MC","2"
"ARNOLD,SE","2"
"ARTOLA,A","2"
"ASTON-JONES,G","2"
"BABB,TL","2"
"BAER,L","2"
"BARBAS,H","2"
"BARDE,YA","2"
"BARONCOHEN,S","2"
"BARRACLO.B","2"
"BARRETT,JC","2"
"BECK,A. T.","2"
"BEGG,CB","2"
"BEHRENS,TEJ","2"
"BELLACK,ALAN S.","2"
"BELLACK,AS","2"
"BEN-JONATHAN,N","2"
"BENJAMINI,Y","2"
"BERENBAUM,H","2"
"BERMAN,RM","2"
"BLAIR,JR","2"
"BLAKELY,RD","2"
"BOLGER,N","2"
"BOND,GR","2"
"BORKOWSK.JG","2"
"BOROVIKOVA,LV","2"
"BRADLEY,MM","2"
"BRAY,NJ","2"
"BREDESEN,DE","2"
"BREKKE,J","2"
"BREKKE,JS","2"
"BRINES,ML","2"
"BROWN,RG","2"
"BROWN,S","2"
"BUCHANAN,A","2"
"BUCHOLZ,KK","2"
"BUCKNER,RANDY L.","2"
"BUCKNER,RL","2"
"BUELLER,JA","2"
"BURT,DB","2"
"BURTON,PAUL R.","2"
"CADORET,RJ","2"
"CAMPBELL,S","2"
"CANTLEY,LC","2"
"CANTOR-GRAAE,E","2"
"CARDINAL,RN","2"
"CARDNO,AG","2"
"CARLEZON,WA","2"
"CARMICHAEL,ST","2"
"CARPENTE.WT","2"
"CHAMBERS,RA","2"
"CHAO,MV","2"
"CHEN,M","2"
"CHESLER,EJ","2"
"CLARK,L","2"
"CLEGHORN,JM","2"
"COLLINS,FS","2"
"COOK,EH","2"
"COOK,MJ","2"
"COOK,RJ","2"
"COOKE,DJ","2"
"COPPEN,A","2"
"CORRIGAN,PW","2"
"CORSSEN,G","2"
"COTMAN,CW","2"
"COTTON,NS","2"
"COUTURE,SHANNON M.","2"
"CROVITZ,HF","2"
"CZEH,B","2"
"DANEMAN,M","2"
"DATTA,SR","2"
"DAVIDSON,L","2"
"DECI,EL","2"
"DECKER,MW","2"
"DEHAL,P","2"
"DEL,P.L.","2"
"DELANEROLLE,NC","2"
"DEMPSTER,AP","2"
"DEVINSKY,O","2"
"DIAMOND,A","2"
"DICHIARA,G","2"
"DICKERSON,FB","2"
"DIORIO,D","2"
"DIRNAGL,U","2"
"DORPAT,TL","2"
"DOYLE,DA","2"
"DRAGUNOW,M","2"
"DULAWA,SC","2"
"DUM,RP","2"
"DUNNING,D.","2"
"EATON,WW","2"
"EBSTEIN,RP","2"
"EDWARDS,AO","2"
"EISEN,MB","2"
"EISENBERGER,NI","2"
"EKMAN,P.","2"
"ELFENBEIN,HA","2"
"ELKIN,I","2"
"ESLINGER,PJ","2"
"EXCOFFIER,L","2"
"EYSENCK,SBG","2"
"FALCONER,MA","2"
"FALLOON,IRH","2"
"FALLS,DL","2"
"FILIPEK,PA","2"
"FISH,B","2"
"FLEISCHHACKER,WW","2"
"FLETCHER,A","2"
"FLORHENR.P","2"
"FORCE,A","2"
"FRACKOWIAK,RSJ","2"
"FRITSCHY,JM","2"
"GALABURDA,AM","2"
"GEHRMANN,J","2"
"GENOVESE,CR","2"
"GEORGOPOULOS,AP","2"
"GERIG,G","2"
"GITTELMA.R","2"
"GLAHN,DC","2"
"GLAZIER,AM","2"
"GLESER,L. J.","2"
"GODFREY,K","2"
"GOFF,DC","2"
"GOLDMAN,PS","2"
"GOODWIN,DW","2"
"GOUROVITCH,ML","2"
"GRANON,S","2"
"GREENBERG,BD","2"
"GRIGORENKO,EL","2"
"GUITTON,D","2"
"GURVITS,TV","2"
"HAGGER,C","2"
"HALLIWELL,B","2"
"HECKERS,S","2"
"HEDLUND,JL","2"
"HELZER,JE","2"
"HENDERSON,DC","2"
"HEUMANN,R","2"
"HIGGINS,JPT","2"
"HOLSBOER,F","2"
"HONEA,R","2"
"HSU,LKG","2"
"HUANG,SC","2"
"HUANG,ZJ","2"
"HUBER,G","2"
"INSEL,TR","2"
"JACOBSON,L","2"
"JACOBSON,MD","2"
"JACOBSON,N","2"
"JAHNSEN,H","2"
"JAVITT,DANIEL C.","2"
"JERNIGAN,TL","2"
"JOHNSON,J","2"
"JONES,DK","2"
"JONIDES,J","2"
"KAPLAN,EL","2"
"KAPLAN,MS","2"
"KARAYIORGOU,M","2"
"KARAYIORGOU,MARIA","2"
"KARNO,M","2"
"KAY S R","2"
"KELLY,PH","2"
"KERNS,JG","2"
"KLEINBERG,DL","2"
"KNUTSON,B","2"
"KOEPP,MJ","2"
"KOTLER,M","2"
"KOVELMAN,JA","2"
"KRAMER,AF","2"
"KREBS,JR","2"
"KRETTEK,JE","2"
"KRISHNAN,VAISHNAV","2"
"KROENKE,K","2"
"LAKKA,HM","2"
"LALOUEL,JM","2"
"LANDER,E","2"
"LANGSTON,JW","2"
"LAZARUS,RS","2"
"LECRUBIER,Y","2"
"LEE,JLC","2"
"LEE,KF","2"
"LEE,T","2"
"LEFF,J","2"
"LEINER,HC","2"
"LEIST,M","2"
"LEONARD,S","2"
"LESLIE,AM","2"
"LEVIMONTALCINI,R","2"
"LEVIN,ED","2"
"LEVITAN,ES","2"
"LEWIS,G","2"
"LIGHT,GA","2"
"LINDENMAYER,JP","2"
"LITTLE,KY","2"
"LIU,D","2"
"LLINAS,R","2"
"LOGAN,J","2"
"LOIS,C","2"
"LORD,C","2"
"LOVINGER,DM","2"
"LOW,K","2"
"LOWE,MJ","2"
"LU,B","2"
"LUCKI,I","2"
"LUPIEN,SJ","2"
"MA,SH","2"
"MACLUSKY,NJ","2"
"MAHNCKE,HENRY W.","2"
"MAJ,M","2"
"MAJEWSKA,MD","2"
"MARGERIS.JH","2"
"MARKOWITZ,JS","2"
"MARSHALL,M","2"
"MARWAHA,S","2"
"MASU,M","2"
"MATAIX-COLS,D","2"
"MATHALON,DH","2"
"MAYFIELD,D","2"
"MAYFORD,M","2"
"MAZZIOTTA,JC","2"
"MCEWEN,BRUCE S.","2"
"MCGRATH,JOHN","2"
"MEYER-LINDENBERG,ANDREAS","2"
"MILO,R","2"
"MINK,JW","2"
"MIRNICS,K","2"
"MISCHEL,W","2"
"MOGENSON,GJ","2"
"MOHER,D","2"
"MONROE,SM","2"
"MONTAGUE,PR","2"
"MONTEGGIA,LM","2"
"MONYER,H","2"
"MOORE,RY","2"
"MORLEY,M","2"
"MORTENSEN,PB","2"
"MYERS,JK","2"
"NABER,D","2"
"NAKAMURA,M","2"
"NAUTA,WJH","2"
"NEVES-PEREIRA,M","2"
"NIEOULLON,A","2"
"NIERENBERG,AA","2"
"NIETHAMMER,M","2"
"NUECHTERLEIN,KEITH H.","2"
"NUSSE,R","2"
"OKEEFE,J","2"
"OLDS,D","2"
"OLINCY,A","2"
"ORVASCHEL,H","2"
"OWEN,AM","2"
"OWEN,F","2"
"OWENS,DGC","2"
"PALMER,BA","2"
"PAYLOR,R","2"
"PAZOS,A","2"
"PEARSON,G","2"
"PEREZ,MM","2"
"PERRET,E","2"
"PESSOA,L","2"
"PETERSEN,RC","2"
"PETERSEN,S E","2"
"PETROVIC,P","2"
"PHILLIPS,L","2"
"PIERPAOLI,C","2"
"PINKEL,D","2"
"PLATT,JR","2"
"PLOMIN,R","2"
"PLOTSKY,PM","2"
"POGUEGEILE,MF","2"
"POLINE,JB","2"
"PORSOLT,RD","2"
"POST,RM","2"
"PREACHER,KJ","2"
"PRICE,ALKES L.","2"
"PRITCHARD,JK","2"
"PROVENCHER,SW","2"
"PURCELL,SHAUN M.","2"
"RADOMSKI,MW","2"
"RAGLAND,JD","2"
"RAINVILLE,P","2"
"REICHENBERG,A","2"
"RESSLER,KJ","2"
"REVELEY,AM","2"
"RIOS,M","2"
"RISCH,NEIL","2"
"RISCH,NJ","2"
"RIZZOLATTI,G","2"
"ROBINSON,MD","2"
"ROSNOW,RL","2"
"ROTHMAN,K J","2"
"ROTHMAN,SM","2"
"ROTTER,JB","2"
"ROZANSKI,A","2"
"RUBIA,K","2"
"RUMELHART,DE","2"
"RUND,BR","2"
"SABOL,SZ","2"
"SACHIDANANDAM,R","2"
"SAGAR,SM","2"
"SAHA,SUKANTA","2"
"SAKANAKA,M","2"
"SAMPSON,RJ","2"
"SASAKI,S","2"
"SCHACTER,DANIEL L.","2"
"SCHAFER,JL","2"
"SCHNEIDER,W","2"
"SCHOOLER,N","2"
"SCHULTZ,WOLFRAM","2"
"SCHWARTZ,JE","2"
"SEBAT,J","2"
"SEIDENBERG,MS","2"
"SELZER,ML","2"
"SHAFII,M","2"
"SHAHBAZIAN,MD","2"
"SHEA,MT","2"
"SHERBOURNE,CD","2"
"SHI,JIANXIN","2"
"SHIH,JC","2"
"SHULMAN,GL","2"
"SINGER,T","2"
"SIREN,AL","2"
"SKLAR,P","2"
"SMALL,JG","2"
"SNIDER,WD","2"
"SOKOLOFF,L","2"
"SPEAR,LP","2"
"SPECTOR,S","2"
"STCLAIR,D","2"
"STEINER,JF","2"
"STERIADE,M","2"
"STERN,Y","2"
"STEVENS,KE","2"
"STOREY,JD","2"
"STROGATZ,SH","2"
"STROUP,DF","2"
"STROUS,RD","2"
"SURMEIER,D. JAMES","2"
"SUSSER,ES","2"
"SUZUKI,WA","2"
"TANDA,G","2"
"TARRIER,N","2"
"TAYLOR,AE","2"
"TEASDALE,JD","2"
"TELLEGEN,A","2"
"THACH,WT","2"
"THOENEN,H","2"
"THOMPSON,WD","2"
"THORNLEY,B","2"
"TOHEN,M","2"
"TREMBLAY,L","2"
"TSANKOVA,NM","2"
"TUNE,LE","2"
"TURNER,ERICK H.","2"
"UMBRICHT,D","2"
"VAN OS,JIM","2"
"VANDENBERGH,DJ","2"
"VANHAESEBROECK,B","2"
"VARELA,F","2"
"VAUGHN,CE","2"
"VAUTH,R","2"
"VAUX,DL","2"
"VENABLES,PH","2"
"VIDGREN,J","2"
"WADA,JA","2"
"WAGNER,HN","2"
"WATSON,C","2"
"WATSON,JDG","2"
"WATTS,DJ","2"
"WEHR,TA","2"
"WEISS,LAUREN A.","2"
"WHITTINGTON,MA","2"
"WILSON,MA","2"
"WILSON,RS","2"
"WILSON,SAK","2"
"WONG,EHF","2"
"WOODS,SW","2"
"WOOLLEY,DW","2"
"WU,DC","2"
"WYKES,TIL","2"
"YEARGIN-ALLSOPP,M","2"
"YOUNG,DA","2"
"YOUNG,SL","2"
"YRJANHEIKKI,J","2"
"YUAN,JY","2"
"ZAHRT,J","2"
"ZARAHN,E","2"
"ZARATE,CARLOS A.,JR.","2"
"ZERHOUNI,EA","2"
"ZETTERSTROM,T","2"
"ZHANG,YY","2"
"ZHU,S","2"
"ZIMMERMAN,M","2"
"ZUCCATO,C","2"
"ZUCKER,RS","2"
"ZUKIN,SR","2"
"ZYGMUNT,A","2"
"AARSLAND,D","1"
"ABEL,T","1"
"ABERCROMBIE,ED","1"
"ABOITIZ,F","1"
"ABRAMSON,J","1"
"ADAMS,CE","1"
"AIGNER,L","1"
"AITKIN,M","1"
"AKIL,H","1"
"AKIL,M","1"
"AKISKAL,H.S.","1"
"ALBERT,R","1"
"ALBIN,RL","1"
"ALBRECHT,GL","1"
"ALBUS J S","1"
"ALIZADEH,AA","1"
"ALKONDON,M","1"
"ALLEN,HA","1"
"ALLEN,YS","1"
"ALLMAN,JM","1"
"ALS-NIELSEN,B","1"
"ALTSCHUL,SF","1"
"AMANZIO,M","1"
"AMIR,RE","1"
"AMSTERDAM,J","1"
"ANAGNOSTOU,A","1"
"ANDREASE.NJ","1"
"ANGEVINE,JAY B.","1"
"ANGRIST,B M","1"
"ANTHONY,JC","1"
"ARANEDA,R","1"
"ARBORELIUS,L","1"
"ARBUTHNOTT,K","1"
"ARCHER,S","1"
"ARMITAGE,P","1"
"ARNOLD,AP","1"
"ARRIZA,JL","1"
"ASBERG,M","1"
"ASGHARI,V","1"
"ASHKENAZI,A","1"
"ASTONJONES,G","1"
"AYD,FJ","1"
"AYUSO-GUTIERREZ,JL","1"
"BABOR,TF","1"
"BADDELEY,A. D.","1"
"BAI,JL","1"
"BAILEY,JA","1"
"BAILLET,S","1"
"BAIN,G","1"
"BAINS,JS","1"
"BALDWIN,MW","1"
"BALL,MJ","1"
"BAMJI,SX","1"
"BANNISTER,AJ","1"
"BAR-HAIM,YAIR","1"
"BARABASI,AL","1"
"BARANES,D","1"
"BARGER,G","1"
"BARKER,AT","1"
"BARLOW,DH","1"
"BARTKO,G","1"
"BARTSCH,D","1"
"BASCO,MR","1"
"BATES,J.","1"
"BATTIG,WF","1"
"BAUMAN,M","1"
"BAUMEISTER,RF","1"
"BAXTER,MG","1"
"BEARD,MB","1"
"BEART,P. M.","1"
"BEAULIEU,C","1"
"BECKER,MH","1"
"BEISER,M","1"
"BEJJANI,BP","1"
"BEKELMAN,JE","1"
"BENCH,CJ","1"
"BENEZRA,R","1"
"BENGZON,J","1"
"BENSON,G","1"
"BENTHAM,P","1"
"BENTON,AL","1"
"BERG,L","1"
"BERGER,H","1"
"BERK,MICHAEL","1"
"BERKSON,J","1"
"BERNAUDIN,M","1"
"BERNHEIM.H","1"
"BERRIDGE,CW","1"
"BERRIDGE,KENT C.","1"
"BERRIDGE,MJ","1"
"BERTELSEN,A","1"
"BESKOW,J","1"
"BIEDERMAN,J","1"
"BILLARD,W","1"
"BINDER,JR","1"
"BIRD,ADRIAN","1"
"BIRD,HR","1"
"BIRKEN,DL","1"
"BIRMAHER,B","1"
"BIRRELL,JM","1"
"BJELLAND,I","1"
"BLACK,DW","1"
"BLACK,JE","1"
"BLACKWEL.B","1"
"BLACKWELDER,WC","1"
"BLAIR,SN","1"
"BLASI,G","1"
"BLAZER,DG","1"
"BLOCK,J","1"
"BLOOD,AJ","1"
"BODENHEIMER,T","1"
"BODICK,NC","1"
"BOECKMANN,B","1"
"BOLTON,P","1"
"BOND,A","1"
"BORKOWSKA,A","1"
"BOTTOMLEY,PA","1"
"BOUCHARD,TJ","1"
"BOURTCHULADZE,R","1"
"BOUTHENET,ML","1"
"BOUTON,ME","1"
"BOWDEN,CL","1"
"BOYD,JH","1"
"BOYNTON,GM","1"
"BRANDON,NJ","1"
"BRAVO,R","1"
"BREITMEYER,BG","1"
"BRIGHT,RA","1"
"BRITTEN,RJ","1"
"BRODY,BA","1"
"BROMAN,KW","1"
"BROWN,AS","1"
"BROWN,JP","1"
"BROWN,MS","1"
"BROWN,MW","1"
"BROWN,PO","1"
"BROWN,SA","1"
"BRUSTLE,O","1"
"BRYK,AS","1"
"BRZUSTOWICZ,LM","1"
"BUCCINO,G","1"
"BULLMORE,E","1"
"BUONANNO,A","1"
"BURGE,C","1"
"BURKE,KC","1"
"BURN,JH","1"
"BUSCHMAN,TIMOTHY J.","1"
"BUSTAMANTE,J","1"
"BUTLER,AC","1"
"BUTZLAFF,RL","1"
"BUXBAUM,JD","1"
"CADE,JFJ","1"
"CALDER,AJ","1"
"CALDJI,C","1"
"CALIN,GA","1"
"CANNON,TD","1"
"CANNON,TYRONE D.","1"
"CARDON,LR","1"
"CARLIN,RK","1"
"CARR,L","1"
"CARTMELL,J","1"
"CARVER,CS","1"
"CATANI,M","1"
"CATERINA,MJ","1"
"CATTELL,RB","1"
"CATTERALL,WA","1"
"CAUDY,AA","1"
"CEDERLOEF,R","1"
"CHANOCK,STEPHEN J.","1"
"CHARNEY,DS","1"
"CHEN,B","1"
"CHEN,MS","1"
"CHEN,WG","1"
"CHENG,Y","1"
"CHIODO,LA","1"
"CHOO,PW","1"
"CHRIVIA,JC","1"
"CHUBB,J. E.","1"
"CHUGANI,HT","1"
"CHUN,MM","1"
"CICCHETTI,D. V.","1"
"CICCHETTI,DV","1"
"CLARIDGE,G","1"
"CLARK,D","1"
"CLARK,LA","1"
"CLAYTON,D","1"
"CLAYTON,DG","1"
"CLEEMAN,JI","1"
"CLEMENTC.YC","1"
"CLEVELAND,WS","1"
"CLIFF,N","1"
"CLONINGER,C. R.","1"
"CNAAN,A","1"
"COHEN,HY","1"
"COLCOMBE,S","1"
"COLCOMBE,SJ","1"
"COLEMAN,PD","1"
"COMINGS,DE","1"
"COMREY,AL","1"
"CONN,HO","1"
"CONNEALLY,PM","1"
"CONNORS,BW","1"
"CONTURO,TE","1"
"CONWAY,MA","1"
"COOPER,JA","1"
"CORCORAN,R","1"
"CORDELL,HJ","1"
"CORNBLATT,BARBARA A.","1"
"CORRELL,CHRISTOPH U.","1"
"CORRIGAN,P","1"
"CORTINA,JM","1"
"COURT,J","1"
"COUTURIER,S","1"
"CRADDOCK,N","1"
"CRAIG,TJ","1"
"CRAMER,JA","1"
"CREWS,TM","1"
"CRITS-CHRISTOPH,P","1"
"CRUM,RM","1"
"CUESTA,MJ","1"
"DAHLSTROM,A","1"
"DALE,AM","1"
"DALTON,KM","1"
"DAMASIO,H","1"
"DAMMANN,O","1"
"DAMOISEAUX,J. S.","1"
"DANIEL,DG","1"
"DANION,JM","1"
"DANTZER,ROBERT","1"
"DARCANGELO,G","1"
"DAUB,H","1"
"DAUER,W","1"
"DAVID,A","1"
"DAVIS,RL","1"
"DE BAKKER,PIW","1"
"DE BELLIS,MD","1"
"DE NO,RL","1"
"DE RUIJTER,AJM","1"
"DECKWERTH,TL","1"
"DEFIEBRE,CM","1"
"DEKABAN,AS","1"
"DELGADO,PL","1"
"DEROGATIS L R","1"
"DETSKY,AS","1"
"DEUTCH,AY","1"
"DEVINE,PG","1"
"DEVLIN,B","1"
"DIERKS,T","1"
"DIGICAYLIOGLU,M","1"
"DIGMAN,JM","1"
"DIKMEN,SS","1"
"DOENCH,JG","1"
"DOLAN,RJ","1"
"DOLLFUS S","1"
"DOLLFUS,S","1"
"DRACHMAN,DA","1"
"DRURY,V","1"
"DUCHEN,MR","1"
"DUGGAN,DJ","1"
"DUNHAM,I","1"
"DUNN,AJ","1"
"DUPONT,WD","1"
"DUVOISIN,RC","1"
"DYER,FN","1"
"EASTON,DOUGLAS F.","1"
"ECCLES,JS","1"
"ECKBLAD,M","1"
"ECKERT,ED","1"
"ECKHORN,R","1"
"EDELBROCK,C","1"
"EHRENREICH,H","1"
"ELEY,TC","1"
"ELLWOOD,PM","1"
"ELVEVAG,B","1"
"EMAMIAN,ES","1"
"EMRE,M","1"
"EMRE,MURAT","1"
"ENARD,W","1"
"ERAKER,SA","1"
"EVANS,DW","1"
"EVANS,WE","1"
"EWING,JA","1"
"EYSENCK,MICHAEL W.","1"
"FAHN,S.","1"
"FALCONER,DS","1"
"FALKAI,P","1"
"FALLON,JH","1"
"FANSELOW,MS","1"
"FARAH,MJ","1"
"FARAONE,STEPHEN V","1"
"FARMER,KC","1"
"FAWCETT,J","1"
"FEHR,E","1"
"FEINBERG,AP","1"
"FELDMAN,AM","1"
"FENDT,M","1"
"FENG,GP","1"
"FENNIG,S","1"
"FERENCI,P","1"
"FERRARA,N","1"
"FERREIRA,MANUEL A. R.","1"
"FERRIER,IN","1"
"FIELDS,S","1"
"FIEZ,JA","1"
"FINK,GR","1"
"FINKELSTEIN,JD","1"
"FLAVELL,JH","1"
"FLETCHER,P","1"
"FLORA,DB","1"
"FLORESCO,SB","1"
"FOLSTEIN,SE","1"
"FONTAINE,KR","1"
"FORGAS,JP","1"
"FOX,E","1"
"FOX,MICHAEL D.","1"
"FRANCIS,D","1"
"FRANCK,N","1"
"FRANK,MJ","1"
"FRANSSON,P","1"
"FRAYLING,TIMOTHY M.","1"
"FRAZIER,CJ","1"
"FRAZIER,PA","1"
"FREDERIKSEN,K","1"
"FREDHOLM,BB","1"
"FREZZA,M","1"
"FRIEDMAN,J. M.","1"
"FRISTON,K. J.","1"
"FRITH,U","1"
"FROST,R","1"
"FU,CHY","1"
"FU,YX","1"
"FULLER,R","1"
"GADDUM,JH","1"
"GAGE,FH","1"
"GAINETDINOV,RR","1"
"GAINOTTI,G","1"
"GALABURDA,A","1"
"GANDELMAN,MS","1"
"GARETY,P","1"
"GARNER,DM","1"
"GE,SY","1"
"GELENBERG,AJ","1"
"GEORGE,MS","1"
"GEORGE,TP","1"
"GERFEN,CR","1"
"GERKEN,THOMAS","1"
"GHADIRIAN,AM","1"
"GIBB,WRG","1"
"GILBERT,DANIEL T.","1"
"GILMER,TP","1"
"GIOVAGNOLI,AR","1"
"GITLIN,N","1"
"GIUFFRIDA,A","1"
"GJEDDE,A","1"
"GLASSMAN,AH","1"
"GODA,Y","1"
"GOLD,S","1"
"GOLDAPPLE,K","1"
"GOLDBERG,G","1"
"GOLDBERG,L. R.","1"
"GOLDBERG,TERRY E.","1"
"GOLDMAN,LS","1"
"GOLDSTEIN,MJ","1"
"GOLDSTEIN,RZ","1"
"GONZALES,LR","1"
"GONZALEZ,GA","1"
"GOPNIK,A","1"
"GORENSTEIN,EE","1"
"GORING,HHH","1"
"GRACE,ANTHONY A.","1"
"GRANT,BF","1"
"GRANT,S","1"
"GRANTHAM,R","1"
"GRAY,EG","1"
"GRAY,R","1"
"GREENE,LA","1"
"GREENFELD,D","1"
"GREENGARD,P","1"
"GREIST,JH","1"
"GRETARSDOTTIR,S","1"
"GRIFFITH,OW","1"
"GRIFFITHS,I","1"
"GRILL-SPECTOR,K","1"
"GROBER,E","1"
"GROENEWEG,M","1"
"GROSS,C","1"
"GROSS,CG","1"
"GROVE,WM","1"
"GUNDERSEN,HJG","1"
"GUNN,RN","1"
"GUNNING-DIXON,FM","1"
"GUR,RC","1"
"GURWITZ,JH","1"
"GUSTKE,N","1"
"GUY,W","1"
"HAAS,GL","1"
"HAASE,A","1"
"HAI,T","1"
"HALBAN,PA","1"
"HALL,RCW","1"
"HALLGREN,B","1"
"HAMACHER,K","1"
"HAMBURGER,V","1"
"HANTOUCHE,EG","1"
"HARROW,M","1"
"HARVEY,I","1"
"HARVEY,P. D.","1"
"HASHER,L.","1"
"HASSELMO,MICHAEL E.","1"
"HATTORI,M","1"
"HAYWOOD,TW","1"
"HEINRICHS,M","1"
"HENDERSON,S","1"
"HENGARTNER,MO","1"
"HENKE,M","1"
"HENRIKSSON,MM","1"
"HERESCO-LEVY,U","1"
"HERMAN,JP","1"
"HERSCOVITCH,P","1"
"HERZ,MI","1"
"HESTON,LL","1"
"HETTEMA,JM","1"
"HIETALA,J","1"
"HILL,AB","1"
"HILL,C","1"
"HINDS,DA","1"
"HINGORANI,AD","1"
"HIROTSUNE,S","1"
"HIRSCHFELD,RMA","1"
"HODGKIN,AL","1"
"HODGSON,RJ","1"
"HOEHN,MM","1"
"HOLLMANN,M","1"
"HOLMES,G","1"
"HOLMES,WE","1"
"HONER,WG","1"
"HONEY,G","1"
"HONEY,GD","1"
"HOOVER,JE","1"
"HOPFIELD,JJ","1"
"HOUNDFIELD,GN","1"
"HOUSLAY,MD","1"
"HOWARD,D","1"
"HOYER,D","1"
"HRUBEC,Z","1"
"HSIAO,JK","1"
"HSU,SM","1"
"HU,HM","1"
"HUANG,YF","1"
"HUBEL,DH","1"
"HUGHES,JR","1"
"HUME,SP","1"
"HUNTER,DAVID J.","1"
"HUTTNER,WB","1"
"HUTTON,M","1"
"HYMAN,SE","1"
"HYND,GW","1"
"IAFRATE,AJ","1"
"IEZZONI,LI","1"
"IGNARRO,LJ","1"
"IMPAGNATIELLO,F","1"
"INNIS,RB","1"
"INOUE,E","1"
"IVRY,R B","1"
"JACOB,F","1"
"JACOBS,BL","1"
"JAESCHKE,R","1"
"JAHN,R","1"
"JAMES,R","1"
"JAMISON,KR","1"
"JANZ,NK","1"
"JASPERS,K","1"
"JOHE,KK","1"
"JOHNSON,SW","1"
"JOHNSTON,JP","1"
"JONES,EG","1"
"JONES,KR","1"
"JONES,SR","1"
"JONESGOTMAN,M","1"
"JORDAN,MI","1"
"JOSIASSEN,RC","1"
"JOYCE,PR","1"
"JUDA,A","1"
"JUHASZOVA,M","1"
"JUNI,P","1"
"JUSLIN,PN","1"
"KAGAN,J","1"
"KAHNEMAN,D","1"
"KANDEL,DB","1"
"KANNEL,WB","1"
"KARLSSON,JL","1"
"KARNOFSKY,DA","1"
"KASANIN,J","1"
"KATZMAN,R","1"
"KAUFMAN,AS","1"
"KAUFMANN,CA","1"
"KAWACHI,I","1"
"KAWASAKI,Y","1"
"KAWATO,M","1"
"KEANE,T","1"
"KECK,PE","1"
"KEE,KS","1"
"KELLERMANN,AL","1"
"KELLEY,AE","1"
"KELSOE,JR","1"
"KENDALL,PC","1"
"KENDELL,RE","1"
"KENWARD,MG","1"
"KERI,S","1"
"KERN,RS","1"
"KERNIE,SG","1"
"KERR,JFR","1"
"KESSLAK,JP","1"
"KETY,SS","1"
"KIEVIT,J","1"
"KIM,EJ","1"
"KIM,JS","1"
"KIRBY,KN","1"
"KIRCHEIS,G","1"
"KIROV,GEORGE","1"
"KIRSCHBAUM,C","1"
"KLAIBER,EL","1"
"KLATT,P","1"
"KLEIN,RJ","1"
"KLERMAN,GL","1"
"KLUG,MG","1"
"KLUVER,H","1"
"KNIGHT,RT","1"
"KNOLL,J","1"
"KNOWLTON,BJ","1"
"KOHLER,C","1"
"KONG,A","1"
"KONISHI,S","1"
"KOPIN,IJ","1"
"KORIAT,A","1"
"KORNBERG,RD","1"
"KOSFELD,M","1"
"KOSIK,KENNETH S.","1"
"KOZAK,MJ","1"
"KREK,A","1"
"KREMEN,WS","1"
"KRING,AM","1"
"KRING,ANN M.","1"
"KRUGER,J","1"
"KRUGER,R","1"
"KRYSTOSEK,A","1"
"KUCZENSKI,R","1"
"KUHN,HG","1"
"KUIPER,GGJM","1"
"KUMAR,RAVINESH A.","1"
"KUNZLE,H","1"
"KWIATKOWSKI,T. J.,JR.","1"
"KWOK,RPS","1"
"KWONG,KK","1"
"LACRO,JP","1"
"LAI,CSL","1"
"LAMME,VAF","1"
"LAMMERTSMA,AA","1"
"LANDIS,JR","1"
"LARSEN,TK","1"
"LATORA,V","1"
"LAUGHREN,T","1"
"LAWTON,MP","1"
"LE BIHAN,D","1"
"LECOUTEUR,A","1"
"LEE,JH","1"
"LEE,TI","1"
"LEE,Y","1"
"LEES,AJ","1"
"LELORIER,J","1"
"LENANE,MC","1"
"LENDAHL,U","1"
"LEONARD,HL","1"
"LESPERANCE,F","1"
"LEVENBERG,K.","1"
"LEVEY,AI","1"
"LEVINE,ES","1"
"LEVISOHN,L","1"
"LEVY,F","1"
"LEWINSOHN,PM","1"
"LEWIS,A","1"
"LEWIS,BP","1"
"LEWIS,EB","1"
"LI,C","1"
"LI,TK","1"
"LIBERMAN,AM","1"
"LIBET,B","1"
"LIFTON,RP","1"
"LIM,LP","1"
"LINDLEY,DV","1"
"LINDSTROM,E","1"
"LINEHAN,MM","1"
"LINK,BG","1"
"LINN,BS","1"
"LIPINSKI,CA","1"
"LIPSHUTZ,RJ","1"
"LIPTON,AA","1"
"LISH,JD","1"
"LIU,H","1"
"LIVINGSTONE,M","1"
"LJUNGBERG,T","1"
"LLEDO,PM","1"
"LOCKHART,DJ","1"
"LOFTUS,SK","1"
"LOGAN,GD","1"
"LOWE,TM","1"
"LU,T","1"
"LUBOW,RE","1"
"LUECK,CJ","1"
"LUINE,VN","1"
"LUNA,B","1"
"LUNDBERG,GD","1"
"LUNTZLEYBMAN,V","1"
"LUPIEN,SONIA J.","1"
"LUSKIN,MB","1"
"LYNAM,DR","1"
"MA,L","1"
"MACANDREW,C","1"
"MACKAY,AVP","1"
"MACKENZIE,SJ","1"
"MACKINNON,DW","1"
"MACKINTOSH,NJ","1"
"MACLEAN,PD","1"
"MACLEOD,C","1"
"MAES,F","1"
"MAGISTRETTI,PJ","1"
"MAGUIRE,EA","1"
"MAISTO,SA","1"
"MANN,RE","1"
"MANNUZZA,S","1"
"MANOACH,DS","1"
"MANOLIO,TERI A.","1"
"MANSBACH,RS","1"
"MARCH,JS","1"
"MARCHESINI,G","1"
"MARCHIONNI,MA","1"
"MAREK,GJ","1"
"MAREN,S","1"
"MARKUS,H","1"
"MARR,D","1"
"MARSHALL,CHRISTIAN R.","1"
"MARSICANO,G","1"
"MARTIN,LF","1"
"MARTIN,WR","1"
"MARTINEZ,SE","1"
"MARTINOT,JL","1"
"MARTINOWICH,K","1"
"MARTTUNEN,MJ","1"
"MASH,DC","1"
"MASLOV,S","1"
"MASTEN,AS","1"
"MATSUMOTO,M","1"
"MATTHES,HWD","1"
"MATTIS,S.","1"
"MAYER,ML","1"
"MAYNARD,TM","1"
"MAZZIOTTA,J","1"
"MCCAHILL,A","1"
"MCCARTHY,MARK I.","1"
"MCCLEARN,GE","1"
"MCCOMBS,JS","1"
"MCCORD,JM","1"
"MCCORMICK,MC","1"
"MCCULLAGH,P","1"
"MCDONALD,JH","1"
"MCEWEN,B","1"
"MCFARLANE,WR","1"
"MCGEHEE,DS","1"
"MCGLYNN,SM","1"
"MCGORRY,P","1"
"MCKENNA,PJ","1"
"MCKHANN,G","1"
"MCKIBBIN,C","1"
"MCKIBBIN,CL","1"
"MCLELLAN,AT","1"
"MCNEIL,TF","1"
"MEADORWOODRUFF,JH","1"
"MELLOR,CS","1"
"MENDEZ,MF","1"
"MENON,V","1"
"MERSCHER,S","1"
"MESSICK,S.","1"
"MESULAM,M. M.","1"
"METZ,CE","1"
"MEYER,D","1"
"MEYER,TJ","1"
"MI,HUAIYU","1"
"MIALL,RC","1"
"MICHAILOV,GV","1"
"MIDANIK,LT","1"
"MILES,CP","1"
"MILLER,DT","1"
"MILLER,LH","1"
"MILLER,MD","1"
"MING,GL","1"
"MINOSHIMA,S","1"
"MINTZ,AR","1"
"MINUCCI,S","1"
"MIYAKE,T","1"
"MIYOSHI,K","1"
"MOGG,K","1"
"MOGIL,JS","1"
"MOISES,HW","1"
"MOLL,J","1"
"MONAGHAN,DT","1"
"MONCADA,S","1"
"MONOD,J","1"
"MONTGOMERY,JC","1"
"MOORE,GJ","1"
"MOORE,RD","1"
"MOREY,LC","1"
"MORGAN,AB","1"
"MORGAN,HG","1"
"MORGAN,MA","1"
"MORI,S","1"
"MORISHITA,E","1"
"MORITZ,S","1"
"MORON,JA","1"
"MOROSINI,PL","1"
"MORRIS,MC","1"
"MORTIMER,AM","1"
"MORUZZI,G","1"
"MOSELEY,ME","1"
"MOSSMAN,D","1"
"MUELLER,TI","1"
"MULLEN,RJ","1"
"MULLER,P","1"
"MUNAFO,MARCUS R.","1"
"MUNGALL,AJ","1"
"MURPHY,BL","1"
"MURPHY,E","1"
"MURPHY,JM","1"
"MUSSELMAN,DL","1"
"MYERS,KM","1"
"MYIN-GERMEYS,I","1"
"NAATANEN,R","1"
"NAGEL,T","1"
"NAKAMURA,K","1"
"NAN,XS","1"
"NEDERGAARD,M","1"
"NELLHAUS,G","1"
"NELSON,T. O.","1"
"NESTADT,G","1"
"NESTOR,PJ","1"
"NICOLA,SM","1"
"NIGG,JT","1"
"NITSCH,RM","1"
"NOBES,CD","1"
"NORDSTROM,AL","1"
"NORMAN,D. A.","1"
"NORMAN,RMG","1"
"NOVELLI G","1"
"NOWAK,L","1"
"NYKJAER,A","1"
"O'DONNELL,JM","1"
"ODDO,S","1"
"OHMAN,A.","1"
"OKABE,S","1"
"OLDS,J","1"
"OLSHANSKY,SJ","1"
"OSMOND,H","1"
"OWEN,RR","1"
"OWENS,MJ","1"
"PACHOLCZYK,T","1"
"PAIVIO,A","1"
"PALMER,TD","1"
"PANG,PT","1"
"PASCUALLEONE,A","1"
"PASCUALMARQUI,RD","1"
"PASTORE,A","1"
"PATERSON,D","1"
"PATLAK,CS","1"
"PATTON,JH","1"
"PEARLSTEIN,T","1"
"PELIZZARI,CA","1"
"PELLOW,S","1"
"PENHUNE,VB","1"
"PENNINGTON,BF","1"
"PEROUTKA,SJ","1"
"PERRETT,DI","1"
"PETRIJ,F","1"
"PHILLIPS,HS","1"
"PHILLIPS,KA","1"
"PHILLIPS,PEM","1"
"PICARD,N","1"
"PICCIOTTO,MR","1"
"PICKENS,RW","1"
"PICKUP,GJ","1"
"PIERCE,RC","1"
"PIN,JP","1"
"PINES,G","1"
"PITKANEN,A","1"
"PLOW,EF","1"
"POCOCK,SJ","1"
"POLIVY,J","1"
"POTKIN,SG","1"
"POULTON,R","1"
"PRABAKARAN,S","1"
"PRASAD,SRINIVASA","1"
"PRATT,LA","1"
"PREACHER,KRISTOPHER J.","1"
"PUCE,A","1"
"PURVES,D","1"
"PYCOCK,CJ","1"
"QIAN,Z","1"
"RACHMAN,S","1"
"RADLOFF L S","1"
"RADO,S","1"
"RAFF,MC","1"
"RALEVIC,V","1"
"RAND,CS","1"
"RANDRUP,A","1"
"RAO,RPN","1"
"RAPEE,RM","1"
"RAPOPORT,JL","1"
"RATCLIFF,R","1"
"RATNASURIYA,RH","1"
"RAYMOND,M","1"
"REDELMEIER,DA","1"
"REDGRAVE,P","1"
"REGARD,M","1"
"REHM,LP","1"
"REINER,O","1"
"REITAN,RALPH M.","1"
"RESCORLA,RA","1"
"RESNICK,SM","1"
"REUBINOFF,BE","1"
"RICE,JP","1"
"RIO,C","1"
"RISKIND,JH","1"
"RITSHER,JB","1"
"RITVO,ER","1"
"RITZ,MC","1"
"ROBERTS,AC","1"
"ROBERTS,BW","1"
"ROBINSON,DA","1"
"ROGERS,RD","1"
"ROLAND,PE","1"
"ROMERO-GOMEZ,M","1"
"ROSAS,HD","1"
"ROSEN,WG","1"
"ROSENBLUM,MG","1"
"ROSENE,DL","1"
"ROSENTHA.R","1"
"ROSS,CHRISTOPHER A.","1"
"ROTH,BL","1"
"ROTH,WT","1"
"ROTHSTEIN,JD","1"
"ROY,A","1"
"RUBIN,DC","1"
"RUFF,RM","1"
"RUNESON,B","1"
"RUSSELL,G","1"
"RUSSELL,JA","1"
"RUTHERFORD,LC","1"
"RYAN,ND","1"
"SACCO,KA","1"
"SACKETT,DL","1"
"SAHAKIAN,BJ","1"
"SANGER,TM","1"
"SAPER,CB","1"
"SATZ,P","1"
"SAUNDERS,JB","1"
"SCHAFER,FQ","1"
"SCHAID,DJ","1"
"SCHATZBERG,AF","1"
"SCHELL,GR","1"
"SCHILDKRAUT,JJ","1"
"SCHLAUG,G","1"
"SCHMIDT,CJ","1"
"SCHMIDT,PJ","1"
"SCHMIDT-HIEBER,C","1"
"SCHNEIDER,LS","1"
"SCHRAG,A","1"
"SCHULZ,JB","1"
"SCHWAB,SG","1"
"SCHWARTZ,JM","1"
"SCOLNICK,E","1"
"SCOTT,LAURA J.","1"
"SEAB,JP","1"
"SEGUELA,P","1"
"SEGURADO,R","1"
"SELKOE,DJ","1"
"SELYE,H","1"
"SEMENZA,GL","1"
"SENSKY,T","1"
"SERI,B","1"
"SETTE,C","1"
"SHAMBLOTT,MJ","1"
"SHAPIRO,MD","1"
"SHAPIRO,S","1"
"SHARP,AJ","1"
"SHAYWITZ,BA","1"
"SHEAR,MK","1"
"SHER,KJ","1"
"SHERRINGTON,R","1"
"SHI,LM","1"
"SHIFFMAN,SAUL","1"
"SHILOH,R","1"
"SHIMASAKI,Y","1"
"SHIMOKAWA,H","1"
"SHIN,LM","1"
"SHINGO,T","1"
"SHORS,TJ","1"
"SHU,YS","1"
"SIBLEY,DR","1"
"SIEGLE,GJ","1"
"SIFNEOS,PE","1"
"SILK,JS","1"
"SILVA,LR","1"
"SIMES,RJ","1"
"SINGER,JD","1"
"SKODOL,AE","1"
"SKRE,I","1"
"SLATER,E","1"
"SLOAN,JH","1"
"SMITH,AD","1"
"SMITH,TE","1"
"SMOLKA,MN","1"
"SNITZ,BE","1"
"SNYDER,SH","1"
"SOKAL,ROBERT R.","1"
"SOMMER,I","1"
"SOMOGYI,P","1"
"SPAULDING,WD","1"
"SPIEGEL,K","1"
"SPRAGUE,RL","1"
"SQUIRES,NK","1"
"STARK,P","1"
"STARKE,K","1"
"STEIN,L","1"
"STEINBUSCH,HW","1"
"STEINER,H","1"
"STELLER,H","1"
"STEVENS,G","1"
"STIP,E","1"
"STONE,ARTHUR S.","1"
"STOOF,J. C.","1"
"STORCK,T","1"
"STOYKOVA,A","1"
"STREISSGUTH,AP","1"
"STUDER,L","1"
"STUSS,D.","1"
"SUDHOF,TC","1"
"SULZER,D","1"
"SUSSER,E","1"
"SUTTON,AJ","1"
"SZATMARI,PETER","1"
"TAJIMA,F","1"
"TALBOT,K","1"
"TALLAL,P","1"
"TANG,MX","1"
"TAO,X","1"
"TARLOV,AR","1"
"TARTER,RE","1"
"TAYLOR,DC","1"
"TAYLOR,SE","1"
"TESSIERLAVIGNE,M","1"
"THOMSON,J","1"
"THOMSON,JA","1"
"TIFFANY,ST","1"
"TIIHONEN,JARI","1"
"TISHKOFF,SARAH A.","1"
"TOBLER,PN","1"
"TOKUHIRO,S","1"
"TOMBAUGH,TN","1"
"TOMLINSO.BE","1"
"TORRENT,CARLA","1"
"TORREY,WC","1"
"TOWLE,VL","1"
"TRIVERS,RL","1"
"TSACOPOULOS,M","1"
"TSIRKA,SE","1"
"TUCH,DS","1"
"TUCKER,L","1"
"TULVING,E.","1"
"TUNBRIDGE,ELIZABETH M.","1"
"UHER,R.","1"
"ULLMAN,J. B.","1"
"UNGERSTEDT,U","1"
"UPRICHARD,DC","1"
"VAIDYA,CJ","1"
"VALENSTEIN,M","1"
"VAN LEEMPUT,K","1"
"VAN OS,J","1"
"VAN VEEN,V","1"
"VARGHAKHADEM,F","1"
"VENTURA,J.","1"
"VIDEBECH,P","1"
"VOGT,BA","1"
"VUILLEUMIER,P","1"
"WAGNER,AD","1"
"WALKER,E.A.","1"
"WALTHER,DJ","1"
"WANG,DG","1"
"WANG,KAI","1"
"WANG,L","1"
"WANG,RL","1"
"WANG,YANGMING","1"
"WANG,ZHIBIN","1"
"WARD,JH","1"
"WARE,JE","1"
"WARNES,H","1"
"WATANABE,Y","1"
"WATERS,B","1"
"WATERSTON,RH","1"
"WATKINS,LR","1"
"WCIORKA,J","1"
"WEIDEN,P","1"
"WEINER,DM","1"
"WEISSENBORN,K","1"
"WELLS,WM","1"
"WENDER,PH","1"
"WEST,AE","1"
"WIEDENMANN,B","1"
"WIGHTMAN,RM","1"
"WILLIAMS,LR","1"
"WILSON,WH","1"
"WING,J.K.","1"
"WINSTON,JS","1"
"WIRSHING,DA","1"
"WISE,R","1"
"WOERNER,MG","1"
"WOLPERT,DM","1"
"WOOLF,CJ","1"
"WOOLRICH,MW","1"
"WOOLSEY,C N","1"
"WOOSTER,R","1"
"WRAY,GA","1"
"WRIGHT,S.","1"
"WU,FS","1"
"XU,BJ","1"
"YANG,CR","1"
"YE,WL","1"
"YESAVAGE,JA","1"
"YOON,SO","1"
"YOUNG,SN","1"
"YOUNG,WS","1"
"YU,JY","1"
"ZALD,DH","1"
"ZEKI,S","1"
"ZHANG,HT","1"
"ZHAO,CHUNMEI","1"
"ZHAO,CM","1"
"ZHAO,YONG","1"
"ZIGMOND,AS","1"
"ZIMBROFF,DL","1"
"ZIMMER,DB","1"
"ZITO,JM","1"
"ZOCCOLILLO,M","1"
"ZUNG,WWK","1"
"ZWEIFEL,JE","1"
