"SHENTON,ME","2976"
"WEINBERGER,DR","2945"
"BREMNER,JD","2913"
"BASSER,PJ","2575"
"PIERPAOLI,C","205"
"MORI,S","135"
"SAPOLSKY,RM","129"
"CASPI,A","111"
"CONTURO,TE","108"
"JONES,DK","106"
"MOSELEY,ME","105"
"MCEWEN,BS","104"
"SHELINE,YI","103"
"EGAN,MF","89"
"KESSLER,RC","75"
"GOULD,E","71"
"HARRISON,PJ","68"
"FRISTON,KJ","66"
"SQUIRE,LR","66"
"STEJSKAL,EO","66"
"DREVETS,WC","61"
"HEIM,C","60"
"MAYBERG,HS","60"
"OLNEY,JW","59"
"BEAULIEU,C","55"
"JAVITT,DC","54"
"ANDREASEN,NC","53"
"ASHBURNER,J","53"
"LEDOUX,JE","51"
"DUMAN,RS","50"
"LEBIHAN,D","49"
"HARIRI,AR","45"
"LE BIHAN,D","44"
"ONGUR,D","43"
"CATANI,M","41"
"PAJEVIC,S","41"
"WRIGHT,IC","41"
"BEHRENS,TEJ","40"
"NIBUYA,M","40"
"TUCH,DS","40"
"LEWIS,DA","39"
"BENES,FM","38"
"SCHULTZ,W","36"
"GOTTESMAN,II","34"
"MALBERG,JE","34"
"GOLDMANRAKIC,PS","33"
"GOOD,CD","33"
"SUDDATH,RL","33"
"BOGERTS,B","32"
"JENKINSON,M","32"
"SELEMON,LD","32"
"KRYSTAL,JH","31"
"DAVIS,M","30"
"GREEN,MF","30"
"GREICIUS,MD","30"
"JEZZARD,P","30"
"NESTLER,EJ","30"
"RAICHLE,ME","30"
"SANTARELLI,L","30"
"SINGER,W","30"
"BRAFF,DL","29"
"ERIKSSON,PS","29"
"MORRIS,JS","29"
"SAYKIN,AJ","29"
"BLAKE,DD","28"
"KAY,SR","28"
"PHILLIPS,ML","28"
"WOODS,RP","28"
"FRISTON,K.J.","26"
"GIEDD,JN","26"
"GRAY,CM","26"
"LESCH,KP","26"
"PEZAWAS,L","26"
"PLOTSKY,PM","26"
"SMITH,MA","26"
"STEFANSSON,H","26"
"WAKANA,S","26"
"FELITTI,VJ","25"
"RAUCH,SL","25"
"SONG,SK","25"
"WILLIAMS,GV","25"
"BUZSAKI,G","24"
"DAVIS,KL","24"
"KEMPERMANN,G","24"
"MEANEY,MJ","24"
"MILAD,MR","24"
"MESULAM,MM","23"
"MOGHADDAM,B","23"
"WEAVER,ICG","23"
"CARLSSON,A","22"
"GESCHWIN.N","22"
"LARUELLE,M","22"
"LIU,D","22"
"RAJKOWSKA,G","22"
"VARELA,F","22"
"WARACH,S","22"
"WHALEN,PJ","22"
"ALEXANDER,GE","21"
"HAMILTON,M","21"
"HERMAN,JP","21"
"SMITH,SM","21"
"TALLON-BAUDRY,C","21"
"BUSH,G","20"
"CAMERON,HA","20"
"CORBETTA,M","20"
"GESCHWIND,N","20"
"GILBERTSON,MW","20"
"HUTTENLOCHER,PR","20"
"KANE,J","20"
"LIM,KO","20"
"OLDFIELD,RC","20"
"PHILLIPS,RG","20"
"SEEMAN,P","20"
"BISWAL,B","19"
"BRESLAU,N","19"
"CREESE,I","19"
"JOHNSTONE,EC","19"
"MILLER,EK","19"
"NEIL,JJ","19"
"TRAPP,BD","19"
"WOOLLEY,CS","19"
"CHENEVERT,TL","18"
"FRIES,P","18"
"GRACE,AA","18"
"HAKAK,Y","18"
"JACOBSON,L","18"
"LIDDLE,PF","18"
"LOHMUELLER,KE","18"
"NEMEROFF,CB","18"
"OCHSNER,KN","18"
"OWENS,MJ","18"
"PFEFFERBAUM,A","18"
"VANGELDEREN,P","18"
"COYLE,JT","17"
"GUSNARD,DA","17"
"LACHMAN,HM","17"
"LAWRIE,SM","17"
"ORDIDGE,RJ","17"
"POUPON,C","17"
"VAN PRAAG,H","17"
"BARTA,PE","16"
"BROWN,R","16"
"DE KLOET,ER","16"
"HENKELMAN,RM","16"
"MUNCK,A","16"
"PAUS,T","16"
"PHELPS,EA","16"
"REESE,TG","16"
"RODRIGUEZ,E","16"
"STERIADE,M","16"
"BECK,AT","15"
"BLISS,TVP","15"
"BREITER,HC","15"
"BROZOSKI,TJ","15"
"FOX,MD","15"
"LOGOTHETIS,NK","15"
"MAKRIS,N","15"
"MCGAUGH,JL","15"
"WATANABE,Y","15"
"WERRING,DJ","15"
"WORSLEY,KJ","15"
"XUE,R","15"
"BAXTER,LR","14"
"BECKMANN,CF","14"
"CARLSSON,M","14"
"CROW,TJ","14"
"GOLDMAN-RAKIC,P. S.","14"
"MAGUIRE,EA","14"
"MILLAR,JK","14"
"DELISI,LE","13"
"FELLEMAN,DANIEL J.","13"
"FUNAHASHI,S","13"
"HARDY,J","13"
"KENDLER,KS","13"
"LIEBERMAN,JA","13"
"MELTZER,HY","13"
"REUL,JMHM","13"
"SHIRAYAMA,Y","13"
"AKBARIAN,S","12"
"BERGER,H","12"
"CABEZA,R","12"
"COLLINS,DL","12"
"DEVINSKY,O","12"
"DUNN,AJ","12"
"ENGEL,AK","12"
"FREUND,TF","12"
"GLANTZ,LA","12"
"HOLSBOER,F","12"
"HUANG,EJ","12"
"JOHNSON,JW","12"
"KATZ,LC","12"
"KIM,JJ","12"
"LUBY,ED","12"
"MARKRAM,H","12"
"MEEHL,PE","12"
"MILNER,B","12"
"PRUESSMANN,KP","12"
"SAWAGUCHI,T","12"
"ADOLPHS,R","11"
"CHAKOS,MH","11"
"CLONINGER,CR","11"
"FARDE,L","11"
"FREEDMAN,R","11"
"HUPPI,PS","11"
"KAPUR,S","11"
"KELLER,MB","11"
"LUPIEN,SJ","11"
"MAGARINOS,AM","11"
"MAROUDAS,A","11"
"MCEWEN,BRUCE S.","11"
"MORGAN,MA","11"
"NELSON,MD","11"
"NORRIS,FH","11"
"OKEEFE,J","11"
"OVERALL,JE","11"
"SEAMANS,JK","11"
"SESACK,SR","11"
"TURNER,R","11"
"WONG,DF","11"
"YAKOVLEV,PI","11"
"ANDERSON,AW","10"
"ARBORELIUS,L","10"
"BARKER,AT","10"
"BECHARA,A","10"
"BERNSTEIN,EM","10"
"BRAFF,D","10"
"CARR,HY","10"
"CARROLL,BJ","10"
"CHROUSOS,GP","10"
"DE STEFANO,N","10"
"FILIPPI,M","10"
"GENOVESE,CR","10"
"GOGOS,JA","10"
"GRAYBIEL,AM","10"
"JAKOB,H","10"
"KANDEL,ER","10"
"KAUFMAN,J","10"
"KLINGBERG,T","10"
"LABAR,KS","10"
"LANCASTER,JL","10"
"LLINAS,RR","10"
"MAZZIOTTA,JC","10"
"MOW,VC","10"
"NADER,K","10"
"OGAWA,S","10"
"PANTELIS,C","10"
"POO,MM","10"
"POSNER,MI","10"
"SCOVILLE,WB","10"
"SHIN,LM","10"
"SPITZER,RL","10"
"STARKMAN,MN","10"
"STIELTJES,B","10"
"STRAUB,RE","10"
"SULLIVAN,PF","10"
"UNO,H","10"
"ZOLAMORGAN,S","10"
"ALEXANDER,AL","9"
"ALEXANDER,DC","9"
"BADNER,JA","9"
"BULLMORE,EDWARD T.","9"
"CALLICOTT,JH","9"
"CARTER,CS","9"
"DAMOISEAUX,J. S.","9"
"DAVIDSON,RJ","9"
"DESIMONE,R","9"
"ENGERT,F","9"
"FRANK,E","9"
"GOGTAY,N","9"
"GUNDERSEN,HJG","9"
"KIRSCHBAUM,C","9"
"LACHAUX,JP","9"
"LEWIS,CM","9"
"PAPEZ,JW","9"
"PARDO,JV","9"
"PETRIDES,M","9"
"PHAN,KL","9"
"SELZER,ML","9"
"SOWELL,ER","9"
"STERNBERG,EM","9"
"STUDHOLME,C","9"
"WATTS,DJ","9"
"WITELSON,SF","9"
"BERNSTEIN,DP","8"
"BUCHSBAUM,MS","8"
"BUCKNER,RANDY L.","8"
"CHEN,B","8"
"COHEN,JD","8"
"COHEN,LG","8"
"FOA,EB","8"
"FOOTE,SL","8"
"FOX,MICHAEL D.","8"
"FRANCIS,D","8"
"HSU,EW","8"
"KORTE,M","8"
"KUHN,HG","8"
"LIVAK,KJ","8"
"LOTTA,T","8"
"MACCABEE,PJ","8"
"MACDONALD,AW","8"
"MAKEIG,S","8"
"RATTAY,F","8"
"SMITH,STEPHEN M.","8"
"SWANSON,LW","8"
"THOMPSON,PM","8"
"WHITTINGTON,MA","8"
"ZHANG,YY","8"
"ADLER,LE","7"
"ALBERT,R","7"
"BREIER,A","7"
"BRUNBERG,JA","7"
"BRUNNER,HG","7"
"CHEN,ZY","7"
"CHOI,DW","7"
"COX,RW","7"
"DEKLOET,ER","7"
"DUNCAN,J","7"
"EGGER,M","7"
"FEINBERG I","7"
"FOLSTEIN,MF","7"
"FRITH,CD","7"
"GALEA,S","7"
"GIROS,B","7"
"GUR,RE","7"
"GURVITS,TV","7"
"HAXBY,JV","7"
"HEIMER,L","7"
"HODGKIN,AL","7"
"JAENISCH,R","7"
"JENTSCH,JD","7"
"JONES,P","7"
"KRISHNAN,KRR","7"
"KWONG,KK","7"
"LIEBERMAN,J","7"
"LIPTON,SA","7"
"MALDJIAN,JA","7"
"MASTEN,AS","7"
"MATTAY,VS","7"
"MCCARLEY,RW","7"
"MCGHIE,A","7"
"MEDNICK,SA","7"
"MONYER,H","7"
"NIENDORF,T","7"
"QUIRK,GJ","7"
"RAKIC,P","7"
"ROBINS,LN","7"
"ROTH,BJ","7"
"SEELEY,WILLIAM W.","7"
"SELYE,H","7"
"SIGMUNDSSON,T","7"
"SILBERSWEIG,DA","7"
"SOARES,JC","7"
"STEIN,MB","7"
"STROOP,JR","7"
"TZOURIO-MAZOYER,N","7"
"VOGT,BRENT A.","7"
"WATSON,C","7"
"YEHUDA,R","7"
"ALLEN,YS","6"
"ALTMAN,J","6"
"ARFANAKIS,K","6"
"BADDELEY,A","6"
"BOOKHEIMER,SY","6"
"BOTSTEIN,D","6"
"BOUTON,ME","6"
"COLHOUN,HM","6"
"DANTZER,ROBERT","6"
"DERSIMONIAN,R","6"
"DOLAN,RJ","6"
"ENDICOTT,J","6"
"FRANK,LR","6"
"GALABURDA,AM","6"
"GOLD,PW","6"
"GOLDBERG,TE","6"
"HAGMANN,PATRIC","6"
"HASELGROVE,JC","6"
"HERKENHAM,M","6"
"HO,BC","6"
"HOGE,CW","6"
"KAGAN,J","6"
"KANG,HJ","6"
"KARGER,J","6"
"KASTNER,S","6"
"KOOB,GF","6"
"LUINE,V","6"
"MAJEWSKA,MD","6"
"MALINOW,R","6"
"MARDER,SR","6"
"MCALLISTER,AK","6"
"MCCLELLAND,GH","6"
"MCEWEN,B","6"
"MISSALE,C","6"
"MORRIS,RGM","6"
"MURRAY,RM","6"
"NUSBAUM,AO","6"
"PASCUALLEONE,A","6"
"PAUTLER,RG","6"
"PENFIELD,W","6"
"PETERSEN,RC","6"
"RAISON,CL","6"
"RAZ,N","6"
"ROZANSKI,A","6"
"SCHINAGL,RM","6"
"SCHUSTER,MA","6"
"SHAFFER,D","6"
"SORENSEN,AG","6"
"SWAYZE,VW","6"
"SWERDLOW,NR","6"
"TERRY,RD","6"
"TRIVEDI,MH","6"
"VOLKOW,ND","6"
"WESTIN,CF","6"
"WHITE,PF","6"
"WIEGELL,MR","6"
"YUNG,AR","6"
"ZIPURSKY,RB","6"
"ABOITIZ,F","5"
"AMASSIAN,VE","5"
"AXELROD,J","5"
"BAIRD,AE","5"
"BARTKO,JJ","5"
"BEHRENS,T. E. J.","5"
"BENOWITZ,LI","5"
"BOOKSTEIN,FL","5"
"BUCHEL,C","5"
"BUCKNER,RL","5"
"CASTELLANOS,FX","5"
"CHAMBERS,WJ","5"
"CONN,PJ","5"
"CORY,DG","5"
"DAVIS,JM","5"
"DIAS,R","5"
"ECKHORN,R","5"
"FIGUROV,A","5"
"FISCHL,B","5"
"FOX,PT","5"
"GAGE,FH","5"
"GILLIES,GE","5"
"GRAHAM,FK","5"
"HARDING,CM","5"
"HEILS,A","5"
"HEINZ,A","5"
"HIRSCHHORN,JN","5"
"HOLLMANN,M","5"
"HONEA,R","5"
"JACK,CR","5"
"KAPLAN,DR","5"
"KAPLAN,MS","5"
"KENDALLTACKETT,KA","5"
"KING,MC","5"
"KOSFELD,M","5"
"KOVACS,M","5"
"LEWIN,GR","5"
"LILLIEFO.HW","5"
"LISMAN,JE","5"
"LYONS,WE","5"
"MAES,F","5"
"MAIER,SF","5"
"MALENKA,RC","5"
"MALHOTRA,AK","5"
"MARSICANO,G","5"
"MCCORMICK,DA","5"
"MCGORRY,PD","5"
"MCGOWAN,PATRICK O.","5"
"MILLER,GA","5"
"NELSON,HE","5"
"NEWMAN,MEJ","5"
"NICHOLS,TE","5"
"PALMER,TD","5"
"PARENT,JM","5"
"PORSOLT,RD","5"
"REILLY,JP","5"
"RESNICK,SM","5"
"ROBINSON,DG","5"
"ROELFSEMA,PR","5"
"ROSENTHAL,R","5"
"ROSENTHAL,R.","5"
"SCHLAEPFER,TE","5"
"SELIGMAN,ME","5"
"SHIFMAN,S","5"
"SLED,JG","5"
"STROGATZ,SH","5"
"THOENEN,H","5"
"URBAN,JPG","5"
"VANTOL,HHM","5"
"VIRTA,A","5"
"VYAS,A","5"
"WALSH,TOM","5"
"WATSON,D","5"
"WEATHERS,FW","5"
"WILSON,MA","5"
"YEUNG,PK","5"
"YOUNG,RC","5"
"ZUCKER,RS","5"
"ABECASIS,GR","4"
"ACHARD,S","4"
"AGGLETON,JP","4"
"ALBIN,RL","4"
"AMARAL,DG","4"
"ARAQUE,A","4"
"ARNSTEN,AFT","4"
"ARON,AR","4"
"ASTONJONES,G","4"
"BALLENGER,JC","4"
"BARABASI,AL","4"
"BARRETT,JC","4"
"BATEMAN,A","4"
"BENJAMINI,Y","4"
"BERKMAN,LF","4"
"BILDER,RM","4"
"BLACKWOOD,DHR","4"
"BLOCH,F","4"
"BLOEMBERGEN,N","4"
"CAHILL,L","4"
"CALDJI,C","4"
"CARMICHAEL,ST","4"
"CARPENTER,WT","4"
"CARTER,RJ","4"
"CAVADA,C","4"
"CHIEN,D","4"
"COBB,SR","4"
"COHEN,D","4"
"COWAN,WM","4"
"CRONBACH,LJ","4"
"CZEH,B","4"
"DICKERSON,SS","4"
"DONCHIN,E","4"
"DONE,DJ","4"
"DOUEK,P","4"
"DUBE,SR","4"
"EICHENBAUM,H","4"
"EINSTEIN,A","4"
"ERDOS,P.","4"
"FENDT,M","4"
"FINKELHOR,D","4"
"FLOWER,RJ","4"
"GABRIELI,JDE","4"
"GARAVAN,H","4"
"GARRITY,ABIGAIL G.","4"
"GEYER,MA","4"
"GRIFFITHS,I","4"
"GROENEWEGEN,HJ","4"
"GUILAK,F","4"
"HAJNAL,JV","4"
"HARO,JM","4"
"HEMPSTEAD,BL","4"
"HORIKAWA,Y","4"
"IOANNIDIS,JPA","4"
"JURVELIN,JS","4"
"KATONA,I","4"
"KEANE,TM","4"
"KERNS,JG","4"
"LAI,WM","4"
"LANDER,ES","4"
"LATORA,V","4"
"LEUCHT,S","4"
"MANSFIELD,P","4"
"MAREN,S","4"
"MARKS,MP","4"
"MAROUDAS,A.","4"
"MATTIELLO,J","4"
"MAYER,ML","4"
"MAZZIOTTA,J","4"
"MCDONALD,AJ","4"
"MCGUIRE,PK","4"
"MISHKIN,M","4"
"MIYASHITA,T","4"
"MONTGOMERY,SA","4"
"MURER,MG","4"
"MURRAY,CJL","4"
"OZER,EJ","4"
"PATTERSON,SL","4"
"PITMAN,RK","4"
"PRITCHARD,JK","4"
"PRIVAT,A","4"
"RADLOFF L S","4"
"RESNICK,HS","4"
"RISCH,N","4"
"RISCH,NEIL","4"
"RIZZOLATTI,G","4"
"ROSENBLUM,MG","4"
"ROSMOND,R","4"
"ROSVOLD,HE","4"
"ROTH,V","4"
"RUECKERT,D","4"
"SALAT,DH","4"
"SAMPSON,RJ","4"
"SEN,S","4"
"SHALLICE,T","4"
"SHAYWITZ,BA","4"
"SKINNER,HA","4"
"SOTAK,CH","4"
"SPERRY,RW","4"
"SPIEGEL,K","4"
"SPIELMAN,RS","4"
"STEVENS,JR","4"
"STRAKOWSKI,SM","4"
"SUNAHARA,RK","4"
"SZABO,J","4"
"TANDA,G","4"
"THIERRY,AM","4"
"TOFTS,PS","4"
"TOURNIER,JD","4"
"TSAI,GC","4"
"ULUG,AM","4"
"VALE,W","4"
"VAN DER VALK,P","4"
"VONHOLST,E","4"
"WASSERMANN,EM","4"
"WELLS,W M 3RD","4"
"WHITTALL,KP","4"
"WILSON,RI","4"
"WISE,RA","4"
"WOO,SLY","4"
"WOODS,SW","4"
"XING,D","4"
"ZUBIETA,JK","4"
"ADAMS,JM","3"
"AHN,CB","3"
"AKIZUKI,S","3"
"AMODIO,DM","3"
"AMSTERDAM,A","3"
"ANIS,NA","3"
"ARMSTRONG,CG","3"
"BARBAS,H","3"
"BARKOVICH,AJ","3"
"BARNES,TRE","3"
"BASHIR,A","3"
"BASTIN,ME","3"
"BAUMEISTER,RF","3"
"BEASLEY,CM","3"
"BERNS,RS","3"
"BERRIDGE,KC","3"
"BLOUIN,JL","3"
"BORKOWSK.JG","3"
"BOROVIKOVA,LV","3"
"BOTVINICK,M","3"
"BOTVINICK,MM","3"
"BRAAK,H","3"
"BRITTON,TC","3"
"BRODY,BA","3"
"BROVELLI,A","3"
"BRUNET,A","3"
"CALAMANTE,F","3"
"CANNONSPOOR,HE","3"
"CAPURON,L","3"
"CASES,O","3"
"CASPI,AVSHALOM","3"
"CHILDRESS,AR","3"
"CHU,JA","3"
"CHUN,MM","3"
"CLARK,CA","3"
"CORDER,EH","3"
"COURCHESNE,E","3"
"CRYAN,JF","3"
"DE BELLIS,MD","3"
"DE QUERVAIN,DJF","3"
"DEBELLIS,MD","3"
"DELONG,MR","3"
"DEMPSTER,AP","3"
"DIERKS,T","3"
"DINGLEDINE,R","3"
"DIORIO,D","3"
"DOYLE,DA","3"
"EIS,M","3"
"EPSTEIN,CM","3"
"FARNDALE,RW","3"
"FELL,J","3"
"FERRARA,N","3"
"FORDHAM,EJ","3"
"FRITSCHY,JM","3"
"FUSTER,JM","3"
"GALLAGHER,HL","3"
"GARRIDO,L","3"
"GAZZANIGA,MS","3"
"GEHRING,WJ","3"
"GEVINS,A","3"
"GHOSH,A","3"
"GOODMAN,SH","3"
"GOODMAN,WK","3"
"GRISWOLD,MA","3"
"HAHN,EL","3"
"HARRISON,G","3"
"HEINRICHS,RW","3"
"HENNIG,J","3"
"HIGGINS,JPT","3"
"HOLLENBERG,SM","3"
"HORSFIELD,MA","3"
"HOUSE,JS","3"
"HOWLETT,AC","3"
"HOYER,D","3"
"HUANG,NE","3"
"IKONOMIDOU,C","3"
"JAHNSEN,H","3"
"JONIDES,J","3"
"KALIVAS,PW","3"
"KANWISHER,N","3"
"KEMPSON,GE","3"
"KIEVIT,J","3"
"KIM,JS","3"
"KIM,YJ","3"
"KOPELL,N","3"
"KRAMER,MS","3"
"KRETTEK,JE","3"
"KROENKE,K","3"
"KUTAS,M","3"
"LAHTI,AC","3"
"LAIRD,AR","3"
"LAND,EH","3"
"LANDFIELD,PW","3"
"LANG,PJ","3"
"LASSER,RA","3"
"LAU,J","3"
"LAUTERBUR,PC","3"
"LEE,R","3"
"LEHMAN,AF","3"
"LEVITAN,ES","3"
"LICHTHEIM,L","3"
"LINDSAY,RM","3"
"LLINAS,R","3"
"LOEBEL,AD","3"
"LORD,C","3"
"LOWE,MJ","3"
"MACDERMOTT,AB","3"
"MACMILLAN,HL","3"
"MACQUEEN,GM","3"
"MAES,M","3"
"MARMOT,MG","3"
"MARSHALL,WA","3"
"MATSUDA,LA","3"
"MCBAIN,CJ","3"
"MCCAULEY,J","3"
"MCKHANN,G","3"
"MEYER-LINDENBERG,A","3"
"MINTOROVITCH,J","3"
"MORIYOSHI,K","3"
"MOTHET,JP","3"
"MURPHY,KC","3"
"MUSSELMAN,DL","3"
"NAKADA,T","3"
"NAKANISHI,S","3"
"NOWAK,L","3"
"NOWAKOWSKI,RS","3"
"NUECHTERLEIN,KH","3"
"O'DOHERTY,J","3"
"O'SULLIVAN,M","3"
"PARIANTE,CM","3"
"PELED,S","3"
"PHELPS,ME","3"
"PINKEL,D","3"
"POLICH,J","3"
"PREMACK,D.","3"
"PRICE,CJ","3"
"PROVENCHER,SW","3"
"PULVER,AE","3"
"PURCELL,SHAUN M.","3"
"RANCK,JB","3"
"RAO,RPN","3"
"REPETTI,RL","3"
"RESCORLA,RA","3"
"RHO,JY","3"
"RISCH,NJ","3"
"ROBBINS,TW","3"
"ROBINSON,TE","3"
"ROSENBERG,NA","3"
"ROTHSTEIN,JD","3"
"RUSH,S","3"
"RYFF,CD","3"
"SAH,RLY","3"
"SEBAT,J","3"
"SHEEHAN,DV","3"
"SHERGILL,SS","3"
"SHORS,TJ","3"
"SIMPSON,G M","3"
"SKARE,S","3"
"SNIDER,WD","3"
"SOKOLOFF,P","3"
"SPEAR,LP","3"
"SQUIRES,NK","3"
"STANFIELD,BB","3"
"STEFANSSON,HREINN","3"
"STEPHENS,M","3"
"STERN,CE","3"
"STILBS,PETER","3"
"STRAUSS,JS","3"
"TANNER,JE","3"
"TAO,X","3"
"TOGA,AW","3"
"TORREY,EF","3"
"TRAN,PV","3"
"TSANKOVA,NM","3"
"TYLER,WJ","3"
"UGAWA,Y","3"
"UNGERLEIDER,LESLIE G.","3"
"VENN,M","3"
"VIDEBECH,P","3"
"WANG,XJ","3"
"WECHSLER,DAVID","3"
"WEDEEN,V.J.","3"
"WEISS,JM","3"
"WEST,MJ","3"
"WILLIAMS,JMG","3"
"WONG,EC","3"
"WU,DH","3"
"XU,Y","3"
"YERKES,RM","3"
"YUAN,JY","3"
"ZARATE,CARLOS A.,JR.","3"
"ZHAO,CHUNMEI","3"
"ZUNG,WWK","3"
"ABI-DARGHAM,A","2"
"AGHAJANIAN,GK","2"
"AGID,O","2"
"ALLMAN,JM","2"
"ALTSHULER,D","2"
"ALTSHULER,LL","2"
"AMARAL D G","2"
"ANDA,RF","2"
"ANDERSSON,JLR","2"
"ANGRIST,B M","2"
"ANGST,J","2"
"ARRIZA,JL","2"
"ASHTARI,MANZAR","2"
"AXELSON,DA","2"
"AYLWARD,E","2"
"BAILEY,A","2"
"BAKER,DG","2"
"BANDETTINI,PA","2"
"BARDE,YA","2"
"BARKER,DJP","2"
"BARNES,NM","2"
"BARRAT,A","2"
"BEAR,MARK F.","2"
"BEARDEN,CE","2"
"BECK,A T","2"
"BELLIVEAU,JW","2"
"BENNINGHOFF,A","2"
"BERMAN,RM","2"
"BERRIDGE,MJ","2"
"BERTON,O","2"
"BESEDOVSKY,HO","2"
"BITSCH,A","2"
"BLACKBURN,EH","2"
"BLAIR,RJR","2"
"BLAKELY,RD","2"
"BLIER,P","2"
"BOWER,GH","2"
"BOYCE,WT","2"
"BOYNTON,GM","2"
"BRADLEY,MM","2"
"BRASILNETO,JP","2"
"BRAY,NJ","2"
"BREWIN,CR","2"
"BRUCE,CJ","2"
"BUCHANAN,RW","2"
"BUELLER,JA","2"
"BUNGE,SA","2"
"BUNNEY,BS","2"
"BUNNEY,WE","2"
"BUNZOW,JR","2"
"BURNS,J","2"
"BURT,DB","2"
"BUSCHMANN,MD","2"
"BUXTON,RB","2"
"CALLAGHAN,PT","2"
"CANNON,M","2"
"CANOLTY,R. T.","2"
"CANTLEY,LC","2"
"CARDINAL,RN","2"
"CARTMELL,J","2"
"CARVER,CS","2"
"CASEY,BJ","2"
"CATERINA,MJ","2"
"CHAO,MV","2"
"CHARNEY,DS","2"
"CHEN,WG","2"
"CHIU,SY","2"
"CHOI,SJ","2"
"CHUMAKOV,I","2"
"CLAUS,D","2"
"CLEVELAND,GG","2"
"CLINE,HE","2"
"COHEN,S","2"
"COLCOMBE,S","2"
"COLLINS,FS","2"
"CONNORS,BW","2"
"COOK,EH","2"
"COPLAN,JD","2"
"CORDONCARDO,C","2"
"COUNSELL,SJ","2"
"CRAIG,AD","2"
"CUMMINGS,JL","2"
"DALE,AM","2"
"DALLMAN,MF","2"
"DARCANGELO,G","2"
"DATTA,SR","2"
"DAVATZIKOS,C","2"
"DAVIE,CA","2"
"DAY,BL","2"
"DEEGAN,P","2"
"DEHAL,P","2"
"DEL,P.L.","2"
"DEROGATIS,LR","2"
"DI LAZZARO,V","2"
"DIAMOND,A","2"
"DICHIARA,G","2"
"DIRNAGL,U","2"
"DOWLATSHAHI,D","2"
"DU,YS","2"
"DULAWA,SC","2"
"DYER,DG","2"
"EFRON,B","2"
"EGUILUZ,VM","2"
"EHRINGER,H","2"
"EPEL,ES","2"
"EXCOFFIER,L","2"
"EYRE,DR","2"
"FALLS,WA","2"
"FARRELL,JONATHAN A. D.","2"
"FAZEKAS,F","2"
"FELSON,DT","2"
"FERGUSON,B","2"
"FISH,B","2"
"FISHER,R","2"
"FLETCHER,PC","2"
"FORCE,A","2"
"FORMAN,SD","2"
"FRANK,EH","2"
"FRANKENHAEUSER,B","2"
"FRANSSON,P","2"
"FREEMAN,LC","2"
"FU,L","2"
"FUNDER,JW","2"
"GABRIEL,SB","2"
"GALAMBOS,R","2"
"GEORGOPOULOS,AP","2"
"GERSHON,ES","2"
"GIMPL,G","2"
"GITTELMA.R","2"
"GODEMENT,P","2"
"GODFREY,K","2"
"GOLDBERG,MR","2"
"GOLDMAN-RAKIC,PS","2"
"GOODIN,DS","2"
"GRANON,S","2"
"GRANT,DA","2"
"GRAY,JA","2"
"GREEN,DR","2"
"GREENBERG,BD","2"
"GREICIUS,MICHAEL D.","2"
"GROSS,C","2"
"GUITTON,D","2"
"HALGREN,E","2"
"HALLCHER,LM","2"
"HARRIS,EC","2"
"HASAN,KM","2"
"HAYS,RD","2"
"HELZER,JE","2"
"HERBERT,TB","2"
"HESS,CW","2"
"HEUMANN,R","2"
"HOLLANDER,AP","2"
"HOLROYD,CB","2"
"HOPFIELD,JJ","2"
"HOPFINGER,JB","2"
"HORNYKIE.O","2"
"HOROWITZ,M","2"
"HUANG,SC","2"
"HUANG,YZ","2"
"HUANG,ZJ","2"
"HUBL,D","2"
"HUFNAGEL,A","2"
"IMPAGNATIELLO,F","2"
"INGVAR,DH","2"
"IZATT,RM","2"
"JACOBSON,MD","2"
"JANSONS,KM","2"
"JERNIGAN,TL","2"
"JOHNSON,MK","2"
"JONES,KC","2"
"JONES,KR","2"
"JUDD,LL","2"
"JUST,MA","2"
"KANE,JA","2"
"KANE,JM","2"
"KANNER A D","2"
"KAWACHI,I","2"
"KEBABIAN,JW","2"
"KIM,T","2"
"KINNEY,HC","2"
"KINOSHITA,M","2"
"KLAUSBERGER,T","2"
"KLIMESCH,W","2"
"KOEPP,MJ","2"
"KOLB,B","2"
"KRAMER,AF","2"
"KRINGELBACH,ML","2"
"KRUSKAL,JB","2"
"KUHLMANN,T","2"
"LAMBERT,M","2"
"LANDER,E","2"
"LAPIDUS,L","2"
"LEE,JLC","2"
"LEE,KF","2"
"LEE,T","2"
"LEGRICE,IJ","2"
"LEMAIRE,V","2"
"LENDAHL,U","2"
"LEVIMONTALCINI,R","2"
"LEWIS,G","2"
"LIBERMAN,RP","2"
"LIBERZON,I","2"
"LIMOUSIN,P","2"
"LIPTON,P","2"
"LITTLE,KY","2"
"LIU,LD","2"
"LIVINGSTONE,MS","2"
"LOGAN,J","2"
"LOIS,C","2"
"LONGSTRETH,WT","2"
"LOW,K","2"
"LUBOW,RE","2"
"LUCKI,I","2"
"LUPIEN,SONIA J.","2"
"MACKINTOSH,NJ","2"
"MACLEOD,CM","2"
"MAES,MICHAEL","2"
"MAGISTRETTI,PJ","2"
"MAINTZ,J B","2"
"MAMOUNAS,LA","2"
"MANKIN,HJ","2"
"MANNISTO,PT","2"
"MARQUARDT,DW","2"
"MARTINOWICH,K","2"
"MASON,JW","2"
"MASON,MALIA F.","2"
"MATSUSHIMA,GK","2"
"MATSUZAKI,M","2"
"MCCARTHY,G","2"
"MCDONALD,JW","2"
"MCDONALD,RJ","2"
"MCGLASHAN,TH","2"
"MCNEAL,DR","2"
"MEER,P","2"
"MIRNICS,K","2"
"MOAKHER,M","2"
"MOHN,AR","2"
"MONAGHAN,DT","2"
"MONTEGGIA,LM","2"
"MORE,J. J.","2"
"MORRIS,JC","2"
"MORUZZI,G","2"
"MULKEY,RM","2"
"MUNN,DH","2"
"MYERS,JK","2"
"NAATANEN,R","2"
"NAKAMURA,M","2"
"NARROW,WE","2"
"NEVES-PEREIRA,M","2"
"NOBES,CD","2"
"NOBRE,AC","2"
"NOLENHOEKSEMA,S","2"
"OLTON,DS","2"
"ORMEL,J","2"
"OTSU,N","2"
"OZARSLAN,E","2"
"PAPADAKIS,NG","2"
"PARK,S","2"
"PARKER,GJM","2"
"PATIL,SANDEEP T.","2"
"PAYKEL,ES","2"
"PEARLSON,GD","2"
"PEARSON,G","2"
"PEARSON,TA","2"
"PELLERIN,L","2"
"PERKINS,DO","2"
"PETERSEN,SE","2"
"PEUSKENS,J","2"
"PICARD,N","2"
"PICTON,TW","2"
"PIN,JP","2"
"PLOMIN,R","2"
"PLUIM,JPW","2"
"POST,RM","2"
"PRITCHARD,WS","2"
"RAUCH,SCOTT L.","2"
"RAYMOND,JE","2"
"RAZIN,A","2"
"REDFIELD,AG","2"
"REGIER D A","2"
"REGIER,DA","2"
"REIVICH,M","2"
"RESSLER,KJ","2"
"REYNOLDS,GP","2"
"RIDDERINKHOF,KR","2"
"RIDKER,PM","2"
"RIOS,M","2"
"ROBINS,E","2"
"ROBINSON,D","2"
"ROHDE,GK","2"
"ROLLS,ET","2"
"ROSS,R","2"
"RUBIN,K. H.","2"
"RUMELHART,DE","2"
"RUSH,AJ","2"
"RUSHTON,WAH","2"
"SABOL,SZ","2"
"SACHIDANANDAM,R","2"
"SANACORA,G","2"
"SANCHEZ,MM","2"
"SARASON,IG","2"
"SASS,KJ","2"
"SAWA,A","2"
"SCHIFF,ND","2"
"SCHILDKRAUT,JJ","2"
"SCHMAHMANN,JD","2"
"SCHMIDT-HIEBER,C","2"
"SCHMIERER,KLAUS","2"
"SCHNEIDER,W","2"
"SEIDENBERG,MS","2"
"SELL,DR","2"
"SERI,B","2"
"SHAH,PJ","2"
"SHEPARD,RN","2"
"SHIH,JC","2"
"SHONKOFF,JP","2"
"SIUCIAK,JA","2"
"SKLAR,P","2"
"SMITH,ML","2"
"SNYDER,SH","2"
"SODICKSON,DK","2"
"SOUTHWICK,SM","2"
"SPORNS,O","2"
"STAM,CJ","2"
"STEEN,RG","2"
"STEIN,J","2"
"STEPHAN,KLAAS E.","2"
"STERNBER.S","2"
"STONE,TW","2"
"STOREY,JD","2"
"STRAFELLA,AP","2"
"SUSSER,ES","2"
"SUTTON,S","2"
"SWANSON,JW","2"
"SWEDO,SE","2"
"TALLAL,P","2"
"TANG,MX","2"
"TAYLOR,DG","2"
"TERAO,Y","2"
"THASE,ME","2"
"TOLLEFSON,GD","2"
"TORRENCE,C","2"
"TRANCHINA,D","2"
"TRULLAS,R","2"
"TSACOPOULOS,M","2"
"TSOU,K","2"
"TULVING,E","2"
"TURKELTAUB,PE","2"
"URENJAK,J","2"
"VAN LEEMPUT,K","2"
"VANHAESEBROECK,B","2"
"VARGHAKHADEM,F","2"
"VASAN,S","2"
"VELAKOULIS,D","2"
"VENTER,JC","2"
"VERHOEVEN,KJF","2"
"VERZIJL,N","2"
"VIDGREN,J","2"
"VINCENT,J. L.","2"
"VON ELM,ERIK","2"
"VYTHILINGAM,M","2"
"WEBER,KT","2"
"WEDEEN,VJ","2"
"WEINSHILBOUM,RM","2"
"WELLEN,KE","2"
"WEST,RL","2"
"WESTEN,D","2"
"WIESEL,TN","2"
"WIGHTMAN,RM","2"
"WILLIAMS,JBW","2"
"WILSON,RS","2"
"WILSON,W","2"
"WIMBERGER,DM","2"
"WITWER,BP","2"
"WOESSNER,JF","2"
"WOLFFENBUTTEL,BHR","2"
"WYATT,GE","2"
"YAMADA,I","2"
"YIRMIYA,R","2"
"YUSHKEVICH,PAUL A.","2"
"ZETTERSTROM,T","2"
"ZHU,S","2"
"ZOLAMORGAN,SM","2"
"ZUCCATO,C","2"
"AARSLAND,D","1"
"ABBOTT,LF","1"
"ABEL,T","1"
"ABERCROMBIE,ED","1"
"ABERCROMBIE,M","1"
"ABERG,MAI","1"
"ABRAHAM,WC","1"
"ABRAMSON,J","1"
"ACOSTA-RODRIGUEZ,EVA V.","1"
"ADAMS,B","1"
"ADAMS,JH","1"
"ADLER,NE","1"
"AHMED,MU","1"
"AID,TAMARA","1"
"AINSWORTH,BE","1"
"AITKEN,RCB","1"
"AKAIKE,H","1"
"AKIL,H","1"
"AKIL,M","1"
"ALDERTON,WK","1"
"ALEXOPOULOS,GS","1"
"ALIZADEH,AA","1"
"ALLEN,GI","1"
"ALLISON,DB","1"
"ALLISON,T","1"
"ALMASY,L","1"
"ALTAR,CA","1"
"ALTSCHUL,SF","1"
"AMANZIO,M","1"
"AMARAL,D","1"
"AMARAL,LAN","1"
"AMARI,SI","1"
"AMIN,AR","1"
"ANDEN,NE","1"
"ANDERSON,AK","1"
"ANDERSON,JC","1"
"ANDERSON,JJ","1"
"ANDERSON,SA","1"
"ANDREASEN,N","1"
"ANDREASSON,S","1"
"ANGERMEYER,MC","1"
"ANGEVINE,JAY B.","1"
"ANGEVINE,JB","1"
"ANISMAN,H","1"
"ANNETT,M","1"
"ANNUNZIATO,FRANCESCO","1"
"ANTHONY,WA","1"
"ANTONI,FA","1"
"ANTONIOU,J","1"
"ANTONOVSKY,A","1"
"ANWAY,MD","1"
"ARANA,GW","1"
"ARGOUBI,M","1"
"ARMITAGE,P","1"
"ARNOLD,SE","1"
"ARSENEAULT,L","1"
"ARTAVANIS-TSAKONAS,S","1"
"ARVANITIS,LA","1"
"ASGHARI,V","1"
"ASHKENAZI,A","1"
"ASIF,M","1"
"ASSAF,YANIV","1"
"ATHANASIOU,KA","1"
"ATKINSON,RC","1"
"ATTWELL,D","1"
"AUE,WP","1"
"AUPHAN,N","1"
"BABB,TL","1"
"BAGBY,RM","1"
"BAI,JL","1"
"BAILEY,JA","1"
"BAIN,G","1"
"BAINS,JS","1"
"BALDWIN,DS","1"
"BALLEINE,BW","1"
"BAMJI,SX","1"
"BAMMER,R","1"
"BANASR,MOUNIRA","1"
"BANK,RA","1"
"BANKER,BQ","1"
"BANNISTER,AJ","1"
"BARANES,D","1"
"BARCH,DM","1"
"BARGER,G","1"
"BARKLEY,RA","1"
"BARON,RM","1"
"BARON-COHEN,S","1"
"BARSKY,AJ","1"
"BARTROP,RW","1"
"BASSER,P.","1"
"BASSETT,DANIELLE SMITH","1"
"BASTA,G","1"
"BATESON,P","1"
"BATTIG,WF","1"
"BAUMANN,N","1"
"BAYES,T.","1"
"BEAL,MF","1"
"BEARD,MB","1"
"BEART,P. M.","1"
"BEATO,M","1"
"BEELER,GW","1"
"BEGG,CB","1"
"BELL,AJ","1"
"BELTRAMO,M","1"
"BEN-ARI,Y","1"
"BENCH,CJ","1"
"BENDER,R","1"
"BENEZRA,R","1"
"BENGTSSON,SL","1"
"BENGZON,J","1"
"BENSIMON,G","1"
"BENSON,G","1"
"BENTON,AL","1"
"BENYA,PD","1"
"BERG,ESTA A.","1"
"BERGER,SHELLEY L.","1"
"BERGMANN,G","1"
"BERKE,JD","1"
"BERNHEIM.H","1"
"BEZDEK,JC","1"
"BIEDERMAN,J","1"
"BIENENSTOCK,EL","1"
"BILLARD,W","1"
"BILLINGHURST,RC","1"
"BILLINGS,LM","1"
"BINDER,ELISABETH B.","1"
"BINDMAN,LJ","1"
"BIOT,MA","1"
"BIRCHWOOD,M","1"
"BIRD,A","1"
"BIRNBAUM,SM","1"
"BIRO,O","1"
"BJORNTORP,P","1"
"BLACK,JE","1"
"BLADT,F","1"
"BLAND,JM","1"
"BLASI,G","1"
"BLENIS,J","1"
"BLOCH,MH","1"
"BLOCK,J","1"
"BOCCALETTI,S","1"
"BODNAR,AG","1"
"BOECKMANN,B","1"
"BOLLET,AJ","1"
"BOND,GR","1"
"BONNI,A","1"
"BOOTH,AA","1"
"BOTVINICK,MATTHEW M.","1"
"BOURTCHULADZE,R","1"
"BOYER,PA","1"
"BRAGIN,A","1"
"BRAINARD,DH","1"
"BRANDON,NJ","1"
"BRAUN,P","1"
"BRAVER,TS","1"
"BRAVO,R","1"
"BREITMEYER,BG","1"
"BRETT,M","1"
"BRIDGERS,SL","1"
"BRISMAR,T","1"
"BRITTBERG,M","1"
"BRITTEN,RJ","1"
"BRITTON,DR","1"
"BROADBENT,DE","1"
"BROADHEAD,WE","1"
"BROCKLEHURST,R","1"
"BROMAN,KW","1"
"BROUILETTE,S","1"
"BROWN,AS","1"
"BROWN,EM","1"
"BROWN,GW","1"
"BROWN,JP","1"
"BROWN,MS","1"
"BROWN,PO","1"
"BROWN,S","1"
"BROWN,TD","1"
"BROWNE,A","1"
"BROWNLEE,M","1"
"BRUCK,W","1"
"BRUSTLE,O","1"
"BRZUSTOWICZ,LM","1"
"BUCCIARELLI,LG","1"
"BUCCINO,G","1"
"BUCKWALTER,JA","1"
"BULLMORE,ET","1"
"BUONANNO,A","1"
"BURGE,C","1"
"BURGES,CJC","1"
"BURGESS,N","1"
"BURN,JH","1"
"BURT D R","1"
"BUSCHMAN,TIMOTHY J.","1"
"BUTLER,DL","1"
"BUTTERFIELD,DA","1"
"CALABRESE,JR","1"
"CALHOUN,VD","1"
"CALIN,GA","1"
"CALLE,EE","1"
"CAMPBELL,JSW","1"
"CANNON,TYRONE D.","1"
"CANTOR-GRAAE,E","1"
"CARDON,LR","1"
"CARLIN,RK","1"
"CARR,L","1"
"CASCINO,GD","1"
"CASSEL,J","1"
"CASTELLI,FULVIA","1"
"CATTERALL,WA","1"
"CEDERLOEF,R","1"
"CELLA,DF","1"
"CHAHROUR,MARIA","1"
"CHAMBERS,RA","1"
"CHAN,CY","1"
"CHANG,LF","1"
"CHANGEUX,JP","1"
"CHANOCK,STEPHEN J.","1"
"CHAPMAN,DP","1"
"CHAPPELL,PB","1"
"CHEN,JS","1"
"CHEN,MS","1"
"CHEN,SS","1"
"CHEN,ZHE-YU","1"
"CHENG,Y","1"
"CHESLER,EJ","1"
"CHI,JG","1"
"CHKLOVSKII,DB","1"
"CHRIVIA,JC","1"
"CHU,TC","1"
"CHUBB,J. E.","1"
"CHUGANI,HT","1"
"CHUI,HC","1"
"CHUNG,MK","1"
"CIECHANOWSKI,PS","1"
"CIOMPI,L","1"
"CLARK,L","1"
"CLARK,SJ","1"
"CLARKE I C","1"
"CLAYTON,D","1"
"CLERC,L","1"
"CLOITRE,M","1"
"CLONINGER,C. R.","1"
"CLUZEAU,F","1"
"COFFEY,CE","1"
"COGHILL,RC","1"
"COHEN,J","1"
"COHEN,MS","1"
"COLBY,CL","1"
"COLCOMBE,SJ","1"
"COLEMAN,TF","1"
"COLLINGRIDGE,GL","1"
"COMINGS,DE","1"
"COMPER,WD","1"
"CONDE,F","1"
"CONNOR,B","1"
"CONNORS,KA","1"
"CONRAD,CD","1"
"COOLEY,JW","1"
"CORDELL,HJ","1"
"CORKIN,S","1"
"CORRELL,CU","1"
"CORYELL,W","1"
"COSTELLO,EJ","1"
"COTA,D","1"
"COTMAN,CW","1"
"COTTS,RM","1"
"COWBURN,RF","1"
"CRABBE,JC","1"
"CRAVATT,BF","1"
"CRAVEN,P","1"
"CREAMER,P","1"
"CRICK,F","1"
"CROS,D","1"
"CROVITZ,HF","1"
"CRYER,CW","1"
"CSERNANSKY,JG","1"
"DALTON,KM","1"
"DAMASIO,AR","1"
"DAMASIO,H","1"
"DAMMANN,O","1"
"DANBOLT,NC","1"
"DANCAUSE,N","1"
"DANESH,J","1"
"DARDZINSKI,BJ","1"
"DARNELL,JE","1"
"DAUB,H","1"
"DAUER,W","1"
"DAVALOS,D","1"
"DAVEY,K","1"
"DAVIDSON,J","1"
"DAVIDSON,JRT","1"
"DAVIDSON,L","1"
"DAVIS,MICHAEL","1"
"DAVIS,RL","1"
"DAWANT,BM","1"
"DE BAKKER,PIW","1"
"DE BARI,C","1"
"DE LUCA,M","1"
"DE NO,RL","1"
"DEAKIN,JFW","1"
"DEFELIPE,J","1"
"DEHAENE,S","1"
"DEJERINE,J","1"
"DEKABAN,AS","1"
"DELACOSTE,MC","1"
"DELACOSTEUTAMSING,C","1"
"DELANEROLLE,NC","1"
"DELORME,A","1"
"DEMYTTENAERE,K","1"
"DEROGATI.LR","1"
"DESCOTEAUX,MAXIME","1"
"DESPOSITO,M","1"
"DETSKY,AS","1"
"DEUTCH,AY","1"
"DEUTSCH,SI","1"
"DEVLIN,B","1"
"DIJKSTRA,E. W.","1"
"DOBBING,J","1"
"DODGE,GR","1"
"DODGE,KA","1"
"DOETSCH,F","1"
"DOLDER,CR","1"
"DOMINO,EF","1"
"DONG,MX","1"
"DOUGLAS,RJ","1"
"DRAGANSKI,B","1"
"DRAKE,RE","1"
"DREWNOWSKI,A","1"
"DRISCOLL,JR","1"
"DUDEK,SM","1"
"DUGGAN,DJ","1"
"DUKE,PM","1"
"DUM,RP","1"
"DUNCAN,GJ","1"
"DUNHAM,I","1"
"DUNN,JA","1"
"DUNNETT,SB","1"
"DUVAL,S","1"
"DYER,FN","1"
"EARNEST,DJ","1"
"EASTERBROOK,JA","1"
"EASTERBROOK,PJ","1"
"EASTON,DOUGLAS F.","1"
"EATON,H","1"
"EATON,WW","1"
"EBELING,U","1"
"EBSTEIN,RP","1"
"ECKEL,RH","1"
"EDGLEY,SA","1"
"EDWARDS,AO","1"
"EICKHOFF,SB","1"
"EISEN,A","1"
"EISEN,MB","1"
"EISENBERG,SR","1"
"EKDAHL,CT","1"
"ELBERT,T","1"
"ELENKOV,IJ","1"
"ELEY,TC","1"
"ELLIOTT,K","1"
"EMAMIAN,ES","1"
"EMRE,M","1"
"EMRE,MURAT","1"
"ENARD,W","1"
"EPSTEIN,R","1"
"ERB,S","1"
"ERDFELDER,E","1"
"ERIKSSON,JG","1"
"ESLINGER,PJ","1"
"ESTES,WK","1"
"EVANS,BA","1"
"EVANS,WE","1"
"EVERSON-ROSE,SA","1"
"FAHN,S.","1"
"FALCONER,MA","1"
"FALKAI,P","1"
"FALKENSTEIN,M","1"
"FALLS,DL","1"
"FALUSH,D","1"
"FAN,J","1"
"FANSELOW,MICHAEL S.","1"
"FANSELOW,MS","1"
"FARAONE,STEPHEN V","1"
"FARAONE,SV","1"
"FEARNLEY,JM","1"
"FEHR,E","1"
"FEIGHNER,JP","1"
"FEINSTEIN,AR","1"
"FERGUSON,JN","1"
"FERGUSSON,DM","1"
"FERRIER,IN","1"
"FIELDS,S","1"
"FINKELSTEIN,JD","1"
"FINLAY,JM","1"
"FINLEY,CC","1"
"FIORILLO,CD","1"
"FITZHUGH,R","1"
"FITZHUGH,R.","1"
"FLEISCHHACKER,WW","1"
"FLORESCO,SB","1"
"FOLSTEIN,SE","1"
"FONTAINE,KR","1"
"FORD,AL","1"
"FORNELL,C","1"
"FOX,P","1"
"FRAGA,MF","1"
"FRASER,AM","1"
"FRASURESMITH,N","1"
"FRATZL,P","1"
"FRAYLING,TIMOTHY M.","1"
"FRAZIER,DW","1"
"FREDERIKSEN,K","1"
"FREDHOLM,BB","1"
"FREDRICKSON,BL","1"
"FREED,LE","1"
"FREEDMAN,ML","1"
"FRIEDMAN,J. M.","1"
"FRISTON,KARL J.","1"
"FRITH,U","1"
"FROMMER,M","1"
"FRYE,EB","1"
"FU,YX","1"
"FUKUI,S","1"
"FULLER,R","1"
"FUXE,K","1"
"GAINETDINOV,RR","1"
"GANDELMAN,MS","1"
"GAO,HJ","1"
"GAO,HM","1"
"GARRIS,PA","1"
"GASER,C","1"
"GASPAR,P","1"
"GASS,A","1"
"GE,SY","1"
"GEIGER,JRP","1"
"GELERNTER,J","1"
"GENNARELLI,TA","1"
"GEORGE,MS","1"
"GERARD,CM","1"
"GERFEN,CR","1"
"GERIG,G","1"
"GERKEN,THOMAS","1"
"GERSHON,AA","1"
"GIACINO,JT","1"
"GIBB,WRG","1"
"GIBSON,JR","1"
"GILBODY,SIMON","1"
"GJEDDE,A","1"
"GLASER,R","1"
"GLASSMAN,AH","1"
"GLASSON,SS","1"
"GLAZIER,AM","1"
"GODDARD,GV","1"
"GOLDMAN,L","1"
"GOLDMAN,LS","1"
"GOLDMAN,PS","1"
"GOLDSTEIN,JM","1"
"GOLDSTEIN,RZ","1"
"GONZALEZ,GA","1"
"GORING,HHH","1"
"GORNO-TEMPINI,ML","1"
"GOYETTE,CH","1"
"GRADY,CL","1"
"GRADY,D","1"
"GRAEFF,FG","1"
"GRANGER,C. W. J","1"
"GRANT,BF","1"
"GRANT,S","1"
"GRAY,EG","1"
"GREENE,LA","1"
"GREENLAND,S","1"
"GRIFFITH,LG","1"
"GRIFFITH,OW","1"
"GRIMALDI,LME","1"
"GRODZINSKY,AJ","1"
"GROSS,CG","1"
"GRUNZE,HCR","1"
"GRUTZENDLER,J","1"
"GUCCIONE,AA","1"
"GUDBJARTSSON,H","1"
"GUIDOTTI,A","1"
"GUNN,RN","1"
"GUNNAR,MEGAN","1"
"GUNNING-DIXON,FM","1"
"GUSKIEWICZ,KM","1"
"HAJOS,M","1"
"HALBAN,PA","1"
"HALLETT,M","1"
"HALLETT,MARK","1"
"HAMALAINEN,MS","1"
"HAMOSH,A","1"
"HAMPEL,FR","1"
"HANYU,H","1"
"HARDINGHAM,GE","1"
"HARDINGHAM,TE","1"
"HARDT,J","1"
"HARFSTRAND,A","1"
"HART,BL","1"
"HARTMANN,R","1"
"HASCALL,VC","1"
"HASHER,L.","1"
"HASLER,G","1"
"HASTIE,T.","1"
"HASTINGS,NB","1"
"HATTORI,M","1"
"HEAD,D","1"
"HEBB,DO","1"
"HEDDEN,T","1"
"HEDLUND,JL","1"
"HEEGER,DJ","1"
"HEINRICHS,DW","1"
"HEINRICHS,M","1"
"HEMINGWAY,H","1"
"HENGARTNER,MO","1"
"HENRIQUEZ,CS","1"
"HERMAN,JL","1"
"HERSCOVITCH,P","1"
"HEWETT,SJ","1"
"HICKIE,I","1"
"HIETALA,J","1"
"HIGGINS,ET","1"
"HILL,AB","1"
"HILL,DLG","1"
"HINCHEY,J","1"
"HINDS,DA","1"
"HIROTSUNE,S","1"
"HOCK,C","1"
"HODGES,JR","1"
"HOFF,AL","1"
"HOFFMAN,GE","1"
"HOFMANN,MA","1"
"HOGARTY,GE","1"
"HOGE,CHARLES W.","1"
"HOLLON,S.D.","1"
"HOLMES,WE","1"
"HONEY,C. J.","1"
"HOPKINS,DA","1"
"HOREL,JA","1"
"HORVATH,AO","1"
"HOTAMISLIGIL,GOEKHAN S.","1"
"HOUNDFIELD,GN","1"
"HOUSLAY,MD","1"
"HOWES,OLIVER D.","1"
"HOWREN,M. BRYANT","1"
"HSU,SM","1"
"HU,XZ","1"
"HUANG,YF","1"
"HUBEL,DH","1"
"HUME,SP","1"
"HUNZIKER,EB","1"
"HURLEY,KM","1"
"HURT,RD","1"
"HUTMACHER,DW","1"
"HUTTNER,WB","1"
"HUTTON,M","1"
"HYMAN,SE","1"
"HYVARINEN,A","1"
"IACOBONI,M","1"
"IAFRATE,AJ","1"
"ICHIKAWA,T","1"
"IKEMOTO,S","1"
"ILMONIEMI,RJ","1"
"INDER,TE","1"
"INGBER D","1"
"INNIS,RB","1"
"ISSA,AM","1"
"JABLENSKY,A","1"
"JACOB,F","1"
"JACOBSON,DL","1"
"JACOBSON,N","1"
"JACOBY,LL","1"
"JAGER,I","1"
"JAHN,R","1"
"JAKAB,RL","1"
"JAMES,R","1"
"JENCKS,C","1"
"JEONG,H","1"
"JESSELL,TM","1"
"JIANG,HY","1"
"JIRTLE,RANDY L.","1"
"JOB,DE","1"
"JOELS,M","1"
"JOHE,KK","1"
"JOHNSON,R","1"
"JOHNSTON,JP","1"
"JONES E G","1"
"JONES,EG","1"
"JONES,KL","1"
"JORENBY,DE","1"
"JUEPTNER,M","1"
"JUNI,P","1"
"KAMIJO,R","1"
"KAMIN,L.I.","1"
"KAMMER,T","1"
"KANEKO,K","1"
"KANTARCI,K","1"
"KARAYIORGOU,M","1"
"KARAYIORGOU,MARIA","1"
"KAREGE,F","1"
"KASPER,S","1"
"KASS,DA","1"
"KATHURIA,S","1"
"KATON W","1"
"KATON,W","1"
"KATON,WAYNE","1"
"KATZ,D","1"
"KATZ,RJ","1"
"KAY S R","1"
"KEATING,MT","1"
"KEHOE,R","1"
"KELLEY,AE","1"
"KELLEY,KW","1"
"KELLEY,WM","1"
"KELLY,PH","1"
"KELSOE,JR","1"
"KENDALL,PC","1"
"KENNEDY,DN","1"
"KERNIE,SG","1"
"KERR,JFR","1"
"KERSCHENSTEINER,M","1"
"KIECOLT-GLASER,JK","1"
"KIKINIS,R","1"
"KILLCROSS,S","1"
"KIM,EJ","1"
"KINDLER,V","1"
"KIRINO,T","1"
"KIRKPATRICK,B","1"
"KIROV,GEORGE","1"
"KISH,SJ","1"
"KISIDAY,J","1"
"KITAI,ST","1"
"KIVIPELTO,M","1"
"KJELSTRUP,KG","1"
"KLATT,P","1"
"KLEIN,PS","1"
"KLINGLER,J","1"
"KLUG,MG","1"
"KLUNK,WE","1"
"KLUVER,H","1"
"KNOLL,J","1"
"KNUTSEN,G","1"
"KOBAYASHI,M","1"
"KOH,THHG","1"
"KOHLER,C","1"
"KOHN,MI","1"
"KOMURO,H","1"
"KONG,A","1"
"KONRADI,C","1"
"KONSMAN,JP","1"
"KOPIN,IJ","1"
"KORNAU,HC","1"
"KORNSTEIN,SG","1"
"KORTE,SM","1"
"KOZAK,M","1"
"KRAEMER,HC","1"
"KRIEGSMAN,DMW","1"
"KRUGER,R","1"
"KRYSTAL,JOHN H.","1"
"KRYSTOSEK,A","1"
"KUBICKI,M","1"
"KUBICKI,MAREK","1"
"KUCZENSKI,R","1"
"KUDIELKA,BM","1"
"KUIDA,K","1"
"KUIPER,GGJM","1"
"KUMAR,RAVINESH A.","1"
"KURTZKE,JF","1"
"KWOK,RPS","1"
"KWON,O","1"
"LAIRD,NM","1"
"LAKKA,HM","1"
"LAMMERTSMA,AA","1"
"LANCASTER,JACK L.","1"
"LANDIS,WJ","1"
"LANG,N","1"
"LANGSTON,JW","1"
"LAVDAS,AA","1"
"LAWRENCE,REVA C.","1"
"LAYER,RT","1"
"LAZAR,M","1"
"LECRUBIER,Y","1"
"LEDEBOER,A","1"
"LEDENT,C","1"
"LEDOUX,J","1"
"LEE,TI","1"
"LEE,Y","1"
"LESLIE,AM","1"
"LEVENBERG,K.","1"
"LEVIN,HS","1"
"LEVINE,B","1"
"LEVINE,ES","1"
"LEVY,F","1"
"LEWIS,EB","1"
"LEYSEN,JE","1"
"LI,WJ","1"
"LIBBY,P","1"
"LICHTENSTEIN,PAUL","1"
"LIFTON,RP","1"
"LIM,LP","1"
"LIN,CP","1"
"LINDEFORS,N","1"
"LINDEMANN,E","1"
"LINDVALL,O","1"
"LINGJAERDE,O","1"
"LIU,AY","1"
"LIU,H","1"
"LIU,JL","1"
"LIVINGSTONE,M","1"
"LIZARDI,H","1"
"LJUNGBERG,T","1"
"LLEDO,PM","1"
"LOGAN,GD","1"
"LOGOTHETIS,NIKOS K.","1"
"LONZE,BE","1"
"LOPEZ,AD","1"
"LOVINGER,DM","1"
"LOWE,TM","1"
"LU,B","1"
"LU,T","1"
"LUCK,SJ","1"
"LUECK,CJ","1"
"LUSKIN,MB","1"
"LUTOLF,MP","1"
"LYONS,D","1"
"MA,JC","1"
"MA,L","1"
"MA,SH","1"
"MACKAY,DJC","1"
"MACKENBACH,JOHAN P.","1"
"MACKENZIE,SJ","1"
"MACLUSKY,NJ","1"
"MAISONPIERRE,PC","1"
"MAJUMDAR,MK","1"
"MALISON,RT","1"
"MANDEL,J.","1"
"MANGELSDORF,DJ","1"
"MANGIN,JF","1"
"MANIOTIS,AJ","1"
"MANNUZZA,S","1"
"MANSBACH,RS","1"
"MARCHIONNI,MA","1"
"MAREK,GJ","1"
"MARGERIS.JH","1"
"MARGOLIN,G","1"
"MARIN,O","1"
"MARKESBERY,WR","1"
"MARKS,I","1"
"MARKUS,H","1"
"MARMOT,M","1"
"MARSHALL,M","1"
"MARTIN,A","1"
"MARTIN,DJ","1"
"MARTINEZ,SE","1"
"MARTINEZ-ARAN,A","1"
"MARTINEZHERNANDEZ,A","1"
"MARWAHA,S","1"
"MASLOV,S","1"
"MASSIMINI,M","1"
"MASU,M","1"
"MATSUMOTO,M","1"
"MATTHES,HWD","1"
"MATTHYSS.S","1"
"MATTSON,MP","1"
"MAUCK,RL","1"
"MAYNARD,TM","1"
"MCCAHILL,A","1"
"MCCANCE,DR","1"
"MCCLEARN,GE","1"
"MCCREA,M","1"
"MCDEVITT,CA","1"
"MCDONALD,JH","1"
"MCDONALD,WI","1"
"MCGLONE,J","1"
"MCGRATH,JOHN","1"
"MCINTOSH,AR","1"
"MCKAY,LI","1"
"MCKEITH,IG","1"
"MCKEOWN,MJ","1"
"MCLELLAN,AT","1"
"MCLOYD,VC","1"
"MEACHIM,G","1"
"MEADORWOODRUFF,JH","1"
"MEDA,L","1"
"MEHTA,S","1"
"MEIERGERD,SM","1"
"MELDRUM,B","1"
"MELHEM,ER","1"
"MELLOR,AL","1"
"MELONI,D","1"
"MEYER,CH","1"
"MEYER,D","1"
"MEYER,TE","1"
"MEYER,TJ","1"
"MI,HUAIYU","1"
"MICHAILOV,GV","1"
"MICHALOPOULOS,GK","1"
"MIDDLETON,FA","1"
"MIGAUD,M","1"
"MILES,R","1"
"MILLER,LH","1"
"MILLER,M","1"
"MILLER,TJ","1"
"MILLS,KR","1"
"MILO,R","1"
"MINEKA,S","1"
"MING,GL","1"
"MINK,JW","1"
"MINOSHIMA,S","1"
"MIROLLO,RE","1"
"MITRA,PP","1"
"MIYAKE,A","1"
"MIYOSHI,K","1"
"MOGENSON,GJ","1"
"MOGIL,JS","1"
"MOHER,D","1"
"MOISES,HW","1"
"MOLNAR,BE","1"
"MONJE,ML","1"
"MONOD,J","1"
"MONROE,SM","1"
"MONTAGUE,PR","1"
"MORALES,AJ","1"
"MORGAN,JI","1"
"MORLEY,M","1"
"MORON,JA","1"
"MORRIS,MC","1"
"MORRISON,JB","1"
"MORRISON,JH","1"
"MORTENSEN,PB","1"
"MORYL,E","1"
"MOUNTCASTLE,VB","1"
"MOW,V","1"
"MUESER,KT","1"
"MUIR,H","1"
"MUKHERJEE,P","1"
"MULLEN,PE","1"
"MULLEN,RJ","1"
"MULLER,K","1"
"MULLER,MF","1"
"MUNAFO,MARCUS R.","1"
"MUNGALL,AJ","1"
"MURAD,S","1"
"MURPHY,BL","1"
"MURPHY,KEVIN","1"
"MURTHY,VN","1"
"NABER,D","1"
"NADEAU,SE","1"
"NAMIMOTO,T","1"
"NAN,XS","1"
"NASU,K","1"
"NAUTA,WJH","1"
"NEDERGAARD,M","1"
"NELSON,KB","1"
"NEWCOMER,JW","1"
"NEWSOME,WT","1"
"NEWTON,MA","1"
"NGUYEN,MD","1"
"NICHOLSON,C","1"
"NIELSEN,PMF","1"
"NIEOULLON,A","1"
"NIERENBERG,AA","1"
"NIETHAMMER,M","1"
"NIGG,JT","1"
"NIMMERJAHN,A","1"
"NIMSKY,C","1"
"NORDSTROM,AL","1"
"NORENBERG,MD","1"
"NORTHOFF,G","1"
"NURNBERGER,JI","1"
"NYKJAER,A","1"
"O'CONNOR,J. C.","1"
"O'DONNELL,JM","1"
"O'DONOVAN,MICHAEL C.","1"
"O'REARDON,JOHN P.","1"
"OAKMAN,SA","1"
"OBERLANDER,TIM F.","1"
"OGSTON,AG","1"
"OHARA,MW","1"
"OKABE,S","1"
"OKEN,MM","1"
"OKIE,S","1"
"OLDENDOR.WH","1"
"OLDS,D","1"
"OLDS,DL","1"
"OLDS,J","1"
"OLIVER,WC","1"
"OLSHANSKY,SJ","1"
"OLSON,JK","1"
"OPPENHEIM,RW","1"
"ORWIN,RG","1"
"OTSUKA,M","1"
"OVERMIER,JB","1"
"OWEN,AM","1"
"OXMAN,AD","1"
"PACAK,K","1"
"PACHOLCZYK,T","1"
"PACKARD,MG","1"
"PAKKENBERG,B","1"
"PALMER,AG","1"
"PALMER,BA","1"
"PAN,WH","1"
"PANG,PT","1"
"PAPP,M","1"
"PARENT,A","1"
"PARK,CK","1"
"PARSONS,TJ","1"
"PASTORE,A","1"
"PATE,RR","1"
"PATLAK,CS","1"
"PATTON,HD","1"
"PATY,DW","1"
"PAUL,IA","1"
"PAUL,SM","1"
"PAULESU,E","1"
"PAYLOR,R","1"
"PEARCE,JM","1"
"PEGG,AE","1"
"PELLOW,S","1"
"PENNEC,X","1"
"PENNINGTON,BF","1"
"PENNINX,BWJH","1"
"PENNY,WD","1"
"PEPYS,MB","1"
"PEREZ,MM","1"
"PEREZ-REYES,E","1"
"PERKEL,DH","1"
"PERNEGER,TV","1"
"PEROUTKA,SJ","1"
"PERRET,E","1"
"PERRETT,DI","1"
"PERTSOV,AM","1"
"PETERSEN,S E","1"
"PETRALIA,RS","1"
"PETROVIC,P","1"
"PEYRON,C","1"
"PEYRON,R","1"
"PEZZE,MA","1"
"PFAFFL,MW","1"
"PFURTSCHELLER,G","1"
"PHILLIPS,HS","1"
"PHILLIPS,PEM","1"
"PIAZZA,PV","1"
"PICCIOTTO,MR","1"
"PIERCE,RC","1"
"PINES,G","1"
"PIOMELLI,D","1"
"PITTENGER,MF","1"
"PLATT,JR","1"
"PLONSEY,R","1"
"PLOW,EF","1"
"POL,HEH","1"
"POLDRACK,RA","1"
"POLSON,MJR","1"
"POLTORAK,M","1"
"PONS,TP","1"
"POON,CS","1"
"POPIVANOVA,BORYANA K.","1"
"POSER,CM","1"
"POWELL,MJD","1"
"PRADHAN,AD","1"
"PRESTON,SD","1"
"PRICE,DD","1"
"PRIMAKOFF,P","1"
"PRZEGALINSKI,E","1"
"PUCE,A","1"
"PURPURA,DP","1"
"QIAN,Z","1"
"QURAISHI,S","1"
"RAADSHEER,FC","1"
"RABKIN,JG","1"
"RAFF,MC","1"
"RAINVILLE,P","1"
"RALEVIC,V","1"
"RALL,W","1"
"RAMBOZ,S","1"
"RANDRUP,A","1"
"RAUSCHECKER,JP","1"
"RAVASZ,E","1"
"REDFIELD,A. G","1"
"REDGRAVE,P","1"
"REGINSTER,JY","1"
"REICH,DL","1"
"REINER,O","1"
"REISBERG,B","1"
"REISS,AL","1"
"REITAN,R. M.","1"
"RESICK,PA","1"
"REUBINOFF,BE","1"
"REVELEY,AM","1"
"RICE,DS","1"
"RICHFIELD,EK","1"
"RINALDICARMONA,M","1"
"RIO,C","1"
"RITCHIE,JM","1"
"RITZ,MC","1"
"RIVIER,C","1"
"ROBINSON,DA","1"
"ROBINSON,RG","1"
"ROCKEL,AJ","1"
"ROEDIGER,HL","1"
"ROGAN,MT","1"
"ROGERS,RD","1"
"ROLAND,PE","1"
"ROMAN,GC","1"
"RORDEN,CHRIS","1"
"ROSCHGER,P","1"
"ROSENHECK,R","1"
"ROSSINI,PM","1"
"ROTH,Y","1"
"ROTHBAUM,BO","1"
"ROTHMAN,S","1"
"ROTHMAN,SM","1"
"ROTHWELL,JC","1"
"ROUSSEEUW,PJ","1"
"RUBENSTEIN,JLR","1"
"RUBIA,K","1"
"RUFER,N","1"
"RULKOV,NF","1"
"RUSSELL,JA","1"
"RUTHERFORD,LC","1"
"SACHAR,EJ","1"
"SAHA,S","1"
"SAHA,SUKANTA","1"
"SAKAGUCHI,Y","1"
"SALINAS,E","1"
"SALTER,RB","1"
"SAMEROFF,A. J.","1"
"SANCHEZ-VIVES,MV","1"
"SANTINI,E","1"
"SASAKI,S","1"
"SAWCHENKO,PE","1"
"SCHACHTER,S","1"
"SCHAFER,FQ","1"
"SCHAID,DJ","1"
"SCHLEIFER,SJ","1"
"SCHMIDT,CJ","1"
"SCHMIDT,MB","1"
"SCHNEIDERMAN,R","1"
"SCHOEPP,DD","1"
"SCHOOLER,N","1"
"SCHOOLER,NR","1"
"SCHRAG,A","1"
"SCHRIEFER,TN","1"
"SCHROCKSNADEL,K","1"
"SCHULZ,JB","1"
"SCHUMACHER,BL","1"
"SCHWAB,SG","1"
"SCHWARCZ,R","1"
"SCHWARZ,JR","1"
"SEBAT,JONATHAN","1"
"SECKL,JR","1"
"SEGURADO,R","1"
"SELF,DW","1"
"SEMLITSCH,HV","1"
"SERENO,MI","1"
"SETTE,C","1"
"SHAHAM,Y","1"
"SHAMBLOTT,MJ","1"
"SHAPIRO,F","1"
"SHAPIRO,MD","1"
"SHARP,AJ","1"
"SHAYWITZ,AJ","1"
"SHEA,MT","1"
"SHENG,M","1"
"SHERMAN,SM","1"
"SHI,JIANXIN","1"
"SHI,LM","1"
"SHIMONY,JS","1"
"SHONKOFF,JACK P.","1"
"SHROUT,P E","1"
"SHROUT,PE","1"
"SHUKER,SB","1"
"SHULMAN,GL","1"
"SIEBNER,HR","1"
"SIEGHART,W","1"
"SIEGLE,GJ","1"
"SIEVER,LJ","1"
"SIFNEOS,PE","1"
"SIMILOWSKI,T","1"
"SIMMONS,ML","1"
"SIMON,G","1"
"SIMON,H. A.","1"
"SIMONCELLI,EP","1"
"SIMONS,AD","1"
"SINGER,T","1"
"SKOLNICK,P","1"
"SKOOG,I","1"
"SLATER,E","1"
"SMALL,JG","1"
"SMITH,EE","1"
"SMITH,GW","1"
"SMITH,RS","1"
"SNOWDON,DA","1"
"SOFTKY,WR","1"
"SOKOLOFF,L","1"
"SOMERS,DC","1"
"SOMMER,I","1"
"SOMOGYI,P","1"
"SPECTOR,S","1"
"SPENCER,TE","1"
"SPOHN,HE","1"
"SPRAGUE,RL","1"
"STAMPFER,MJ","1"
"STANTON,H","1"
"STCLAIR,D","1"
"STEFFENS,DC","1"
"STEGEMAN.H","1"
"STEINER,H","1"
"STERN,Y","1"
"STOKER,M","1"
"STONE,JENNIFER L.","1"
"STOPFER,M","1"
"STORCK,T","1"
"STOYKOVA,A","1"
"STRAHL,BD","1"
"STRAUS,M. A.","1"
"STREIT,WJ","1"
"STROUP,DF","1"
"STROUP,TS","1"
"STUDER,L","1"
"STUSS,DT","1"
"SUDHOF,TC","1"
"SUGAHARA,T","1"
"SULZER,D","1"
"SUNDGREN,PC","1"
"SUSSEL,L","1"
"SUTTON,RE","1"
"SUZUKI,WA","1"
"SWEATT,JD","1"
"SZATMARI,PETER","1"
"TAJIMA,F","1"
"TAKAHASHI,M","1"
"TALBOT,JD","1"
"TALBOT,K","1"
"TALLONBAUDRY,C","1"
"TAOULI,B","1"
"TAYLOR,AE","1"
"TEASDALE,JD","1"
"TEHOVNIK,EJ","1"
"TEKIN,S","1"
"TERR,LC","1"
"TESSIERLAVIGNE,M","1"
"TEYLER,TJ","1"
"THEILER,J","1"
"THOMAS,MJ","1"
"THOME,J","1"
"THOMPSON,JD","1"
"THOMPSON,JM","1"
"THOMSON,AM","1"
"THOMSON,DJ","1"
"THOMSON,JA","1"
"TIFFANY,ST","1"
"TILLEY,BC","1"
"TIMPL,P","1"
"TISHKOFF,SARAH A.","1"
"TOKUHIRO,S","1"
"TOLIN,DAVID F.","1"
"TONONI,G","1"
"TORTORELLA,MD","1"
"TRACHTENBERG,JT","1"
"TREEDE,RD","1"
"TREISMAN,AM","1"
"TREJO,JL","1"
"TREMBLAY,L","1"
"TRIVERS,RL","1"
"TSANKOVA,NADIA","1"
"TSCHUMPERLE,D","1"
"TSIEN,JZ","1"
"TSIRKA,SE","1"
"TSODYKS,MV","1"
"TSUANG,MT","1"
"TULVING,E.","1"
"TURNER,BH","1"
"TYRING,S","1"
"UEHARA,Y","1"
"UENO,S","1"
"UHER,R.","1"
"UHLHAAS,PETER J","1"
"UNGERLEIDER,LG","1"
"UNUTZER,J","1"
"UYTTENHOVE,C","1"
"VALDES,AM","1"
"VALENTINO,RJ","1"
"VAN BUUREN,S","1"
"VAN GORP,WG","1"
"VAN MELLE,JP","1"
"VAN VEEN,V","1"
"VAN WALDERVEEN,MAA","1"
"VANDERKOLK,BA","1"
"VANDERWO.CH","1"
"VANNIER,MW","1"
"VAUGHAN,J","1"
"VAUGHAN,L","1"
"VERLEGER,R","1"
"VERMEER,SE","1"
"VERTES,RP","1"
"VETULANI,J","1"
"VIAU,V","1"
"VINCENT,JUSTIN L.","1"
"VIOLA,P","1"
"VIOLA,P.","1"
"VLASSARA,H","1"
"VOLTERRA,A","1"
"VONDERMALSBURG,C","1"
"VONSATTEL,JP","1"
"VUNJAK-NOVAKOVIC,G","1"
"WADA,JA","1"
"WAGNER,AD","1"
"WAGNER,HN","1"
"WAKANA,SETSU","1"
"WAKITANI,S","1"
"WALSH,V","1"
"WALTHER,DJ","1"
"WANG,DG","1"
"WANG,HS","1"
"WANG,RL","1"
"WANG,WP","1"
"WANG,XD","1"
"WARDEN,DEBORAB","1"
"WATERLAND,RA","1"
"WATERSTON,RH","1"
"WATKINS,LR","1"
"WEIDEN,PJ","1"
"WEINBERG,RA","1"
"WEINER,S","1"
"WEISS,C","1"
"WEISS,DANIEL S.","1"
"WEISS,LAUREN A.","1"
"WEITZMAN,ED","1"
"WELBERG,LAM","1"
"WELLS,KB","1"
"WELNER,Z","1"
"WEN,H","1"
"WEST,AE","1"
"WHITE,H","1"
"WHITE,JG","1"
"WHITLOCK,DG","1"
"WHOOLEY,MA","1"
"WICHTERLE,H","1"
"WICKENS,C","1"
"WICKENS,JR","1"
"WILD,S","1"
"WILLIAMS,LR","1"
"WILLIAMSON,AK","1"
"WILSON,FAW","1"
"WILSON,HR","1"
"WILSON,NICHOLAS J.","1"
"WINSTON,JS","1"
"WOLFE,AJ","1"
"WOLFF,GL","1"
"WOLFF,SD","1"
"WOLFF,SP","1"
"WONG,CS","1"
"WONG,M","1"
"WONG,ML","1"
"WOO,EJ","1"
"WOODHULL,AM","1"
"WOOLF,CJ","1"
"WOOLRICH,MW","1"
"WOOSTER,R","1"
"WRAY,GA","1"
"WYATT,RJ","1"
"XU,BJ","1"
"YANG,CR","1"
"YE,WL","1"
"YEARGIN-ALLSOPP,M","1"
"YESAVAGE,JA","1"
"YIN,HH","1"
"YONELINAS,AP","1"
"YOON,SO","1"
"YOUNG,IR","1"
"YOUNG,SL","1"
"YOUNG,WS","1"
"YRJANHEIKKI,J","1"
"YU,JY","1"
"YUSUF,S","1"
"ZAFRA,F","1"
"ZAHM,DS","1"
"ZAHRT,J","1"
"ZATORRE,RJ","1"
"ZEKI,S","1"
"ZERHOUNI,EA","1"
"ZHANG,HT","1"
"ZHAO,CM","1"
"ZIGMOND,AS","1"
"ZIMBROFF,DL","1"
"ZIMMER,A","1"
"ZITO,JM","1"
"ZOBEL,AW","1"
"ZUBIN,J","1"
"ZUK,PA","1"
"ZYGMUNT,A","1"
"ZYSSET,PK","1"
