"WECHSLER,D","3210"
"LI,J","3054"
"TURLINGS,TCJ","2836"
"BLACKWOOD,EM","2652"
"DICKE,M","264"
"DE MORAES,CM","126"
"VET,LEM","116"
"KESSLER,A","110"
"PARE,PW","66"
"MATTIACCI,L","64"
"ALBORN,HT","59"
"TAKABAYASHI,J","57"
"FARMER,EE","56"
"EVAN,GI","55"
"BALDWIN,IT","53"
"MURRE,C","50"
"PRICE,PW","48"
"AYER,DE","45"
"REYMOND,P","44"
"LANDER,ES","40"
"ZERVOS,AS","39"
"LOUGHRIN,JH","37"
"TURLINGS,TED C. J.","37"
"ALTSCHUL,SF","36"
"BLACKWELL,TK","36"
"KAUL,S","35"
"WALLING,LL","31"
"THALER,JS","30"
"CREELMAN,RA","29"
"HERMS,DA","29"
"SHERR,CJ","29"
"LAND,H","28"
"DU,YJ","26"
"PRENDERGAST,GC","26"
"RASMANN,S","26"
"ELDEIRY,WS","25"
"VENTER,JC","25"
"BOHLMANN,J","24"
"COLEY,PD","24"
"KOZAK,M","24"
"LEWIS,WJ","24"
"STECK,PA","24"
"LANDSCHULZ,WH","23"
"LICHTENTHALER,HK","23"
"ODONNELL,PJ","23"
"VINSON,SB","22"
"EWING,B","21"
"KELLY,K","21"
"EDDAOUDI,M","20"
"SABELIS,MW","20"
"THINES,BRYAN","20"
"DALMAU,J","19"
"GREEN,TR","19"
"LI,HENG","19"
"TAKABAYASHI,J.","19"
"ARIMURA,G","18"
"KNUDSEN,JT","18"
"NAKAMURA,Y","18"
"OSHEA,EK","18"
"ADAMS,MD","17"
"GOFF,SA","17"
"ASKEW,DS","16"
"BURGE,C","16"
"DANG,CV","16"
"DUDAREVA,N","16"
"GUISAN,A","16"
"ROSE,USR","16"
"SERRANO,M","16"
"VISSER,JH","16"
"ENGELBERTH,J","15"
"HEINZEL,T","15"
"HENRIKSSON,M","15"
"LYNCH,M","15"
"BENEZRA,R","14"
"BISSONNETTE,RP","14"
"BRODEUR,GM","14"
"MCCONN,M","14"
"RHOADES,DF","14"
"RYAN,CA","14"
"SARBASSOV,DD","14"
"SHULAEV,V","14"
"AGRAWAL,AA","13"
"FERREDAMARE,AR","13"
"HALITSCHKE,R","13"
"KORHONEN,H","13"
"MITCHELL,PJ","13"
"RUBIN,GM","13"
"SEPPO,L","13"
"SNELLER,MC","13"
"WATERSTON,RH","13"
"XIE,DX","13"
"COLE,MD","12"
"DIXON,RA","12"
"FEREY,GERARD","12"
"FEUSSNER,I","12"
"GIBBS,RA","12"
"GREENBERG,ME","12"
"HE,TC","12"
"HUNTER,T","12"
"LIN,XY","12"
"LOWE,TM","12"
"MAYER,K","12"
"PEARCE,G","12"
"PRANZATELLI,MR","12"
"WOLFE,KH","12"
"BAEUERLE,PA","11"
"BRUNET,A","11"
"DATTA,SR","11"
"DE VOS,M","11"
"EISEN,MB","11"
"GOLDEN,MHN","11"
"GRANDORI,C","11"
"GU,W","11"
"GUNDLACH,H","11"
"MAEHAMA,T","11"
"MARCU,KB","11"
"MATSUI,T","11"
"PICHERSKY,E","11"
"SEMENZA,GL","11"
"STRAUS,SE","11"
"TAUNTON,J","11"
"VAUX,DL","11"
"YU,J","11"
"BELLOFERNANDEZ,C","10"
"CARDONE,MH","10"
"COLLINS,FS","10"
"EILERS,M","10"
"GOFFEAU,A","10"
"GREGOR,PD","10"
"HATANAKA,A","10"
"KAHL,J","10"
"KARIN,M","10"
"KELLIS,M","10"
"KITAGAWA,S","10"
"LEE,JEONGYONG","10"
"LIAW,D","10"
"MATTSON,WJ","10"
"NAGY,L","10"
"PENNINCKX,IAMA","10"
"ROSI,NL","10"
"SMALE,ST","10"
"SPENCER,CA","10"
"STARKS,CM","10"
"VAN LOON,LC","10"
"ZINDY,F","10"
"ALLENDORF,M. D.","9"
"BARTEL,DP","9"
"BENTLEY,DAVID R.","9"
"BRETSCHER,A","9"
"CANTLEY,LC","9"
"CROTEAU,R","9"
"DAVIS,RL","9"
"DHIMAN,TR","9"
"GHOSH,S","9"
"HARPER,JW","9"
"HATA,Y","9"
"HOPKE,J","9"
"LUQUE,FA","9"
"LUSCHER,B","9"
"OKAZAKI,Y","9"
"PARSONS,D. WILLIAMS","9"
"PHILLIPS,SJ","9"
"PTASHNE,M","9"
"REED,JC","9"
"ROHMER,M","9"
"SALANOUBAT,M","9"
"SJOEBLOM,TOBIAS","9"
"THOMMA,BPHJ","9"
"WARBURG,O","9"
"WATANABEFUKUNAGA,R","9"
"AHARONI,A","8"
"BALDWIN,AS","8"
"BEG,AA","8"
"BEROUKHIM,RAMEEN","8"
"BISHOP,JM","8"
"BRYANT,JP","8"
"CALIN,GA","8"
"CARNINCI,P","8"
"CHAN,WCW","8"
"DIDONATO,JA","8"
"GALAKTIONOV,K","8"
"GREENMAN,CHRISTOPHER","8"
"HARUTA,M","8"
"JONES,JONATHAN D. G.","8"
"KARBAN,R","8"
"KATO,GJ","8"
"KENT,WJ","8"
"KRETZNER,L","8"
"LEE,DY","8"
"LEE,RC","8"
"LENGAUER,C","8"
"LEVINE,AJ","8"
"LI,GH","8"
"LI,RUIQIANG","8"
"MANSER,E","8"
"MURRAY,LESLIE J.","8"
"OGRYZKO,VV","8"
"REITH,W","8"
"REN,B","8"
"SAITOU,N","8"
"SLAMON,DJ","8"
"STAMBOLIC,V","8"
"THOMAS,CD","8"
"TUSHER,VG","8"
"VADLAMUDI,RK","8"
"VINSON,S. B.","8"
"WANG,CY","8"
"WARDLE,DA","8"
"WENDEL,JF","8"
"WOOD,LAURA D.","8"
"WOOD,V","8"
"YANG,XJ","8"
"ADAMS,JM","7"
"ALIVISATOS,AP","7"
"AMATI,B","7"
"ANDERSON,NE","7"
"ANGEL,P","7"
"ARIAS-ROMERO,LUIS E.","7"
"BLATTNER,FR","7"
"DAVIES,H","7"
"DONEHOWER,LA","7"
"FEARON,ER","7"
"FIELDING,AH","7"
"FIELDS,S","7"
"GARDINERGARDEN,M","7"
"GLAZEBROOK,J","7"
"GORMAN,CM","7"
"GREENBLATT,MS","7"
"HAHN,WC","7"
"HALKIER,BARBARA ANN","7"
"HANSEN,RC","7"
"HARUSHIMA,Y","7"
"HIJAZI,ZM","7"
"HOLT,RA","7"
"KING,GA","7"
"LAHERTY,CD","7"
"LAMB,C","7"
"LAU,NC","7"
"LEWIS,BP","7"
"LI,H","7"
"LINDBLAD-TOH,K","7"
"LORETO,F","7"
"RASHEED,BKA","7"
"READ,DP","7"
"RIDLEY,AJ","7"
"SASAKI,T","7"
"SCHENK,PM","7"
"SHARKEY,TD","7"
"STELLER,H","7"
"TATUSOV,RL","7"
"THOMPSON,CB","7"
"THOMPSON,JF","7"
"WANG,GL","7"
"WEINBERG,RA","7"
"WEINTRAUB,H","7"
"WONG,AJ","7"
"WU,XY","7"
"YAGHI,OM","7"
"AKIYAMA,K","6"
"ALESSI,DR","6"
"ALLAND,L","6"
"ALTSHULER,D","6"
"ALVAREZ,ME","6"
"ASHBURNER,M","6"
"ATKINSON,R","6"
"AUVINEN,M","6"
"BAILEY,JA","6"
"BATE,NJ","6"
"BOWERS,WS","6"
"CADIGAN,KM","6"
"CHEN,F","6"
"CHINI,A.","6"
"CHUI,SSY","6"
"CONRATH,UWE","6"
"COTE,J","6"
"DEHAL,P","6"
"DEVEREUX,J","6"
"DIETRICH,FS","6"
"DING,LI","6"
"DINGWALL,C","6"
"DOWNWARD,J","6"
"DUDAREVA,NATALIA","6"
"DYSON,N","6"
"EDWARDS,DC","6"
"ENACHE,DI","6"
"ESTELLER,M","6"
"EVAN,G","6"
"FENG,Q","6"
"FISHER,GH","6"
"FRANKE,TF","6"
"GABRIEL,SB","6"
"GRIINARI,JM","6"
"GRUNSTEIN,M","6"
"GYAPAY,G","6"
"HANN,SR","6"
"HARBOUR,JW","6"
"HARTWELL,LH","6"
"HE,L","6"
"HEIKKILA,R","6"
"HERMAN,JG","6"
"HERMEKING,H","6"
"JOHNSON,DAVID S.","6"
"JOHNSON,R","6"
"KAPPERS,IF","6"
"KESSELMEIER,J","6"
"KIKUCHI,S","6"
"KOCH,T","6"
"KWON,H","6"
"LAGOS-QUINTANA,M","6"
"LANGENHEIM,JH","6"
"LEE,TI","6"
"LOCK,AL","6"
"LORENZO,O","6"
"MATZINGER,P","6"
"MEISEL,H","6"
"MURRAY,CB","6"
"MYERS,EW","6"
"NAGATA,S","6"
"PAEZ,JG","6"
"PARDEE,AB","6"
"PIETERSE,CMJ","6"
"PIHLANTO-LEPPALA,A","6"
"RAFF,MC","6"
"RHOADES,D.F.","6"
"RIECHMANN,JL","6"
"RIEUXLAUCAT,F","6"
"RUSSO,C","6"
"SCHWAB,M","6"
"SEEGER,RC","6"
"SELLS,MA","6"
"SINGH,SK","6"
"SNAPPER,CM","6"
"STICHER,L","6"
"THUILLER,W","6"
"TSUKIYAMA,T","6"
"VAN DER PUTTEN,WH","6"
"WAHLE,KWJ","6"
"WHITMAN,D.W.","6"
"XIONG,Y","6"
"ZANDI,E","6"
"ZERBINO,DANIEL R.","6"
"ALLISON,AC","5"
"ALTMAN,AJ","5"
"ANDERSSON,B A","5"
"APARICIO,S","5"
"AUSTIN,MP","5"
"BANNISTER,AJ","5"
"BARSKI,ARTERN","5"
"BATEMAN,A","5"
"BAUMAN,DE","5"
"BENREY,B","5"
"BENTLEY,DL","5"
"BERNAYS,E","5"
"BERNSTEIN,BE","5"
"BEROZA,M","5"
"BESTMANN,HJ","5"
"BIRD,AP","5"
"BIRNEY,EWAN","5"
"BOKOCH,GM","5"
"BOLTSHAUSER,E","5"
"BRADFORD,MM","5"
"BROWNELL,JE","5"
"CANE,DE","5"
"CROSS,DAE","5"
"DALLAFAVERA,R","5"
"DANGL,JL","5"
"DELANEY,TP","5"
"DENNO,RF","5"
"DIGNAM,JD","5"
"DRUKER,BJ","5"
"DURRANT,WE","5"
"EBEL,J","5"
"EHRLICH,PR","5"
"EISENREICH,W","5"
"ENGELMAN,JEFFREY A.","5"
"FEYS,BJF","5"
"FLEISCHMANN,RD","5"
"FOLKMAN,J","5"
"FREY,M","5"
"FRIEDMAN,M","5"
"GAO,XH","5"
"GIESE,K","5"
"GRAUS,F","5"
"GRAY,IC","5"
"HA,YL","5"
"HAMILTON,JG","5"
"HANAHAN,DOUGLAS","5"
"HEIL,M","5"
"HOCKENBERY,D","5"
"HUANG,XQ","5"
"IAFRATE,AJ","5"
"IMBALZANO,AN","5"
"INOKI,K","5"
"IP,C","5"
"IRIZARRY,RA","5"
"JONES,HG","5"
"JONES,SIAN","5"
"KELLY,ML","5"
"KENNEY,JS","5"
"KONIG,W","5"
"KOPS,GJPL","5"
"KOUZARIDES,T","5"
"KUMAR,R","5"
"LAEMMLI,UK","5"
"LASSAR,AB","5"
"LEVIN,DA","5"
"LITTLEWOOD,TD","5"
"LOWE,SW","5"
"LUGER,K","5"
"MARGULIES,M","5"
"MCCALL,PJ","5"
"MIYASHITA,T","5"
"MORGAN,DO","5"
"MORIN,PJ","5"
"NORMANLY,J","5"
"NUTT,CL","5"
"O'DONNELL,KA","5"
"PATERSON,AH","5"
"PEARSON,RG","5"
"PEARSON,WR","5"
"PEUMANS,WJ","5"
"RICHMOND,TJ","5"
"ROELOFS,WL","5"
"RYALS,JA","5"
"SAITO,T","5"
"SAMUELS,Y","5"
"SANGER,F","5"
"SCHMELZLE,T","5"
"SCHURMANN,A","5"
"SEBAT,J","5"
"SEO,JS","5"
"SHEEHAN,JC","5"
"SHORE,D","5"
"SILVA,SV","5"
"SMITH,CA","5"
"STEELE,CL","5"
"STEIN,LD","5"
"STEINBERG,S","5"
"STONE,J","5"
"STUDIER,FW","5"
"SUZUKI,A","5"
"TABATA,S","5"
"TAMURA,M","5"
"TARDIEU,F","5"
"TARSHIS,LC","5"
"THANOS,D","5"
"TRAPP,SC","5"
"VOGELSTEIN,B","5"
"WAGNER,AJ","5"
"WEIGEL,D","5"
"WHEELER,DAVID A.","5"
"WOOD,DL","5"
"WU,JP","5"
"WULLSCHLEGER,S","5"
"YAMAMOTO,N","5"
"YOSHIDA,M","5"
"ABMAN,SH","4"
"ADAM,L","4"
"ALONSO,JM","4"
"APWEILER,R","4"
"ARENTS,G","4"
"ARUMUGANATHAN,K","4"
"BAIROCH,A","4"
"BECKMANN,H","4"
"BELL,D.","4"
"BIRD,A","4"
"BOISE,LH","4"
"BOLDIN,MP","4"
"BOS,JL","4"
"CAIRNCROSS,JG","4"
"CAIRNS,P","4"
"CAMBIER,PA","4"
"CARTER,BS","4"
"CAWLEY,S","4"
"CHAMEIDES,WL","4"
"CHELLAPPAN,SP","4"
"CHEN,HM","4"
"CHINNAIYAN,AM","4"
"CHIRGWIN,JM","4"
"CLARE,DA","4"
"COLLER,HA","4"
"CONRATH,U","4"
"COUTELIER,JP","4"
"COX,SD","4"
"DABBOUSI,BO","4"
"DANIEL,MC","4"
"DELCHER,AL","4"
"DERFUS,AM","4"
"DI CRISTOFANO,A","4"
"DOARES,SH","4"
"DUJON,B","4"
"DUMMLER,BETTINA","4"
"DUNLAP,JC","4"
"EAGLE,LR","4"
"ECKSTEIN-LUDWIG,U","4"
"ELBASHIR,SM","4"
"ELLENBERGER,TE","4"
"EMANUELSSON,O","4"
"ENRIGHT,AJ","4"
"FEENY,P","4"
"FEHSENFELD,FRED","4"
"FIEHN,O","4"
"FIRE,A","4"
"FRIEDMAN,JH","4"
"FRIEND,SH","4"
"FROST,JA","4"
"FUTREAL,PA","4"
"GATEHOUSE,JA","4"
"GLOVER,JNM","4"
"GOSSEN,M","4"
"GRAHAM,FL","4"
"GREEN,DR","4"
"GROSS,DS","4"
"GUENTHER,A","4"
"GUINDON,S","4"
"HANAHAN,D","4"
"HANKS,SK","4"
"HASSIG,CA","4"
"HINES,MA","4"
"HOLLSTEIN,M","4"
"HOLT,JT","4"
"HOLZELOVA,E","4"
"HOWE,GA","4"
"HUGOT,JP","4"
"IMAI,Y","4"
"ITO,H","4"
"IYER,VR","4"
"JACOBS,JJL","4"
"JAILLON,OLIVIER","4"
"JANIAK,C","4"
"JENSEN,RG","4"
"JIMENEZ,J. L.","4"
"JOHNSON,SM","4"
"JORDAN,MA","4"
"KASTAN,MB","4"
"KAUFFMANZEH,A","4"
"KEPLER,CR","4"
"KEREM,BS","4"
"KERPPOLA,TK","4"
"KERR,JFR","4"
"KHAN,ZR","4"
"KHANNA,C","4"
"KIM,YJ","4"
"KNUUTILA,S","4"
"KORINEK,V","4"
"KRICHENKO,A","4"
"KUNKEL,BN","4"
"LANDER E S","4"
"LANDON,P","4"
"LEVY,SAMUEL","4"
"LI,DM","4"
"LI,L","4"
"LITTLE,CD","4"
"LIU,XS","4"
"LLOYD,TR","4"
"LU,J","4"
"LYNCH,TJ","4"
"MA,LIQING","4"
"MADDRELL,SH","4"
"MARDIS,ELAINE R.","4"
"MASUDA,O","4"
"MATSUMOTO,T","4"
"MEDEMA,RH","4"
"MERLO,A","4"
"MILLER,SA","4"
"MILLIGAN,SB","4"
"MIZZEN,CA","4"
"MOLLENHAUER,J","4"
"MONSON,RK","4"
"MOORE,JW","4"
"MORGENSTERN,JP","4"
"MORRISSEY,JP","4"
"MOSMANN,TR","4"
"MURPHY,CT","4"
"NIEMEYER,CM","4"
"NIGRO,JM","4"
"OGURA,Y","4"
"OZAWA,R","4"
"PARK,Y","4"
"PARODI,PW","4"
"PEARCE,J","4"
"PEROU,CM","4"
"PETERSON,AT","4"
"PEVZNER,PA","4"
"PICKETT,JA","4"
"PINA,B","4"
"PLEASANCE,ERIN D.","4"
"PUGH,BF","4"
"REGNIER,CH","4"
"RODRIGUEZ-CONCEPCION,M","4"
"ROESSNER,U","4"
"ROGERS,S","4"
"RUTHERFORD,K","4"
"SCHRECK,R","4"
"SCHULTZ,J","4"
"SEKI,M","4"
"SHAW,RJ","4"
"SHI,YF","4"
"SHIMADA,H","4"
"SIEGEL,RM","4"
"SKALETSKY,H","4"
"SPOEL,SH","4"
"STERMITZ,FR","4"
"STOCKWELL,D","4"
"STRAHL,BD","4"
"STRAUSS,SY","4"
"STUPP,R","4"
"TAKAHASHI,KAZUTOSHI","4"
"TANG,Y","4"
"TASHIRO,H","4"
"TEMNYKH,S","4"
"TERANISHI,T","4"
"TOMLINS,SA","4"
"TOSHIMA,N","4"
"TRAPNELL,COLE","4"
"TSUJIMOTO,Y","4"
"VANDER HEIDEN,MATTHEW G","4"
"VERHAAK,ROEL G. W.","4"
"VISAKORPI,T","4"
"VOJTEK,AB","4"
"VOLINIA,S","4"
"WAAGE,JK","4"
"WASTERNACK,C","4"
"WEBER,JL","4"
"WIGHTMAN,B","4"
"WINSTON,F","4"
"XU,Y","4"
"YONISHROUACH,E","4"
"AALTONEN,LA","3"
"ADHIKARY,S","3"
"ADZHUBEI,IVAN A.","3"
"AKIRA,S","3"
"ALIZADEH,AA","3"
"ALTIERI,M. A.","3"
"AMBROS,V","3"
"ANDOW,DA","3"
"ANKUDINOV,AL","3"
"ANTUNES,NL","3"
"APPEL,LJ","3"
"ARCHER,TK","3"
"ASKEW,R.R.","3"
"ASTRUC,D","3"
"BAKER,SJ","3"
"BATTEN,SR","3"
"BATZOGLOU,S","3"
"BENGAL,E","3"
"BENJAMINI,Y","3"
"BENSON,G","3"
"BERGET,SM","3"
"BERNARD,O","3"
"BERNSTEIN,FC","3"
"BERRIDGE,MJ","3"
"BHATTACHARYA,ARUNABH","3"
"BLACKMAN,MJ","3"
"BLEESING,JJH","3"
"BLOOM,AJ","3"
"BOTSTEIN,D","3"
"BOWERS,JE","3"
"BOYER,LA","3"
"BOYLE,WJ","3"
"BROWN,EJ","3"
"BRUCHEZ,M","3"
"BRUST,M","3"
"BURDA,C","3"
"CALL,KM","3"
"CALLOW,MG","3"
"CAO,H","3"
"CAO,YWC","3"
"CAO,ZD","3"
"CARPENTER,G","3"
"CARROLL,G","3"
"CAUSSE,MA","3"
"CHAN,JA","3"
"CHEN,BL","3"
"CHEN,MS","3"
"CHIEN,CT","3"
"CHILLIARD,Y","3"
"CHIN,L.","3"
"CHIN,S. F.","3"
"CHIU,R","3"
"CHRISTENSEN,JE","3"
"CHRIVIA,JC","3"
"CHUN,HJ","3"
"CHURCH,GM","3"
"CLARK,KL","3"
"CLOUGH,SJ","3"
"COLE,SPC","3"
"CONRAD,DONALD F.","3"
"COUREY,AJ","3"
"CREPALDI,T","3"
"DAVIES,SP","3"
"DAVIS,RJ","3"
"DE DEYN,GB","3"
"DEACON,SEAN W.","3"
"DECAPRIO,JA","3"
"DENG,L","3"
"DERIJARD,B","3"
"DEWITT,TJ","3"
"DIEHL,JA","3"
"DIETRICH,RA","3"
"DOHM,JULIANE C.","3"
"DOUGLAS,AE","3"
"DOUTT,RL","3"
"DU,W","3"
"DUBERTRET,B","3"
"DUDEK,H","3"
"DUNHAM,I","3"
"EDDY,SR","3"
"EDGAR,RC","3"
"EDMONDSON,DG","3"
"ELDRIDGE,JH","3"
"ETIENNE-MANNEVILLE,S","3"
"EWEN,ME","3"
"FAISST,S","3"
"FAN,FENG-RU","3"
"FANIDI,A","3"
"FANTIN,VR","3"
"FARQUHAR,GD","3"
"FEINGOLD,EA","3"
"FERNANDEZ,PC","3"
"FERRARA,N","3"
"FERRUTI,P","3"
"FIEVET,BT","3"
"FITZGERALD,RJ","3"
"FLEISHER,DS","3"
"FORUS,A","3"
"FOWLER,SV","3"
"FRIEDMAN,J","3"
"FUJITA,M","3"
"FURNEAUX,HM","3"
"FUTUYMA,DJ","3"
"GALLI,R","3"
"GARDNER,MJ","3"
"GAUGLER,R","3"
"GAUTREAU,A","3"
"GAVIN,AC","3"
"GENTLEMAN,RC","3"
"GERSHENZON,JONATHAN","3"
"GHOSH,G","3"
"GNIRKE,ANDREAS","3"
"GOLUB,TR","3"
"GONZALEZ,GA","3"
"GOODENBERGER,DM","3"
"GORDON,D","3"
"GRAHAM,CH","3"
"GREEN,S","3"
"GREWAL,PS","3"
"GRIFFITHS-JONES,SAM","3"
"GROSS,RE","3"
"GROSVELD,F","3"
"GUENTHER,A.","3"
"GUTTMAN,MITCHELL","3"
"HAI,TW","3"
"HALEVY,O","3"
"HAMILTON,AJ","3"
"HANSEN,A. E.","3"
"HARDING,HP","3"
"HARMER,SL","3"
"HARTMANN,RAINER","3"
"HEGI,ME","3"
"HEINTZMAN,NATHANIEL D.","3"
"HENRY,G","3"
"HENTZE,MW","3"
"HILLIER,LW","3"
"HINDORFF,LUCIA A.","3"
"HO,SN","3"
"HOCKENBERY,DM","3"
"HOFFMAN,CS","3"
"HORLEIN,AJ","3"
"HOSKING,MCK","3"
"HSU,HL","3"
"HUDSON,RR","3"
"HUTCHINSON,GE","3"
"HUTVAGNER,G","3"
"HYNES,RO","3"
"ICHIMURA,K","3"
"IKADA,Y","3"
"INGRAM,J","3"
"ISHIHARA,K","3"
"JACKSON,CE","3"
"JAENICKE-DESPRES,V","3"
"JAHREIS,G","3"
"JENUWEIN,T","3"
"JONES,PA","3"
"JONES,TA","3"
"KAESTNER,KH","3"
"KALLIONIEMI,A","3"
"KALLIONIEMI,OP","3"
"KAMEI,Y","3"
"KAMIJO,T","3"
"KANEHISA,M","3"
"KAPOOR,A","3"
"KASTNER,P","3"
"KAYA,HK","3"
"KIM,KJ","3"
"KING,AJ","3"
"KITTS,DD","3"
"KLEIHUES,P","3"
"KLEIN,RJ","3"
"KNUDSON,AG","3"
"KORBEL,JAN O.","3"
"KORNBERG,RD","3"
"KUC,J","3"
"KUMAR,PRATEEK","3"
"KYRIAKIS,JM","3"
"LANGMEAD,BEN","3"
"LEE,JH","3"
"LEE,W","3"
"LEE,Y","3"
"LEE,YOUNG WOOK","3"
"LEI,M","3"
"LENNON,VA","3"
"LEVINE,E","3"
"LI,E","3"
"LIEW,FY","3"
"LILL,RE","3"
"LIN,H","3"
"LIPTON,W. J.","3"
"LIU,ZG","3"
"LOCKHART,DJ","3"
"LOEWITH,R","3"
"LOUIS,DN","3"
"MA,J","3"
"MACARTHUR,RH","3"
"MACKAY,DJG","3"
"MALAMY,J","3"
"MALININ,NL","3"
"MASON,MG","3"
"MASSAGUE,J","3"
"MATSUMURA,Y","3"
"MAXWELL,PH","3"
"MCCLELLAND,M","3"
"MCGARVEY,DJ","3"
"MCKEY,D","3"
"MCMAHON,SB","3"
"MEDINTZ,IL","3"
"MEINKE,DW","3"
"METZKER,ML","3"
"MICHAELS,SD","3"
"MIDDLETON,FA","3"
"MIKKELSEN,TARJEI S.","3"
"MIKKELSEN,TS","3"
"MILLS,RYAN E.","3"
"MILLWARD,AR","3"
"MISRA,S","3"
"MIZUNO,S","3"
"MOMAND,J","3"
"MOREIN,B","3"
"MORTAZAVI,ALI","3"
"MOULTON,B","3"
"MULLER,CH","3"
"MULLER,CW","3"
"MURZIN,AG","3"
"MUZIO,M","3"
"NAGALAKSHMI,UGRAPPA","3"
"NEI,M","3"
"NESBIT,CE","3"
"NEWVILLE,M","3"
"NICOLETTI,I","3"
"NISHIZUKA,Y","3"
"NOBES,CD","3"
"NOWELL,PC","3"
"OHGAKI,H","3"
"OKAMOTO,A","3"
"OLIVEIRA,JOAO B.","3"
"OLSEN,JESPER V.","3"
"OLTVAI,ZN","3"
"ORLOWSKI,J","3"
"ORPHANIDES,G","3"
"PACKARD,RENE R. S.","3"
"PALLINI,A","3"
"PALOMBELLA,VJ","3"
"PAO,W","3"
"PARIZA,MW","3"
"PARKER,SL","3"
"PARSONS,R","3"
"PEARSON,MA","3"
"PENACORTES,H","3"
"PENG,XG","3"
"PETERSON,CL","3"
"PICMAN,AK","3"
"PIETERSE,CORNE M. J.","3"
"POLYAK,K","3"
"POLYMEROPOULOS,MH","3"
"PRUITT,KD","3"
"QUELLE,DE","3"
"RAMENSKY,V","3"
"RAO,VK","3"
"RAPPE,AK","3"
"RASHKIND,WJ","3"
"RAUPP,M.J.","3"
"RAVEL,B","3"
"REDON,RICHARD","3"
"REITSMA,PH","3"
"RHEI,E","3"
"RICHARDS,EJ","3"
"RICKMAN,DS","3"
"RISCH,N","3"
"RISINGER,JI","3"
"ROBBINS,J","3"
"ROBINSON,T","3"
"ROUAULT,TA","3"
"RUDNICK,E","3"
"SACHIDANANDAM,R","3"
"SATO,S","3"
"SCHNEE,C","3"
"SCHREIBERAGUS,N","3"
"SCOTT,RWJ","3"
"SEBAT,JONATHAN","3"
"SEMBDNER,G","3"
"SEO,HS","3"
"SHAH,NP","3"
"SHANER,NC","3"
"SHANTHA,NC","3"
"SHAW,G","3"
"SHEFFIELD,VC","3"
"SHERRY,ST","3"
"SHINGFIELD,KJ","3"
"SIEDOW,JN","3"
"SIMPSON,RT","3"
"SLANSKY,F","3"
"SLATER,GS","3"
"SMITH,DB","3"
"SMITH,JM","3"
"SMITH,TF","3"
"SMYTH,GK","3"
"SOLANO,R","3"
"SOLOMON,GE","3"
"SONGYANG,Z","3"
"SORLIE,T","3"
"SPELLMAN,PT","3"
"STEFANSSON,K","3"
"STRATTON,MICHAEL R.","3"
"STRAUSBERG,RL","3"
"SUMNER,LW","3"
"SUN,SH","3"
"SWETS,JA","3"
"SZABO,A","3"
"TAKEUCHI,K","3"
"TAVAZOIE,S","3"
"THOMPSON,JD","3"
"TKACHUK,DC","3"
"TOMETZKI,AJP","3"
"TRANCHEMONTAGNE,DAVID J.","3"
"TSIEN,RY","3"
"TSUKITA,S","3"
"TURNER,R","3"
"TURPEINEN,AM","3"
"ULLRICH,A","3"
"UZUN,O","3"
"VAN DE VIJVER,MJ","3"
"VAN LENTEREN,J.C.","3"
"VINSON,CR","3"
"VIVANCO,I","3"
"WALDMAN,T","3"
"WANG,RL","3"
"WARREN,RENE L.","3"
"WEIR,BARBARA A.","3"
"WEISSENBACH,J","3"
"WERTHEIM,GK","3"
"WHANG,YE","3"
"WHITFIELD,ML","3"
"WILLIAMS,GT","3"
"WORONICZ,JD","3"
"WRIGHT,WE","3"
"WU,C","3"
"WU,HM","3"
"YANG,JM","3"
"YANG,ZH","3"
"ZAMORE,PD","3"
"ZHANG,J.","3"
"ZHANG,P","3"
"ZHANG,Y","3"
"ZIMMERMAN,KA","3"
"ADDEO,F","2"
"AKERMAN,ME","2"
"AL-HAJJ,M","2"
"ALBERT,ML","2"
"ALGRAIN,M","2"
"ALLEN,KM","2"
"ALTABA,AR","2"
"ALTOMARE,DA","2"
"AMIR,RE","2"
"ANDREAE,MO","2"
"ANZICK,SL","2"
"APEL,K","2"
"ARAUJO,MB","2"
"ARRIZA,JL","2"
"AUBOURG,S","2"
"AUFFRAY,C","2"
"AUPHAN,N","2"
"BACIC,A","2"
"BACKHED,F","2"
"BAIN,G","2"
"BAIS,HARSH P.","2"
"BALE,JS","2"
"BANERJEE,RAHUL","2"
"BANERJI,J","2"
"BAO,HUA","2"
"BARABASI,AL","2"
"BARDOCZ,S","2"
"BARKER,WH","2"
"BATALLER,L","2"
"BECHTOLD,N","2"
"BECKER,SW","2"
"BEHRENS,J","2"
"BELL,E","2"
"BELURY,MA","2"
"BENNETT,MD","2"
"BENOIST,C","2"
"BENSEN,RJ","2"
"BERGER,MICHAEL F.","2"
"BERGERS,G","2"
"BERNARDI,G","2"
"BERNAYS,EA","2"
"BERTIN,C","2"
"BINO,RJ","2"
"BIRKETT,MA","2"
"BIRNBOIM,HC","2"
"BITTLES,AH","2"
"BLANAR,MA","2"
"BLANC,G","2"
"BLASKO,JAROSLAV","2"
"BLECHERT,S","2"
"BLEYL,SB","2"
"BLIGH,EG","2"
"BLUME-JENSEN,P","2"
"BODMER,R","2"
"BONAN,GORDON B.","2"
"BORCARD,D","2"
"BORROW,J","2"
"BOSHER,JM","2"
"BOULTON,TG","2"
"BRABLETZ,T","2"
"BRADLEY,DJ","2"
"BRAUN,T","2"
"BRAZMA,A","2"
"BREHM,A","2"
"BREIMAN,L","2"
"BRENNER,S","2"
"BROSE,MS","2"
"BROWN,MS","2"
"BROWN,PO","2"
"BRUNGER,AT","2"
"BUCKANOVICH,RJ","2"
"BULGER,M","2"
"BUNZ,F","2"
"BURATOWSKI,S","2"
"BURG,SP","2"
"BURK,ULRIKE","2"
"BURKE,RP","2"
"BUSSEL,JAMES B.","2"
"BYARS,NE","2"
"CABANTCH.ZI","2"
"CALLAWAY,RM","2"
"CAMON,E","2"
"CAMPBELL,BC","2"
"CAMPISI,J","2"
"CANALE,VC","2"
"CANE,D.E.","2"
"CAO,OU","2"
"CAO,R","2"
"CAO,YW","2"
"CAREY,LISA A.","2"
"CARGILL,M","2"
"CARMELIET,P","2"
"CARNEY,DN","2"
"CARPITA,NC","2"
"CARROLL,CR","2"
"CASEY,JL","2"
"CHAE,HK","2"
"CHANG,BD","2"
"CHANG,S. J.","2"
"CHANG,SP","2"
"CHARNOV,EL","2"
"CHASE,HP","2"
"CHEDID,LA","2"
"CHEN,HW","2"
"CHEN,JD","2"
"CHEN,X","2"
"CHEUNG,HS","2"
"CHILLIARD,YVES","2"
"CHO,KWY","2"
"CHOU,TC","2"
"CHRISTIAN,JL","2"
"CIMMINO,A","2"
"CLARK,EA","2"
"CLARKE,AR","2"
"CLEVELAND,DW","2"
"CLEVELAND,WS","2"
"CLIFTEN,P","2"
"COCHRAN,BH","2"
"COHEN,JJ","2"
"COLLOMB,M","2"
"CONNOLLY,AM","2"
"CONNOR,WE","2"
"COPELAND,NG","2"
"COPENHAVER,GP","2"
"COPPOLA,JA","2"
"CORDAIN,L","2"
"CORE,LEIGHTON J.","2"
"CORY,S","2"
"CRABTREE,GR","2"
"CROFT,KPC","2"
"CRUZ-HERNANDEZ,C","2"
"CURRAN,WJ","2"
"CURTIS,CHRISTINA","2"
"CUSHING,BL","2"
"CUSHMAN,DW","2"
"DAHMANE,N","2"
"DALAKAS,MC","2"
"DALY,TM","2"
"DAMERON,KM","2"
"DARNELL,JE","2"
"DAVE,SS","2"
"DAVIS,EM","2"
"DAYHOFF,M.","2"
"DE SMET,S","2"
"DECKERT,G","2"
"DEKKER,J","2"
"DELLEDONNE,M","2"
"DELONG,EF","2"
"DENG,CX","2"
"DENKER,SP","2"
"DENNIS,GLYNN JR","2"
"DERISI,JL","2"
"DESPLAN,C","2"
"DEVERAUX,QL","2"
"DIB,C","2"
"DICKE,M.","2"
"DICKE,MARCEL","2"
"DIMRI,GP","2"
"DOENCH,JG","2"
"DONAHUE,TF","2"
"DOOLING,EC","2"
"DUGAICZYK,A","2"
"DURFEE,T","2"
"DURNER,J","2"
"DYNAN,WS","2"
"EARNSHAW,WC","2"
"ECKBURG,PB","2"
"EDGAR,R","2"
"EDWARDS,JENNIFER K.","2"
"EISCHEN,CM","2"
"EL-RIFAI,W","2"
"ELIAS,PM","2"
"ELZEN,GW","2"
"ENARI,M","2"
"ENG,C","2"
"ENG,JK","2"
"ENYEDI,AJ","2"
"ESQUELA-KERSCHER,A","2"
"ESTEVEZ,JM","2"
"EULGEM,T","2"
"EVANS,JR","2"
"EVANS,RM","2"
"EVANS,RS","2"
"EY,PL","2"
"FACCHINI,LM","2"
"FAN,CM","2"
"FARMER,H","2"
"FAUMAN,EB","2"
"FEINBERG,AP","2"
"FELSENSTEIN,J.","2"
"FELTON,GW","2"
"FENWICK,GR","2"
"FEREY,G","2"
"FINKELMAN,FD","2"
"FIRESTEIN,RON","2"
"FITCH,WM","2"
"FIUME,MARC","2"
"FLANAGAN,WM","2"
"FLOREA,L","2"
"FONG,PETER C.","2"
"FORBES,SIMON A.","2"
"FORCE,A","2"
"FORSTER,T","2"
"FRASER,AG","2"
"FRAZER,KELLY A.","2"
"FRENCH,P","2"
"FRIED,M","2"
"FRISCH,SM","2"
"FRISCHMEYER,PA","2"
"FRYER,CJ","2"
"FUJITA,H","2"
"FURNARI,FB","2"
"FURNARI,FRANK B.","2"
"GAFFNEY,T","2"
"GAGE,FH","2"
"GALE,MD","2"
"GALILI,N","2"
"GALLOWAY,JAMES N.","2"
"GAO,PING","2"
"GARRAWAY,LA","2"
"GEHRING,WJ","2"
"GERDES,J","2"
"GERSHENZON,J","2"
"GIANTURCO,C","2"
"GOBBETTI,M","2"
"GOMEZ-RUIZ,JA","2"
"GONZALEZZULUETA,M","2"
"GOOD,DJ","2"
"GRANT,MR","2"
"GRAVELEY,BR","2"
"GREEN,SJ","2"
"GREER,EL","2"
"GREGORY,PHILIP A.","2"
"GRISHOK,A","2"
"GROSS,P","2"
"GU,HW","2"
"GUENTHER,AB","2"
"GUENTHER,MATTHEW G.","2"
"GUYTON,AC","2"
"GYGI,SP","2"
"GYURIS,J","2"
"HAAS,BJ","2"
"HAGRMAN,P. J.","2"
"HAHN,SA","2"
"HAI,T","2"
"HALAZONETIS,TD","2"
"HALL,A","2"
"HALLQUIST,M.","2"
"HAMADA,K","2"
"HAMILTON,WD","2"
"HAMMER,B","2"
"HAN,DK","2"
"HANNON,GJ","2"
"HARK,AT","2"
"HARTWELL,L","2"
"HARVELL,CD","2"
"HAUPT,Y","2"
"HAY,N","2"
"HAYWARD,WS","2"
"HEATH,RR","2"
"HEAVEN,MICHAEL W.","2"
"HEBSGAARD,SM","2"
"HEDGES,SB","2"
"HEIMANN,MARTIN","2"
"HENIKOFF,S","2"
"HENTHORN,P","2"
"HERBST,ROY S.","2"
"HERLYN,D","2"
"HERMSMEIER,D","2"
"HERSHKO,A","2"
"HIBBS,JB","2"
"HIGGINS,DG","2"
"HIGUCHI,R","2"
"HIJMANS,RJ","2"
"HILDER,VA","2"
"HIRAI,MY","2"
"HIRAO,M","2"
"HIROCHIKA,H","2"
"HIROSUMI,J","2"
"HIRSCHHORN,JN","2"
"HIRZEL,AH","2"
"HO,Y","2"
"HOBSON,LJ","2"
"HOFFMANN,T","2"
"HOFMANN,C","2"
"HOFMANN,K","2"
"HOLLING,CS","2"
"HOLSTEGE,FCP","2"
"HORIKAWA,Y","2"
"HTUN,H","2"
"HU,CD","2"
"HU,FB","2"
"HUANG,WEICHUN","2"
"HUDES,GARY","2"
"HURLIN,PJ","2"
"HUYNH,WU","2"
"ILLUM,L","2"
"IONOV,Y","2"
"IORIO,MV","2"
"ISSEMANN,I","2"
"IVETIC,A","2"
"JAAKKOLA,P","2"
"JACOB,RA","2"
"JADZINSKY,PABLO D.","2"
"JAILLON,O","2"
"JAISWAL,JK","2"
"JAMES,DG","2"
"JAMES,SL","2"
"JANG,SK","2"
"JAUHIAINEN,T","2"
"JEFFRIES,MJ","2"
"JEMAL,A","2"
"JEMAL,AHMEDIN","2"
"JENKINS,NA","2"
"JEONG,H","2"
"JOHNSON,GL","2"
"JOHNSTON,LA","2"
"JONAT,C","2"
"JONES,DAVID T. W.","2"
"JONES,PH","2"
"JONES,RE","2"
"JONGSMA,MA","2"
"JOPLING,CL","2"
"KABSCH,W","2"
"KALINICHENKO,VV","2"
"KAMB,A","2"
"KAMPS,MP","2"
"KANEHISA,MINORU","2"
"KANG,IK","2"
"KAPLAN,EL","2"
"KAPRANOV,P","2"
"KASHKUSH,K","2"
"KATINKA,MD","2"
"KAUFMANN,SH","2"
"KENDE,H","2"
"KENNEDY,SG","2"
"KENSIL,CR","2"
"KEPINSKI,S","2"
"KHANAL,R. C.","2"
"KIERAN,M","2"
"KIM,DH","2"
"KIM,JL","2"
"KIM,TH","2"
"KIM,YC","2"
"KINSBOURNE,M","2"
"KINZLER,KW","2"
"KIYONO,T","2"
"KOH,PS","2"
"KOHL,NE","2"
"KOMURO,I","2"
"KOO,HS","2"
"KOPKA,J","2"
"KORPAL,MANAV","2"
"KORSMEYER,SJ","2"
"KRAFT,J","2"
"KRAMER,JOHN K. G.","2"
"KRAULIS,PJ","2"
"KROLL,JESSE H.","2"
"KRUTZFELDT,J","2"
"KRZYWINSKI,MARTIN","2"
"KUBBUTAT,MHG","2"
"KUNJI,ERS","2"
"KURTZ,S","2"
"KURZ,W. A.","2"
"KUUSI,N","2"
"KYPRIANOU,N","2"
"LABAER,J","2"
"LABORDE,F","2"
"LACEY,DL","2"
"LACHMAN,HM","2"
"LAIRD,PW","2"
"LAMB,B","2"
"LANDE,R","2"
"LANG,B","2"
"LAOUKILI,J","2"
"LARSON,DR","2"
"LAULE,O","2"
"LAWTON,JH","2"
"LEE,JS","2"
"LEE,PA","2"
"LEFRANC,MP","2"
"LEGENDRE,P","2"
"LEIBER,F","2"
"LEID,M","2"
"LESBURG,CA","2"
"LEVIMONTALCINI,R","2"
"LEVINE,A","2"
"LEVINE,B","2"
"LEVINE,M","2"
"LEWIS,SE","2"
"LEWONTIN,RC","2"
"LEY,RE","2"
"LEY,TIMOTHY J.","2"
"LI,C","2"
"LI,HL","2"
"LI,P","2"
"LI,QT","2"
"LIANG,P","2"
"LIEB,JD","2"
"LILLIE,JW","2"
"LIM,BYUNGKWON","2"
"LIN,HC","2"
"LIN,K","2"
"LINDINGER,W","2"
"LINK,S","2"
"LIOTTA,LA","2"
"LIU,CR","2"
"LIU,T","2"
"LO CONTE,L","2"
"LOCKSLEY,RM","2"
"LOOK,AT","2"
"LOUVET-VALLEE,S","2"
"LOVE,JC","2"
"LOWRY,OH","2"
"LUKASHIN,AV","2"
"LUNDGREN,R","2"
"LUO,JI","2"
"LUO,X","2"
"LURIE,S","2"
"MACKENZIE,DI","2"
"MACKEY,D","2"
"MAENO,M","2"
"MAERE,S","2"
"MAJARIAN,WR","2"
"MAJETI,N.V.","2"
"MALDONADO,AM","2"
"MALECK,K","2"
"MALIK,S","2"
"MALKIN,D","2"
"MANEL,S","2"
"MANI,SENDURAI A.","2"
"MARMORSTEIN,R","2"
"MARQUIS,RJ","2"
"MARSH,DJ","2"
"MARTE,BM","2"
"MARTIN,C","2"
"MARTIN,D","2"
"MARTIN,DM","2"
"MARTIN,GB","2"
"MARUSICH,MF","2"
"MATSUDAIRA,P","2"
"MATSUSHIME,H","2"
"MATTHEISS,LF","2"
"MAVRICH,TRAVIS N.","2"
"MAYO,SL","2"
"MCCLINTOCK,B","2"
"MCCLOUD,ES","2"
"MCDONALD,JH","2"
"MCGAVRAN,MH","2"
"MCGINNIS,W","2"
"MCKENNA,AARON","2"
"MCKENNA,NJ","2"
"MEHREGAN,AH","2"
"MELTON,DA","2"
"MENSINK,RP","2"
"METIVIER,R","2"
"METRAUX,JP","2"
"METZKER,MICHAEL L.","2"
"MEYER,A","2"
"MEYERS,BC","2"
"MILLER,AD","2"
"MILNE,IAIN","2"
"MIRONOV,AA","2"
"MITA,K","2"
"MITTLER,R","2"
"MIYOSHI,S","2"
"MODREK,B","2"
"MOE,PG","2"
"MOORE,G","2"
"MOORE,JD","2"
"MOREAU,P","2"
"MORI,K","2"
"MOTZER,ROBERT J.","2"
"MULLER,R","2"
"MULLIGHAN,CHARLES G.","2"
"MURAKAMI,Y","2"
"MURRAY,HW","2"
"MYERS,LC","2"
"MYERS,MP","2"
"NAGAO,K","2"
"NAGY,E","2"
"NAKAGAWARA,A","2"
"NEER,EJ","2"
"NESHAT,MS","2"
"NEUNERT,CINDY","2"
"NEVE,RICHARD M.","2"
"NG,PC","2"
"NG,SARAH B.","2"
"NG,T","2"
"NICHOLSON,DW","2"
"NICOL,JOHN W.","2"
"NICOLAS,G","2"
"NIELSEN,CYDNEY B.","2"
"NING,ZM","2"
"NIWA,H","2"
"NOBORI,T","2"
"NOCTOR,G","2"
"NODA,A","2"
"NORRIS,MD","2"
"NORTON,JA","2"
"NUDDA,A","2"
"OCKWIG,NW","2"
"OGG,S","2"
"OHAGAN,DT","2"
"OHGAKI,HIROKO","2"
"OHMETAKAGI,M","2"
"OKANO,M","2"
"OLSON,EN","2"
"ONDETTI,MA","2"
"ORESKES,N","2"
"OROZCO-CARDENAS,ML","2"
"OSHIRO,N","2"
"OSTERLUND,MT","2"
"OTTO,SP","2"
"PABO,CO","2"
"PABST,T","2"
"PADDISON,PJ","2"
"PAIK,S","2"
"PARK,JONGNAM","2"
"PARK,SUN-MI","2"
"PARKER,JOEL S.","2"
"PARKER,SB","2"
"PARKHILL,J","2"
"PARMESAN,C","2"
"PATIL,N","2"
"PAULL,R. E.","2"
"PAZIN,MJ","2"
"PEARSON,RICHARD G.","2"
"PELENGARIS,S","2"
"PELTOMAKI,P","2"
"PENG,JR","2"
"PENG,SB","2"
"PENG,ZA","2"
"PERKINS,ND","2"
"PERLMANN,T","2"
"PERRY,TL","2"
"PEVNY,L","2"
"PHILLIPS,HS","2"
"PHILLIPS,OLIVER L.","2"
"PHILLIPS,STEVEN J.","2"
"PIHLANTO,ANNE","2"
"PLATE,KH","2"
"PLAYFORD,RJ","2"
"POLAKIS,P","2"
"POMERANTZ,J","2"
"POSNER,JB","2"
"POY,MN","2"
"PRAT,ALEIX","2"
"PROCHOWNIK,EV","2"
"PRUITT,KIM D.","2"
"QIU,RG","2"
"QU,J","2"
"RABBITTS,TH","2"
"RABINOWITZ,D.","2"
"RADWANSKI,ER","2"
"RAIN,JC","2"
"RAINGEAUD,J","2"
"RAJAGOPALAN,H","2"
"RAMACHANDRAN,GN","2"
"RAMSEY,J","2"
"RASKIN,I","2"
"RECZEK,D","2"
"REIFENBERGER,J","2"
"REIK,W","2"
"REINHART,BJ","2"
"RHODES,SJ","2"
"RICHARDSON,JS","2"
"RIED,T","2"
"RIEUX-LAUCAT,F","2"
"RODRIGUEZVICIANA,P","2"
"ROOT,RB","2"
"ROSENBLATT,DS","2"
"ROSENSTEIN,BJ","2"
"ROSENZWEIG,CYNTHIA","2"
"ROSS,MT","2"
"ROWSELL,JLC","2"
"RUDNICKI,MA","2"
"RULEY,HE","2"
"RUOSLAHTI,E","2"
"SAHAI,E","2"
"SAKAMOTO,T","2"
"SALLINEN,SL","2"
"SALVESEN,GS","2"
"SAMPLE,J","2"
"SANCHEZ-BEATO,M","2"
"SAOTOME,I","2"
"SASAKI,H","2"
"SAWADOGO,M","2"
"SCAFFIDI,C","2"
"SCHAUER,N","2"
"SCHEIBLE,WR","2"
"SCHENA,M","2"
"SCHLICHTING,CD","2"
"SCHOENER,TW","2"
"SCHREIBER,E","2"
"SCHROCK,E","2"
"SCHULE,R","2"
"SCHULTZ,SC","2"
"SCUTAREANU,P","2"
"SEGER,R","2"
"SEGURADO,P","2"
"SEHAT,N","2"
"SEN,R","2"
"SHALABY,F","2"
"SHANG,YF","2"
"SHAPIRO,MB","2"
"SHENG,M","2"
"SHRADER,TE","2"
"SIEBENLIST,U","2"
"SIEPEL,A","2"
"SIMMONS,ML","2"
"SINFELT,JH","2"
"SINGHAL,JP","2"
"SINGLETON,AB","2"
"SIPOLA,M","2"
"SITCH,S.","2"
"SLACK-DAVIS,JK","2"
"SMITH,JS","2"
"SMITH,LM","2"
"SNIJDERS,AM","2"
"SOLINASTOLDO,S","2"
"SONG,HJ","2"
"SOULE,HD","2"
"SPENCER,TE","2"
"STACPOOLE,PW","2"
"STANTON,LW","2"
"STANTON,ML","2"
"STARINK,TM","2"
"STASWICK,PE","2"
"STEFANSSON,HREINN","2"
"STEPHENS,M","2"
"STEPHENS,PHILIP J.","2"
"STOREY,JD","2"
"STRUHL,K","2"
"SUDA,T","2"
"SUI,GC","2"
"SUKHIJA,PS","2"
"SUN,TP","2"
"SUN,XH","2"
"SUN,YG","2"
"TAKAHASHI,H","2"
"TAKAHASHI,K","2"
"TAMURA,KOICHIRO","2"
"TANAKA,M","2"
"TANKSLEY,SD","2"
"TAUB,R","2"
"TEACHEY,DT","2"
"TEH,MT","2"
"TETTELIN,H","2"
"THIELE,CJ","2"
"THIERY,JP","2"
"THIMM,O","2"
"THOMPSON,CM","2"
"THOMPSON,JN","2"
"THURMOND,DC","2"
"TIAN,MS","2"
"TIMCHENKO,NA","2"
"TIMMONS,L","2"
"TOHGE,T","2"
"TOMASI,TB","2"
"TOTHOVA,ZUZANA","2"
"TOUYZ,RM","2"
"TOWNSEND,ARM","2"
"TRIVEDI,B","2"
"TSUNOYAMA,H","2"
"TURNER,DL","2"
"TUSKAN,G. A.","2"
"TUZUN,E","2"
"TYNAN,M","2"
"UEDA,H","2"
"UEKI,K","2"
"UHLMANN,E","2"
"ULMER,JB","2"
"VAN DEN BOOM,CEM","2"
"VAN'T VEER,LJ","2"
"VANDEPEER,Y","2"
"VELCULESCU,VE","2"
"VERMEIRSSEN,V","2"
"VERNOOIJ,B","2"
"VICK,BA","2"
"VITOUSEK,PM","2"
"WANG,J","2"
"WANG,JUN","2"
"WANG,ZHENQIANG","2"
"WASTERNACK,C.","2"
"WEI,MC","2"
"WEISMANN,K","2"
"WEISS,A","2"
"WEISS,WA","2"
"WEN,PATRICK Y.","2"
"WERNER,SA","2"
"WESTIN,EH","2"
"WIENS,JJ","2"
"WILDON,DC","2"
"WILKINSO.DS","2"
"WILLETT,WC","2"
"WILLIAMS,C D","2"
"WILLIAMS,T","2"
"WISE,M.L.","2"
"WOLFE,GV","2"
"WOOSTER,R","2"
"WORKMAN,JL","2"
"WU,JZ","2"
"WU,ML","2"
"WYLLIE,A H","2"
"WYLLIE,AH","2"
"XENARIOS,I","2"
"XIA,ZG","2"
"XU,JR","2"
"YAMAUCHI,T","2"
"YAN,HAI","2"
"YANG,J","2"
"YANO,M","2"
"YANOFSKY,MF","2"
"YE,HG","2"
"YILDIZ,A","2"
"YONEMURA,S","2"
"YOSHINAGA,SK","2"
"YU,YL","2"
"ZEEVAART,JAD","2"
"ZENKE,FT","2"
"ZHA,JP","2"
"ZHANG,DE","2"
"ZHANG,J","2"
"ZIMMERMANN,P","2"
"ZINKEL,SS","2"
"ZOU,H","2"
"*UNIPROT CONS","1"
"ABAD,A","1"
"ABATE,C","1"
"ABBAS,TAREK","1"
"ABE,H","1"
"ABO,A","1"
"ABRAHAM,E","1"
"ABRAHAMS,BRETT S.","1"
"ABRAMOVITS,W","1"
"ABROUS,DN","1"
"ABUBAKAR,A","1"
"ACHIRON,A","1"
"ACKERS,GK","1"
"ACLAND,P","1"
"ADAMS E B","1"
"ADAMS,KL","1"
"ADAMS,LB","1"
"ADAMS,RR","1"
"ADDIS,M","1"
"ADDO-BEDIAKO,A","1"
"ADEBAMOWO,CA","1"
"ADEREM,A","1"
"ADZIC,R. R.","1"
"AGARWAL,ML","1"
"AGARWAL,SK","1"
"AGGARWAL,BB","1"
"AGNIHOTRI,SA","1"
"AGRAWAL,CM","1"
"AHARONI,ASAPH","1"
"AHMAD,M","1"
"AHMED,NN","1"
"AHMED,R.","1"
"AIDA,M","1"
"AJANI,JA","1"
"AKAIKE,H","1"
"AKAMIZU,T","1"
"AKOLA,JAAKKO","1"
"AKOULITCHEV,S","1"
"AL,MDM","1"
"AL-SHAHROUR,F","1"
"ALAYOGLU,SELIM","1"
"ALBAN,A","1"
"ALBANESE,A","1"
"ALBOTA,M","1"
"ALBRIGHT,AL","1"
"ALCEDO,J","1"
"ALEXANDER,GR","1"
"ALEXOPOULOU,L","1"
"ALFAIA,CRISTINA P. M.","1"
"ALI KHAN,M A","1"
"ALI-BOUCETTA,HANENE","1"
"ALIVISATOS,P","1"
"ALLAN,J","1"
"ALLAN,J D","1"
"ALLFREY,VG","1"
"ALLING,DW","1"
"ALLISON,DB","1"
"ALLONA,I","1"
"ALM,RA","1"
"ALNEMRI,ES","1"
"ALON,U","1"
"ALONSO,MJ","1"
"ALT,FW","1"
"ALTIMARI,AF","1"
"ALTSHULER,DAVID","1"
"ALTSHULER,DAVID M.","1"
"AMATI,BRUNO","1"
"AMBROSINI,G","1"
"AMIJI,MM","1"
"AMIN,C","1"
"AN,JIHYUN","1"
"ANDERSEN,JC","1"
"ANDERSON,J. L.","1"
"ANDERSON,JH","1"
"ANDERSON,JP","1"
"ANDERSON,KP","1"
"ANDERSON,RP","1"
"ANDERSSON,SGE","1"
"ANDREWS,NC","1"
"ANG,SL","1"
"ANGELINI,L","1"
"ANGUIANO,A","1"
"ANSORGE,WILHELM J.","1"
"ANTEQUERA,F","1"
"ANTONSSON,B","1"
"AOKI,F","1"
"ARCARI,P","1"
"ARKIN,MR","1"
"ARLETTE,JP","1"
"ARMERDIN.D","1"
"ARMITAGE,P","1"
"ARNOLD,DONALD M.","1"
"ARONSON,PS","1"
"ARRUSHDI,A","1"
"ARSTAD,BJORNAR","1"
"ASAHARA,T","1"
"ASHAR,HR","1"
"ASHKENAZI,A","1"
"ASTURIAS,FJ","1"
"ATKINSON,R.","1"
"ATSATT,PR","1"
"AUGSPURGER,CK","1"
"AVERY,OSWALD T.","1"
"AVILION,AA","1"
"AXTELL,MJ","1"
"AZEVEDO,C","1"
"AZPIAZU,N","1"
"AZULAY,JP","1"
"BABA,TOMOYA","1"
"BACHEM,CWB","1"
"BAE,YOUN-SANG","1"
"BAGRODIA,S","1"
"BAIER,RE","1"
"BAIKER,A","1"
"BAILEY,A","1"
"BAIS,C","1"
"BAIS,HP","1"
"BAKER,B","1"
"BAKHSHI,A","1"
"BALASENTHIL,S","1"
"BALDAUF,SL","1"
"BALDOCK,RA","1"
"BALDUS,STEPHAN E.","1"
"BALDWIN,BG","1"
"BALDWIN,BRUCE G.","1"
"BALK,ETHAN M.","1"
"BALLARE,CL","1"
"BAMBURG,JR","1"
"BAMSHAD,MICHAEL J.","1"
"BANGHAM,AD","1"
"BANIN,S","1"
"BANNI,S","1"
"BANNON,CD","1"
"BARBACID,M","1"
"BARCELLOS-HOFF,MH","1"
"BARDGETT,RD","1"
"BARGO,F","1"
"BARNES,PJ","1"
"BAROIS,I","1"
"BARRESINOUSSI,F","1"
"BARRET,C","1"
"BARTKOVA,J","1"
"BARTOLOMEI,MS","1"
"BAST,ROBERT C.,JR.","1"
"BASTIN,LAURENT","1"
"BATES,JM","1"
"BATES,S","1"
"BATLLE,E","1"
"BATTAGLIA,MANUELA","1"
"BAUCHART,DOMINIQUE","1"
"BAUMAN,D. E.","1"
"BAUMANN,P","1"
"BAYER,SA","1"
"BAYLIN,SB","1"
"BAYLY,CI","1"
"BAZAN,JF","1"
"BAZEX,A","1"
"BAZZAZ,FA","1"
"BEATO,M","1"
"BEAUSOLEIL,SA","1"
"BECHINGER,B","1"
"BECK,T","1"
"BEERLI,RR","1"
"BEJERANO,G","1"
"BELDADE,P","1"
"BELL,AC","1"
"BELL,AW","1"
"BELL,CJ","1"
"BELL,DW","1"
"BELOMOIN,G","1"
"BEN-PORATH,ITTAI","1"
"BEN-YEHOSHUA,S","1"
"BENDICH,A","1"
"BENJAMIN,DC","1"
"BENNETT,CL","1"
"BENNETT,CM","1"
"BENNETTT,EA","1"
"BENOIT,PW","1"
"BENSON,DA","1"
"BENT,AF","1"
"BENTSON,J","1"
"BENYAHIA,B","1"
"BENZ,CC","1"
"BERBERICH,SJ","1"
"BEREZIKOV,E","1"
"BEREZIN,C","1"
"BERG,AH","1"
"BERG,JM","1"
"BERGELSON,J","1"
"BERGER,SHELLEY L.","1"
"BERGER,SL","1"
"BERGERHEIM,USR","1"
"BERGEY,DR","1"
"BERKMAN,RA","1"
"BERNARDS,R","1"
"BERNSTEIN,E","1"
"BERRY,GT","1"
"BERTA,P","1"
"BERTONE,P","1"
"BERTRAND,R","1"
"BERTUCCI,F","1"
"BESAG,J","1"
"BESENBACHER,F","1"
"BETTER,M","1"
"BETZIG,ERIC","1"
"BEUG,H","1"
"BEZEMER,TM","1"
"BHARALI,DJ","1"
"BHARGAVA,RN","1"
"BHASKAR,PRASHANTH T.","1"
"BHUTTA,ZA","1"
"BI,L","1"
"BI,LILIA L.","1"
"BIANCHI,CL","1"
"BIENENSTOCK,J","1"
"BIGNER,SANDRA H.","1"
"BIGNER,SH","1"
"BINNEMANS,KOEN","1"
"BIRD,ADRIAN","1"
"BIRD,RE","1"
"BIRKENFELD,JOERG","1"
"BIRNBAUM,K","1"
"BIRNEY,E","1"
"BIRT,DF","1"
"BISBEE,CA","1"
"BISHOP,AL","1"
"BISHOP,JO","1"
"BISTRIAN,BR","1"
"BJORNSTI,MA","1"
"BLACK,DL","1"
"BLACK,RA","1"
"BLACK,RE","1"
"BLACKFORD,S","1"
"BLACKWOOD,E M","1"
"BLAES,F","1"
"BLANCHETTE,V","1"
"BLANCHETTE,VS","1"
"BLANDEN,R V","1"
"BLAU,PA","1"
"BLEECKER,AB","1"
"BLOCHL,PE","1"
"BLOMSTRA.C","1"
"BLOSSEY,B","1"
"BLUM,H","1"
"BODE,W","1"
"BODEN,G","1"
"BODINE,SC","1"
"BODMER,JL","1"
"BOEHM,T","1"
"BOEHM,U","1"
"BOGAN,AA","1"
"BOL,JF","1"
"BOLAND,CR","1"
"BOLSHOY,A","1"
"BOLSTAD,BM","1"
"BOLTER,CJ","1"
"BOMFORD,R","1"
"BONALDO,MDF","1"
"BONANOME,A","1"
"BONE,RC","1"
"BONIFATI,V","1"
"BONNET,D","1"
"BONNET,SEBASTIEN","1"
"BOOKER,J","1"
"BOON,T","1"
"BORDOW,SB","1"
"BORING,CC","1"
"BORST,P","1"
"BOS,E S","1"
"BOS,GW","1"
"BOS,JOHANNES L.","1"
"BOSMA,MJ","1"
"BOSMAN,AW","1"
"BOUCHE,MB","1"
"BOURBON,HM","1"
"BOURRELLY,S","1"
"BOUSSIF,O","1"
"BOWMAN,JL","1"
"BOWRING,SA","1"
"BOXER,LM","1"
"BOYARSKY,G","1"
"BOYD,JM","1"
"BOYER,JS","1"
"BOYES,DC","1"
"BOYLE,EI","1"
"BOYLE,S","1"
"BOYS,SF","1"
"BRAAM,J","1"
"BRADLEY,AP","1"
"BRADSHAW,A. D.","1"
"BRADSHAW,D","1"
"BRAIN,WR","1"
"BRAND,AH","1"
"BRANDHUBER,BJ","1"
"BRANDT,T","1"
"BRANDTZAEG,P","1"
"BRANKOVIC,SR","1"
"BRANTON,DANIEL","1"
"BRASH,AR","1"
"BRASH,DE","1"
"BRASS,ABRAHAM L.","1"
"BRATLIE,KAITLIN M.","1"
"BRAY,PF","1"
"BREATHNACH,R","1"
"BREMER,B","1"
"BRENEMAN,CM","1"
"BRENNECKE,J","1"
"BRESLOW,NE","1"
"BRETT,D","1"
"BREWER,G","1"
"BRICKMAN,E","1"
"BRIERLEY,JB","1"
"BRIGGER,I","1"
"BRIGGS,MR","1"
"BRODEUR,PH","1"
"BROMAN,KW","1"
"BROOKS,PC","1"
"BROTHMAN,AR","1"
"BROWN,AC","1"
"BROWN,K","1"
"BROWN,KE","1"
"BROWN,KH","1"
"BROWN,L","1"
"BROWN,MPS","1"
"BROWN,NH","1"
"BROWN,V","1"
"BROWNLEE,RG","1"
"BROWNSTEIN,MH","1"
"BRUCE,TJA","1"
"BRUGAROLAS,J","1"
"BRUIN,J","1"
"BRUMMELKAMP,TR","1"
"BRUNAUER,S","1"
"BRUS,LE","1"
"BRUSKO,TODD M.","1"
"BRUSTLE,O","1"
"BRYANT,Z","1"
"BUBENDORF,L","1"
"BUCHANAN-WOLLASTON,V","1"
"BUCHER,HC","1"
"BUCHER,P","1"
"BUCK,L","1"
"BUFFAT,P","1"
"BUGLER,B","1"
"BULBUL,ZR","1"
"BULT,CJ","1"
"BUMSTEAD,N","1"
"BUNCH,TA","1"
"BUNIN,BA","1"
"BURCHELL,J","1"
"BURGER,PC","1"
"BURKE,MD","1"
"BURKHARDT,JANIS K.","1"
"BURKS,RT","1"
"BURNS,JC","1"
"BURRIDGE,K","1"
"BURTON,DR","1"
"BURTON,PAUL R.","1"
"BUSBY,J. R.","1"
"BUSCHGES,R","1"
"BUSKIN,JN","1"
"BUSTIN,M","1"
"BUTLER,DL","1"
"BUTTE,AJ","1"
"BUTTERY,RG","1"
"BYRNE,KP","1"
"BYUN,HG","1"
"CABIDDU,A","1"
"CABRERA,O","1"
"CAFFESSE,RG","1"
"CAHILL,ES","1"
"CAHN,RD","1"
"CAI,MJ","1"
"CAIRO,G","1"
"CALIFANO,J","1"
"CALIN,GEORGE A.","1"
"CALIN,GEORGE ADRIAN","1"
"CALLIGARIS,R","1"
"CALVANO,SE","1"
"CAMERINIOTERO,RD","1"
"CAMPBELL,M","1"
"CANNONALBRIGHT,LA","1"
"CANO,A","1"
"CAO,GH","1"
"CAO,TT","1"
"CAPPELLEN,D","1"
"CAPPELLO,SILVIA","1"
"CAPRIOLI,RM","1"
"CAPURRO,H","1"
"CARDOSO,RMF","1"
"CARDOZO,T","1"
"CAREY,M","1"
"CARLSON,HE","1"
"CARLSON,ROBERT W.","1"
"CARLSSON,J","1"
"CARLSSON,P","1"
"CARLSTEDTDUKE,J","1"
"CARLTON,JM","1"
"CARMEL,R","1"
"CARON,H","1"
"CARPINELLI,PATRIZIA","1"
"CARR,CS","1"
"CARR,SA","1"
"CARRANO,AC","1"
"CARRENO,SEBASTIEN","1"
"CARROLL,JS","1"
"CARSON,KENNETH R.","1"
"CARSON,M","1"
"CARSWELL,EA","1"
"CARTER,JH","1"
"CARTHEW,RICHARD W.","1"
"CARTHEW,RW","1"
"CARVALHO,NF","1"
"CASADABAN,MJ","1"
"CASCONE,MG","1"
"CASKEY,STEPHEN R.","1"
"CASPAR,T","1"
"CASSOL,CC","1"
"CASTIGLI,E","1"
"CASTRESANA,J","1"
"CAULFIELD,LE","1"
"CAVALIERSMITH,T","1"
"CELIKER,A","1"
"CEPKO,CL","1"
"CERRONI,L","1"
"CHALEPAKIS,G","1"
"CHALLACOMBE,SJ","1"
"CHAMBON,P","1"
"CHAMNONGPOL,S","1"
"CHAN,FKM","1"
"CHAN,HSL","1"
"CHAN,SC","1"
"CHAN,TA","1"
"CHANCE,B","1"
"CHANDRASHEKAR,J","1"
"CHANDRASHEKAR,JAYARAM","1"
"CHANG,CH","1"
"CHANG,HY","1"
"CHANG,LF","1"
"CHAO,A","1"
"CHAPIN,FS","1"
"CHARLSON,RJ","1"
"CHARRAS,GUILLAUME T.","1"
"CHARRON,J","1"
"CHASE,MW","1"
"CHAWLA,A","1"
"CHEN,BAOZHI","1"
"CHEN,CF","1"
"CHEN,CS","1"
"CHEN,CT","1"
"CHEN,CYA","1"
"CHEN,GQ","1"
"CHEN,JIAN-MIN","1"
"CHEN,JY","1"
"CHEN,KEN","1"
"CHEN,NM","1"
"CHEN,Q","1"
"CHEN,SM","1"
"CHEN,WS","1"
"CHEN,YH","1"
"CHEN,YUYAN","1"
"CHEN,Z","1"
"CHEN,ZJ","1"
"CHEN,ZX","1"
"CHENG,AM","1"
"CHENG,EHYA","1"
"CHENG,J","1"
"CHENG,JH","1"
"CHENG,JY","1"
"CHENG,ZK","1"
"CHEONG,YH","1"
"CHER,ML","1"
"CHERFILS,J","1"
"CHERNOVA,OB","1"
"CHERRY,JM","1"
"CHERVITZ,SA","1"
"CHEW,TL","1"
"CHI,Y","1"
"CHIELLINI,E","1"
"CHILLER,JM","1"
"CHILLON,M","1"
"CHIN,KOEI","1"
"CHIN,TK","1"
"CHINKERS,M","1"
"CHISHOLM,ST","1"
"CHITTENDEN,T","1"
"CHITWOOD,DJ","1"
"CHO,YG","1"
"CHO,YJ","1"
"CHODOSH,LA","1"
"CHOMCZYNSKI,P","1"
"CHOUDHARY,VR","1"
"CHRIST,B","1"
"CHRISTENSEN,JAMES G.","1"
"CHRISTIANSON,DAVID W.","1"
"CHRISTOFK,HEATHER R.","1"
"CHRISTOPHIDES,GK","1"
"CHU,S","1"
"CHUMAKOV,IM","1"
"CHUNG,JH","1"
"CHURCHILL,GA","1"
"CINES,DB","1"
"CLAES,L","1"
"CLAPHAM,DAVID E.","1"
"CLARK,SE","1"
"CLARKE,A","1"
"CLARKE,M","1"
"CLAVEL,F","1"
"CLEARY,ML","1"
"CLEJAN,S","1"
"CLEMEN,RT","1"
"CLIBY,W","1"
"CLORE,WJ","1"
"CLOSE,DC","1"
"COAKLEY,M","1"
"COEN,ES","1"
"COEZY,E","1"
"COFFMAN,RL","1"
"COHEN,DR","1"
"COHEN,E","1"
"COHEN,MM","1"
"COHEN,P","1"
"COHEN,PL","1"
"COHN,LH","1"
"COHN,SL","1"
"COKUS,SHAWN J.","1"
"COLLATZ,GJ","1"
"COLLINS,DAVID J.","1"
"COLLINS,NC","1"
"COLLINS,S","1"
"COLLINS,SJ","1"
"COLVIN,VL","1"
"COMAI,L","1"
"COMANSBITTER,WM","1"
"COMIJN,J","1"
"COMOTTI,M","1"
"CONGALTON,RG","1"
"CONLON,RA","1"
"CONNOR,JR","1"
"COOK,CE","1"
"COONS,SW","1"
"COOPER,AI","1"
"COOPER,GM","1"
"COOPER,JA","1"
"COOPER,TM","1"
"COPPE,JEAN-PHILIPPE","1"
"CORDEN,J","1"
"CORDONCARDO,C","1"
"CORMA,A","1"
"CORNWELL,T","1"
"CORPET,F","1"
"CORR,M","1"
"CORSELLI.JA","1"
"CORTES,C","1"
"CORTEZ-RETAMOZO,V","1"
"COSMA,MP","1"
"COSO,OA","1"
"COSTELLO,JF","1"
"COTTERET,S","1"
"COUCOUVANIS,E","1"
"COUEY,HM","1"
"COURTNEY,KEVIN D.","1"
"COUX,O","1"
"COWGILL,LD","1"
"COWLEY,S","1"
"COX,AD","1"
"CRAFT,N","1"
"CRAMER,W","1"
"CREGAN,PB","1"
"CREIGHTON,JA","1"
"CREMER,T","1"
"CRICK,FHC","1"
"CROALL,DE","1"
"CROCK,J","1"
"CROFT,DAVID","1"
"CROFT,JA","1"
"CROFT,PB","1"
"CROMARTIE,WJ","1"
"CROSS,WF","1"
"CROTHERS,DM","1"
"CROWTHER,M","1"
"CRUZ-HERNANDEZ,C.","1"
"CUBAS,P","1"
"CUENDA,A","1"
"CUI,HM","1"
"CUI,YUANJING","1"
"CULIG,Z","1"
"CULLEN,BR","1"
"CULLEN,PJ","1"
"CUNNANE S C","1"
"CUNNINGHAM-RUNDLES,C","1"
"CZAJA,ALEXANDER U.","1"
"D'ANDRADE,BW","1"
"DAHAN,M","1"
"DAHIA,PLM","1"
"DAHL,JENNIFER A.","1"
"DAI,C","1"
"DAI,MH","1"
"DAILEY,ME","1"
"DAJCZMAN,E","1"
"DALGLEISH,AG","1"
"DALKO,PI","1"
"DALSGAAR.K","1"
"DALSGAARD,K","1"
"DALTON,S","1"
"DALVI,B","1"
"DALY,MJ","1"
"DAMSTE,JSS","1"
"DAN,C","1"
"DAN,I","1"
"DANBOLT,N.","1"
"DANIEL,MD","1"
"DANIELL,H","1"
"DANIELS,RH","1"
"DANUSSO,F","1"
"DARLING,ACE","1"
"DARVILL,AG","1"
"DARZYNKIEWICZ,Z","1"
"DATTO,MB","1"
"DAUB,H","1"
"DAUB,HENRIK","1"
"DAVALOS,A","1"
"DAVIES,WJ","1"
"DAVIS,AC","1"
"DAVIS,AJ","1"
"DAVIS,JA","1"
"DAVIS,MA","1"
"DAVIS,ME","1"
"DAVIS,MM","1"
"DAWID,IB","1"
"DAWKINS,R","1"
"DAWSON,DM","1"
"DE BOER,JG","1"
"DE HOON,MJL","1"
"DE LUCA,LM","1"
"DE ONIS,M","1"
"DE ROOIJ,J","1"
"DE VRIES,AHM","1"
"DE VRIES,JG","1"
"DE'ATH,G","1"
"DEACON,K","1"
"DEAN,JEFFREY","1"
"DEAN,M","1"
"DEANGELIS,MH","1"
"DEBE,MARK K.","1"
"DEBENEDETTI,A","1"
"DEBERARDINIS,RALPH J.","1"
"DEBLAERE,R","1"
"DECKER,EA","1"
"DECOTEAU,JF","1"
"DECOURSEY,TE","1"
"DEHAAN,A","1"
"DEJONG,JC","1"
"DEJONG,S","1"
"DEKLEIN,A","1"
"DELANO,WL","1"
"DELATTRE,O","1"
"DELHASE,M","1"
"DELLEY,B","1"
"DELOUKAS,P","1"
"DELPESO,L","1"
"DEMESSENCE,AUDE","1"
"DEMPSEY,DA","1"
"DENIRO,MJ","1"
"DENNIS JR,G.","1"
"DENNYBROWN,D","1"
"DENT,EW","1"
"DENTON,AR","1"
"DENYER,K","1"
"DEPRISTO,MARK A.","1"
"DEPURY,DGG","1"
"DERAEVE,L","1"
"DERNBURG,AF","1"
"DEROSA,M","1"
"DESCOMBES,P","1"
"DESHAIES,RJ","1"
"DESMOND,JE","1"
"DESMOULIERE,A","1"
"DESROSIERS,RC","1"
"DESTAILLATS,F","1"
"DETHE,H","1"
"DEUSTACHIO,P","1"
"DEVILEE,P","1"
"DEWET,JR","1"
"DEWEY,KG","1"
"DEWHURST,R. J.","1"
"DEXTER,DT","1"
"DEXTER,TM","1"
"DEY,RK","1"
"DHARMASIRI,N","1"
"DHARMAWARDHANE,S","1"
"DI CARLO,G","1"
"DI SANT'AGNESE,P A","1"
"DIANZANI,U","1"
"DICKINSON,ME","1"
"DIEBOLD,U","1"
"DIEHN,M","1"
"DIETRICH,W","1"
"DIETRICH,WF","1"
"DILEONARDO,A","1"
"DILL,KA","1"
"DILLEY,D. R.","1"
"DILWORTH,SM","1"
"DIMMELER,S","1"
"DINCA,M","1"
"DING,AH","1"
"DISANTAG.PA","1"
"DISANTAGNESE,PA","1"
"DOBBING,J","1"
"DODANE,V","1"
"DODD,AN","1"
"DODGE,JA","1"
"DODGE-KAFKA,KL","1"
"DOEBLEY,J","1"
"DOETSCH,F","1"
"DOETSCHMAN,TC","1"
"DOFFINGER,R","1"
"DOHERTY,JF","1"
"DOI,Y","1"
"DOLAN,TF","1"
"DOLE,M","1"
"DOLMETSCH,RE","1"
"DOMINICI,M.","1"
"DON,RH","1"
"DONG,XN","1"
"DONIACH,S","1"
"DONIGER,SW","1"
"DONNER,AARON JOSEPH","1"
"DORSEY,MJ","1"
"DOTSON,MR","1"
"DOURMASHKIN,RR","1"
"DOWDLE,WN","1"
"DOYLE,A","1"
"DOYLE,J. J.","1"
"DRAKE S R","1"
"DRANSFIELD,DT","1"
"DRAPIER,JC","1"
"DRAPPA,J","1"
"DREW,HR","1"
"DRMANAC,RADOJE","1"
"DROPCHO,EJ","1"
"DRUKKER,B","1"
"DUFF,DG","1"
"DUFFEY,SS","1"
"DUFFNER,PK","1"
"DUFFY,SJ","1"
"DUGAN,MER","1"
"DUGAN,MICHAEL E. R.","1"
"DUGGAN,BD","1"
"DUGGAN,DJ","1"
"DUKE,RC","1"
"DULIC,V","1"
"DUMLER,JS","1"
"DUNAIEF,JL","1"
"DUNCAN,AR","1"
"DURANTI,M","1"
"DYCK,PJ","1"
"DYKEN,P","1"
"EASTERLING,DR","1"
"EBERHARD,DA","1"
"EBERHART,CG","1"
"EBITANI,K","1"
"EDELHOCH,H","1"
"EDELMAN,AM","1"
"EDRIS,AMR E.","1"
"EDWARDS,JBDM","1"
"EDWARDS,JK","1"
"EFERL,R","1"
"EICHINGER,L","1"
"EICHLER,EVAN E.","1"
"EIGENBRODE,SD","1"
"EISENSTEIN,RICHARD S.","1"
"EL-SAYED,MA","1"
"ELEMANS,JAAW","1"
"ELGHANIAN,R","1"
"ELISEEVA,SVETLANA V.","1"
"ELITH,JANE","1"
"ELLEDGE,SJ","1"
"ELLENBROEK,SASKIA I. J.","1"
"ELLINGTON,AD","1"
"ELLISEN,LW","1"
"ELLISON,DW","1"
"ELLOUZ,F","1"
"ENGLER,R","1"
"ENGLISH,DS","1"
"ENGLISH,JC","1"
"EPHRUSSI,A","1"
"ERDMANN,KATI","1"
"ERICKSON,P","1"
"ERICSON,J","1"
"ERWIN,SC","1"
"ESAU,C","1"
"ESCUDIER,BERNARD","1"
"ESPENSHADE,PETER J.","1"
"ESTOJAK,J","1"
"ESUMI,K","1"
"ESWARAN,JEYANTHY","1"
"EVAN,G I","1"
"EVANS,AE","1"
"EVANS,GW","1"
"EVANS,OR","1"
"EVENSEN,KB","1"
"EZEKOWITZ,RAB","1"
"FABIAN,MA","1"
"FACCHINI,PJ","1"
"FACER,CA","1"
"FAELLA,HJ","1"
"FAHEY,JL","1"
"FAIBISH,RS","1"
"FAIVRE,SANDRINE","1"
"FALL,R","1"
"FALLS,DL","1"
"FANG,C","1"
"FANGER,MW","1"
"FARCET,JP","1"
"FARH,KKH","1"
"FARRELL,PM","1"
"FARRIS,JS","1"
"FAURE,S","1"
"FAZEKAS,F","1"
"FEI,YJ","1"
"FELDMAN,RMR","1"
"FELDSER,D","1"
"FELLER,SM","1"
"FELSENFELD,G","1"
"FELSENSTEIN,J","1"
"FELSHER,DW","1"
"FENG,L","1"
"FENTON,JW","1"
"FENTON,WA","1"
"FERGUSON,IB","1"
"FERNIE,AR","1"
"FERRAGINA,P.","1"
"FERRANDO,RICCARDO","1"
"FERRARI,M","1"
"FERREIRA,PJ","1"
"FERRER,D.","1"
"FEUK,L","1"
"FIALA,JC","1"
"FIDLER,IJ","1"
"FIEVET,BRUNO","1"
"FILARDO,EJ","1"
"FILIPOWICZ,WITOLD","1"
"FINCH,S","1"
"FINKELSTEIN,JD","1"
"FINLAY,CA","1"
"FINN,ROBERT D.","1"
"FINNEY,M","1"
"FISCHER,K","1"
"FISHEL,R","1"
"FISHER,R. A.","1"
"FISHER,RA","1"
"FITZSIMMONS,SC","1"
"FLANAGAN,JG","1"
"FLEBBE,LM","1"
"FLEGAL,KM","1"
"FLETCHER,CDM","1"
"FLEXNER,C","1"
"FLICEK,PAUL","1"
"FLOCK,JI","1"
"FLOR,HH","1"
"FOEGEDING,EA","1"
"FOGH,J.","1"
"FOLETTA,VC","1"
"FOLLI,F","1"
"FONG,H","1"
"FONTAYNE,A","1"
"FORBES,SA","1"
"FORD,D","1"
"FORMIGARI,R","1"
"FORNEROD,M","1"
"FORNEY,CF","1"
"FORREST,ARR","1"
"FORSTER,A","1"
"FORT,P","1"
"FOSTER,BA","1"
"FOSTER,LJ","1"
"FOULKES,WILLIAM D.","1"
"FOX,JP","1"
"FOX,TB","1"
"FOYER,CH","1"
"FRADIN,MS","1"
"FRAME,J","1"
"FRANCESCHI,VR","1"
"FRANCIS,R","1"
"FRANK,J","1"
"FRANSZ,P","1"
"FRASER,PD","1"
"FRASER,PETER","1"
"FRASOR,J","1"
"FREDRIKSSON,R","1"
"FREEDMAN,SD","1"
"FREEMAN,RR","1"
"FREUND,CL","1"
"FREUND,Y","1"
"FRIBORG,J","1"
"FRIEDMAN,DB","1"
"FRIEDMAN,HS","1"
"FRIEDMAN,ROBIN C.","1"
"FRIEDRICH,JUERGEN","1"
"FRITSCHE,J","1"
"FRODIN,M","1"
"FROHMAN,MA","1"
"FROMONTRACINE,M","1"
"FRUEBIS,J","1"
"FRUMAN,DA","1"
"FUJIHARA,K","1"
"FUJIMOTO,K","1"
"FUJITA,PAULINE A.","1"
"FUJITA,T","1"
"FUKUHARA,S","1"
"FURNEAUX,HF","1"
"FURUKAWA,HIROYASU","1"
"FURUKAWA,T","1"
"GABLER,A","1"
"GAILANI,MR","1"
"GAJDOS,P","1"
"GAJEWSKI,TF","1"
"GAJJAR,A","1"
"GALAGAN,JE","1"
"GALAN,JE","1"
"GALBRAITH,DW","1"
"GALISTEO,ML","1"
"GALITSKI,T","1"
"GALLO,RC","1"
"GALLOP,MA","1"
"GAN,LH","1"
"GANG,DR","1"
"GARCIA-GUTIERREZ,DI","1"
"GARDINER,G","1"
"GARDNER,RC","1"
"GARIEPY,Y","1"
"GARIGAN,D","1"
"GARTENBERG,MR","1"
"GARTNER,S","1"
"GARY,R","1"
"GASKIN,K","1"
"GASTEIGER,HA","1"
"GATENBY,RA","1"
"GAUNT,MW","1"
"GAUTIER,L","1"
"GAVIN,JR","1"
"GAVRIELI,Y","1"
"GAZIN,C","1"
"GECZY,AF","1"
"GELBART,WM","1"
"GEORGE,JN","1"
"GEORGE,RANI E.","1"
"GERAGHTY,MT","1"
"GERSON,SL","1"
"GERSONY,WM","1"
"GERTHOFFER,WILLIAM T.","1"
"GESTELAND,RF","1"
"GETHING,MJ","1"
"GHARAHDAGHI,F","1"
"GHARSALLAOUI,ADEM","1"
"GHAYUR,T","1"
"GIBB,D. J.","1"
"GIBSON,LE","1"
"GIBSON,RA","1"
"GIBSON,RW","1"
"GIBSON,SI","1"
"GIETZ,D","1"
"GIL-IZQUIERDO,A","1"
"GILL,PRITMOHINDER S.","1"
"GILL,SR","1"
"GILLESPIE,PG","1"
"GILLIES,SD","1"
"GILLOOLY,JF","1"
"GINGRAS,AC","1"
"GINGRICH,JR","1"
"GINIGER,E","1"
"GINSBURG,R","1"
"GIOVANNONI,SJ","1"
"GIRI,JG","1"
"GIULIAN,D","1"
"GLASS,CK","1"
"GLOTZER,M","1"
"GLOVER,DM","1"
"GLUZMAN,Y","1"
"GNESUTTA,N","1"
"GOBBETTI,M.","1"
"GOBIN,SJP","1"
"GOELZ,SE","1"
"GOLDBLUM,OM","1"
"GOLDEN,BE","1"
"GOLDMAN,CK","1"
"GOLDMAN,N","1"
"GOLDSTEIN,JL","1"
"GOMBOTZ,WR","1"
"GOMES,ME","1"
"GOMEZ,J","1"
"GOMEZ-ROLDAN,VICTORIA","1"
"GONDA,TJ","1"
"GOODMAN,CS","1"
"GOODMAN,MT","1"
"GOODNOW,CHRISTOPHER C.","1"
"GOODWIN,TW","1"
"GORDEN,A","1"
"GORIN,AA","1"
"GORLIN,RJ","1"
"GOTTESMAN,MM","1"
"GOU,LF","1"
"GOUINGUENE,SP","1"
"GOULD,F","1"
"GOVRIN,EM","1"
"GRADMAN,AH","1"
"GRAEBER,TG","1"
"GRAF,E","1"
"GRANA,X","1"
"GRANGER,DL","1"
"GRANT,SGN","1"
"GRANTHAM,R","1"
"GRASEL,TG","1"
"GRAY,A","1"
"GRAY,DT","1"
"GRAY,MW","1"
"GRAY,WM","1"
"GREEN,H","1"
"GREEN,JBA","1"
"GREENBERG,NM","1"
"GREENBERG,P","1"
"GREENBERG,RA","1"
"GREENE,GL","1"
"GREENE,LA","1"
"GREENLEE,RT","1"
"GREF,R","1"
"GREY,HM","1"
"GRIENDLING,KK","1"
"GRIFFIN,BA","1"
"GRIFFITHS,RI","1"
"GRIFFITHS-JONES,S","1"
"GRIGNANI,F","1"
"GRIME,JP","1"
"GRIMME,STEFAN","1"
"GRIMSDALE,ANDREW C.","1"
"GRIMSON,ANDREW","1"
"GRITTI,A","1"
"GROSS,JA","1"
"GROSSCHEDL,R","1"
"GROSVENOR,CE","1"
"GROUX,H","1"
"GROVES,RW","1"
"GRUENBAUM,Y","1"
"GRUNES,J","1"
"GU,Y","1"
"GUALBERTO,A","1"
"GUAN,KL","1"
"GUAN,R","1"
"GUARENTE,L","1"
"GUAZZI,S","1"
"GUERTIN,DAVID A.","1"
"GULDBERG,P","1"
"GUO,B","1"
"GUO,FK","1"
"GUPTA,AK","1"
"GUPTA,N","1"
"GUPTA,PIYUSH B.","1"
"GUPTA,RK","1"
"GUR,I","1"
"GUTKIND,JS","1"
"GUZMAN,P","1"
"HAAS-KOGAN,D","1"
"HABAS,SUSAN E.","1"
"HABIG,W H","1"
"HABIG,WH","1"
"HAENLEIN,GFW","1"
"HAFT,DH","1"
"HAGERMAN,PJ","1"
"HAGFELDT,A","1"
"HAHLBROCK,K","1"
"HAHN,AF","1"
"HAHN,H","1"
"HAHN,S","1"
"HAIDER,SYED","1"
"HAJRA,KM","1"
"HAKIM,F","1"
"HAKKINEN,H","1"
"HALIN,C","1"
"HALL,CB","1"
"HALL,N","1"
"HALL,PA","1"
"HALLBOOK,T","1"
"HALLIWELL,B","1"
"HAMER,JE","1"
"HAMILTON,SR","1"
"HAMMACK,J","1"
"HAMMERLE,CHF","1"
"HAMMOND,SM","1"
"HAMMONDKOSACK,KE","1"
"HAN,HJ","1"
"HAN,J","1"
"HAN,M","1"
"HAN,MY","1"
"HANKINSON,O","1"
"HANKS,M","1"
"HANLEY,JA","1"
"HANSKI,I","1"
"HARA,AH","1"
"HARA,H","1"
"HARBORNE,JB","1"
"HARDIE,J","1"
"HARFOOT,C.G.","1"
"HARFOOT,CG","1"
"HARLOW,E","1"
"HARMON,AC","1"
"HARRELL,FE","1"
"HARRINGTON,LS","1"
"HARRIS,KM","1"
"HARRISON,A","1"
"HARRISON,MJ","1"
"HART,MJ","1"
"HASEGAWA,H","1"
"HASEGAWA,M","1"
"HASKILL,S","1"
"HATANO,M","1"
"HATCH,MD","1"
"HATTEN,ME","1"
"HATTORI,M","1"
"HAY,ME","1"
"HAYASHI,KOJI","1"
"HAYDEN,MS","1"
"HAYEK,K","1"
"HAYES,KC","1"
"HAYFLICK,L","1"
"HAYNES,BF","1"
"HAYNES,CL","1"
"HE X","1"
"HE,QIANJUN","1"
"HE,ZG","1"
"HEAFIELD,MT","1"
"HEAGERTY,PJ","1"
"HEBBES,TR","1"
"HEBERT,PDN","1"
"HEERY,DM","1"
"HEGDE,P","1"
"HEGDE,P.","1"
"HEIM,KE","1"
"HEINRICH,MC","1"
"HEINZ,HENDRIK","1"
"HELLEN,CUT","1"
"HELMCHEN,F","1"
"HELMLINGER,G","1"
"HELMS,B","1"
"HEMMI,H","1"
"HENNESSY,BRYAN T.","1"
"HENNIG,S","1"
"HENQUIN,J. C.","1"
"HENRIQUE,D","1"
"HENSCH,TK","1"
"HENSON,RA","1"
"HERMANSON,M","1"
"HERNANDEZ,PILAR A.","1"
"HERNANDEZ-LEDESMA,B","1"
"HERRMANN,BG","1"
"HERSHKO,C","1"
"HESELMEYER,K","1"
"HETHERINGTON,AM","1"
"HEWISH,DR","1"
"HIATT,A","1"
"HIDESHIMA,T","1"
"HIGGINS,CF","1"
"HIGHSMITH,WE","1"
"HILDMANN,T","1"
"HILL,CS","1"
"HILL,JM","1"
"HILLIS,DM","1"
"HINDS,PW","1"
"HINZ,M","1"
"HIPFNER,DR","1"
"HIRANO,S","1"
"HIRATSUKA,J","1"
"HIROTA,S","1"
"HIRSCH,LR","1"
"HJELMSTROM,P","1"
"HOBBIE,JE","1"
"HOCHSCHILD,A","1"
"HODAK,JH","1"
"HOEFLICH,KP","1"
"HOEY,T","1"
"HOFFMANN,A","1"
"HOFFMANN,JA","1"
"HOFMANN,RM","1"
"HOFMANN,WK","1"
"HOKKANEN,HMT","1"
"HOLBROOK,NJ","1"
"HOLLAND,EC","1"
"HOLLENBERG,SM","1"
"HOLLIDAY,R","1"
"HOLLIGER,P","1"
"HOLLOWAY,PW","1"
"HOLLYWOOD,DP","1"
"HOLM,S","1"
"HOLMES,JD","1"
"HOLT,LE","1"
"HOOD,JD","1"
"HOPKINS,AL","1"
"HOPMANS,EC","1"
"HORCAJADA,PATRICIA","1"
"HORIE,Y","1"
"HORII,A","1"
"HORIKE,SATOSHI","1"
"HORROBIN,DF","1"
"HORTON,JD","1"
"HORVAI,AE","1"
"HOSACK,DA","1"
"HOTCHKISS,RICHARD S.","1"
"HOU,SYE","1"
"HOURIHAN,M","1"
"HOWE,JR","1"
"HOWELL,CY","1"
"HSIAO,TC","1"
"HU,E","1"
"HU,M","1"
"HU,YL","1"
"HUA,J","1"
"HUANG,ANGELA L.","1"
"HUANG,N","1"
"HUANG,S","1"
"HUANG,XH","1"
"HUBBARD,T","1"
"HUBBARD,T. J. P.","1"
"HUBER,AB","1"
"HUDSON,CC","1"
"HUDSON,PETER J.","1"
"HUGHES,R","1"
"HUGHES,RAC","1"
"HUH,DONGEUN","1"
"HULSHOF,KFAM","1"
"HULTMAN,T","1"
"HUMMEL,M","1"
"HUMPHREY,PA","1"
"HUNG,J","1"
"HUNT,SP","1"
"HUNTER,KW","1"
"HUNTER,R","1"
"HUNTER,SARAH","1"
"HUO,QS","1"
"HUPE,P","1"
"HURLBERT,SH","1"
"HURWITZ,H","1"
"HUSSUSSIAN,CJ","1"
"HUSTON,JS","1"
"HUTTI,JE","1"
"HYMAN,E","1"
"HYNES,NE","1"
"HYON,SH","1"
"IDEKER,T","1"
"IGLHAUT,J","1"
"IHAKA,R.","1"
"IKEUE,K","1"
"IKURA,T","1"
"INFANTE,AJ","1"
"INGMAN,M","1"
"INNOCENTE,SA","1"
"INOUE,K","1"
"INSALL,ROBERT H.","1"
"IRETON,RC","1"
"IRVING,DE","1"
"IRVING,H","1"
"ISHAUG,SL","1"
"ISHIDA,S","1"
"ISHIMARU,YOSHIRO","1"
"ISMAN,MB","1"
"ISOLA,J","1"
"ITOH,N","1"
"IVAN,M","1"
"IWABUCHI,H","1"
"IZZO,AA","1"
"JABS,T","1"
"JACCARD,P","1"
"JACKS,T","1"
"JACKSON,RS","1"
"JACOB,F","1"
"JACOBSON,DM","1"
"JACOBSON,H","1"
"JAENIKE,J","1"
"JAENISCH,R","1"
"JAFFE,AB","1"
"JAIN,AN","1"
"JAIN,J","1"
"JAIN,JN","1"
"JAIN,M","1"
"JAIN,RA","1"
"JAIN,RK","1"
"JALINK,K","1"
"JAMES,LC","1"
"JANA,NR","1"
"JANEWAY,CA","1"
"JANG,MK","1"
"JANOUEIX-LEROSEY,ISABELLE","1"
"JANTZEN,HM","1"
"JARES-ERIJMAN,EA","1"
"JARVINEN,AK","1"
"JARVIS,PG","1"
"JAUREGUIZAR,E","1"
"JAVAHERY,R","1"
"JAYAWARDENA,AN","1"
"JAYNES,ET","1"
"JELTSCH,ALBERT","1"
"JENKINS,RB","1"
"JENSEN,EV","1"
"JENSEN,KF","1"
"JESSELL,TM","1"
"JI,J","1"
"JIA,Y","1"
"JIANG,HP","1"
"JIANG,J","1"
"JIANG,N","1"
"JIANG,YH","1"
"JIMENEZACOSTA,FJ","1"
"JIN,DJ","1"
"JIN,KL","1"
"JIN,RONGCHAO","1"
"JIN,SH","1"
"JOHANNES,G","1"
"JOHANSEN,LM","1"
"JOHANSSON,CB","1"
"JOHANSSON,CH","1"
"JOHE,KK","1"
"JOHNSON,AG","1"
"JOHNSON,DI","1"
"JOHNSON,GCL","1"
"JOHNSON,JB","1"
"JOHNSON,LN","1"
"JOHNSON,MW","1"
"JOHNSON,RL","1"
"JONES,DL","1"
"JONES,DT","1"
"JONES,N","1"
"JONES,PETER A.","1"
"JONES,PL","1"
"JONES,S","1"
"JONES,T","1"
"JONES-RHOADES,MW","1"
"JOO,SH","1"
"JOOSTEN,MHAJ","1"
"JORGENSEN,WL","1"
"JOU,TS","1"
"JOYCE,GF","1"
"JULIUS,MH","1"
"JUMAA,M","1"
"JUNG,C","1"
"JUNG,D","1"
"JURKA,J","1"
"KABEYA,Y","1"
"KADER,A. A.","1"
"KADER,AA","1"
"KADONAGA,JT","1"
"KAELIN,WG","1"
"KAGEY,MICHAEL H.","1"
"KAGHAD,M","1"
"KAHANA,C","1"
"KAISER,P","1"
"KALDERON,D","1"
"KALLIO,PJ","1"
"KAMATA,H","1"
"KAMINSKI,MS","1"
"KAMPA,D","1"
"KANE,DJ","1"
"KANE,MF","1"
"KANEDA,T","1"
"KANG,MIN H.","1"
"KANG,YJ","1"
"KANSE,SM","1"
"KANZAKI,M","1"
"KAPLAN,F","1"
"KAPPE,CO","1"
"KAPPLER,JW","1"
"KAPUS,A","1"
"KARCHMER,ADOLF W.","1"
"KAREIVA,P","1"
"KARL,TR","1"
"KARLBOM,AE","1"
"KARNOUB,ANTOINE E.","1"
"KAROLCHIK,D","1"
"KASHIMA,Y","1"
"KASPER,CS","1"
"KASPER,LH","1"
"KATAOKA,T","1"
"KATO,J","1"
"KATOH,K","1"
"KATS,LB","1"
"KATSUMI,A","1"
"KATZ,E","1"
"KAUFMANN,E","1"
"KAUFMANN,WE","1"
"KAUSHANSKY,K","1"
"KAWASAKI,H","1"
"KAY,JK","1"
"KAYDEN,HJ","1"
"KAYE,STEVEN S.","1"
"KAZAZIAN,HH","1"
"KEANE,RM","1"
"KEARNEY,PM","1"
"KEELING,PJ","1"
"KEELING,PL","1"
"KEEN,NT","1"
"KELEHER,CA","1"
"KELLEHER,RJ","1"
"KELLENBERGER,S","1"
"KELLER,G","1"
"KELLER,MARK P.","1"
"KELLEY,NIRVAIR S.","1"
"KELLUM,R","1"
"KELSO,J","1"
"KEMP,BE","1"
"KENDZIORSKI,C","1"
"KENYON,C","1"
"KERN,SUSANNE","1"
"KERSEY,PJ","1"
"KESSENBROCK,KAI","1"
"KESTLER,HW","1"
"KETTING,RF","1"
"KEYS,AJ","1"
"KHAN,S","1"
"KHAN,SA","1"
"KHANNA,KK","1"
"KHAVARI,PA","1"
"KHAYAT,ZA","1"
"KHOR,E","1"
"KHUSH,GS","1"
"KHWAJA,A","1"
"KIDD,JEFFREY M.","1"
"KIESEWETTER,S","1"
"KIKKAWA,U","1"
"KIM S W","1"
"KIM,EJ","1"
"KIM,HS","1"
"KIM,J","1"
"KIM,JB","1"
"KIM,JH","1"
"KIM,JONGHWAN","1"
"KIM,JW","1"
"KIM,S","1"
"KIM,SW","1"
"KIM,TAE HOON","1"
"KIM,YS","1"
"KIMELMAN,D","1"
"KIMURA,ET","1"
"KIMURA,S","1"
"KING,AI","1"
"KING,BH","1"
"KING,CC","1"
"KING,H","1"
"KINGSTON,RE","1"
"KIOSSES,WB","1"
"KIRCHNER,C","1"
"KIRIAKIDOU,M","1"
"KIRKSEY,A","1"
"KISSINGER,CR","1"
"KITAGAWA,SUSUMU","1"
"KITAJIRI,S","1"
"KITAURA,R","1"
"KLATZMANN,D","1"
"KLAUS,GGB","1"
"KLAUSNER,RD","1"
"KLECZKOWSKA,A","1"
"KLEIN,J.D.","1"
"KLEINHITPASS,L","1"
"KLEMENT,JF","1"
"KLIEBER,A","1"
"KLIMOV,VICTOR I.","1"
"KLIONSKY,DJ","1"
"KLIRONOMOS,JN","1"
"KLUCK,RM","1"
"KLUGE,AG","1"
"KNEIPP,K","1"
"KNEZETIC,JA","1"
"KNIGHT,DC","1"
"KNIGHT,MR","1"
"KNOWLES,M","1"
"KNOWLES,MA","1"
"KNOWLES,MR","1"
"KO,LJ","1"
"KOBAYASHI,S","1"
"KOBAYASHI,T","1"
"KOCH,C","1"
"KOCH,KE","1"
"KODANDAPANI,R","1"
"KOELLER,DM","1"
"KOELLER,KM","1"
"KOENIG,RENATE","1"
"KOENIG,S","1"
"KOGERMAN,P","1"
"KOH,J","1"
"KOHAVI,R.","1"
"KOIWA,H","1"
"KOLESKE,AJ","1"
"KOLLER,A","1"
"KOMAROV,PG","1"
"KONG,A","1"
"KONG,YY","1"
"KONIECZNY,A","1"
"KONNEKE,M","1"
"KOONIN,EV","1"
"KOORNNEEF,ANNEMART","1"
"KOPP,E","1"
"KOTA,JANAIAH","1"
"KOVATS,E.","1"
"KOWALCHUK,GA","1"
"KOZMA,R","1"
"KOZOMARA,ANA","1"
"KRAMER,JKG","1"
"KRAUS,MH","1"
"KRAUSE,M","1"
"KREK,A","1"
"KRENDEL,M","1"
"KRENNING,EP","1"
"KREPS,JA","1"
"KRESSE,G","1"
"KRIEGER,I","1"
"KRINSKY,NORMAN I.","1"
"KRIS-ETHERTON,PM","1"
"KRISHNAS.K","1"
"KRISTIDIS,P","1"
"KROEMER,GUIDO","1"
"KROGH,A","1"
"KROKEN,S","1"
"KROMP,B","1"
"KRTOLICA,A","1"
"KRUG,JT","1"
"KRUGLYAK,L","1"
"KRUIJER,W","1"
"KRUMLAUF,R","1"
"KUBOTA,N","1"
"KUHL,J","1"
"KUHN,R","1"
"KUIPER,GGJM","1"
"KULIK,G","1"
"KULKARNI,AB","1"
"KULMALA,M","1"
"KUMAR,S","1"
"KUMAR,V","1"
"KUMAR,VINEET","1"
"KUNDA,PATRICIA","1"
"KUNERT,G","1"
"KUNTZ,ID","1"
"KUO,CT","1"
"KUO,MH","1"
"KUO,WP","1"
"KURAS,L","1"
"KUROSU,H","1"
"KURTZMAN,CP","1"
"KVOLS,LK","1"
"KWAK,EUNICE L.","1"
"KWAK,LW","1"
"KWOK,RPS","1"
"KWON,G","1"
"KYLE,ROBERT A.","1"
"KYTE,J","1"
"LACROIX,M","1"
"LAHIRI,DK","1"
"LAI,CSL","1"
"LAI,E","1"
"LAIBINIS,PE","1"
"LAIMINS,LA","1"
"LAKSO,M","1"
"LAM,E","1"
"LAM,T.","1"
"LAMBETH,J. DAVID","1"
"LAMMER,EJ","1"
"LAMONT,JM","1"
"LAMPSON,LA","1"
"LAND,T","1"
"LANDER,E","1"
"LANDGRAF,PABLO","1"
"LANDIS,DA","1"
"LANDIS,JR","1"
"LANDIS,RJ","1"
"LANDRENEAU,RJ","1"
"LANE,DJ","1"
"LANG,FLORIAN","1"
"LANGHORNE,J","1"
"LARSSON,C","1"
"LARSSON,LG","1"
"LASH,AE","1"
"LASKEY,RA","1"
"LASKOWSKI,RA","1"
"LASSEGUE,B","1"
"LAUFER,P","1"
"LAVRICH,DJ","1"
"LAWRENCE,MC","1"
"LAZARISKARATZAS,A","1"
"LAZEBNIK,YA","1"
"LE,ANNE","1"
"LE,NTV","1"
"LEACH,FS","1"
"LEDER,P","1"
"LEE,AF","1"
"LEE,C","1"
"LEE,CK","1"
"LEE,ES","1"
"LEE,FS","1"
"LEE,HAESHIN","1"
"LEE,JC","1"
"LEE,JE","1"
"LEE,JO","1"
"LEE,KY","1"
"LEE,SANG JIN","1"
"LEE,SS","1"
"LEE,WILLIAM","1"
"LEE,WR","1"
"LEEK,RD","1"
"LEGG,JW","1"
"LEHMANN,BRIAN D.","1"
"LEI,TC","1"
"LEICHTER,SB","1"
"LEIN,ED S.","1"
"LEMESHOW,S","1"
"LEMIEUX,N","1"
"LEMNA,WK","1"
"LEMON,B","1"
"LENARDO,M","1"
"LENARDO,MJ","1"
"LENDVAI,B","1"
"LEUNG,DW","1"
"LEUNING,R","1"
"LEVEQUE,C","1"
"LEVIN,SA","1"
"LEVINE,BETH","1"
"LEVINE,TD","1"
"LEVINSON,G","1"
"LEWINGTON,S","1"
"LEWIS,SM","1"
"LI,BINGSHAN","1"
"LI,CHENWEI","1"
"LI,FZ","1"
"LI,LH","1"
"LI,YS","1"
"LI,ZD","1"
"LI,ZF","1"
"LIANG,KY","1"
"LIBERMANN,TA","1"
"LICHTER,P","1"
"LIEBERMAN,PM","1"
"LIEBERMAN-AIDEN,EREZ","1"
"LIM,LP","1"
"LIM,MS","1"
"LIN,HH","1"
"LIN,YS","1"
"LIN,YU-SHEN","1"
"LINDSTEN,T","1"
"LING,IT","1"
"LINIAL,M","1"
"LINK,AJ","1"
"LINTON,KJ","1"
"LINTS,TJ","1"
"LIPINSKI,CA","1"
"LIPPINCOTT-SCHWARTZ,J","1"
"LIPPMAN,M","1"
"LIPPMAN,Z","1"
"LIPTON,WJ","1"
"LISTER,C","1"
"LISTER,RYAN","1"
"LIU,B","1"
"LIU,CG","1"
"LIU,F","1"
"LIU,HB","1"
"LIU,JP","1"
"LIU,M","1"
"LIU,PIXU","1"
"LIU,Q","1"
"LIU,QINGSHENG","1"
"LIU,XY","1"
"LIU,YG","1"
"LIU,YUNLING","1"
"LIU,ZHUANG","1"
"LIVAK,KJ","1"
"LIVINGSTONE,LR","1"
"LLAVE,C","1"
"LLEWELLYN,PHILIP L.","1"
"LLOYD,KM","1"
"LO,KW","1"
"LOCK,P","1"
"LOEB,LA","1"
"LOFTUS,BJ","1"
"LOGAN,JA","1"
"LOHSE,DL","1"
"LOIS,R","1"
"LOMAGA,MA","1"
"LOMB,NR","1"
"LONGY,M","1"
"LONNERDAL,B","1"
"LOOTS,GG","1"
"LOPATIN,U","1"
"LOPEZ,MF","1"
"LOPEZ,N","1"
"LORICO,A","1"
"LOTAN,R","1"
"LOTITO,SILVINA B.","1"
"LOUIS,DAVID N.","1"
"LOVE,JJ","1"
"LOVE,JM","1"
"LOVRIC,J","1"
"LOZUPONE,CATHERINE","1"
"LU,S","1"
"LUCCHINETTI,CF","1"
"LUCKOW,B","1"
"LUDWIG,W","1"
"LUI,KJ","1"
"LUISI,BF","1"
"LUNA,P","1"
"LUNA,PILAR","1"
"LUNSFORD,JH","1"
"LUO,M","1"
"LUO,ML","1"
"LUO,RX","1"
"LUPAS,A","1"
"LUPIEN,MATHIEU","1"
"LUPSKI,JAMES R.","1"
"LUPSKI,JR","1"
"LUZZATI,V","1"
"LY,DH","1"
"LYAPINA,S","1"
"LYONS,GE","1"
"MA,JKC","1"
"MA,PX","1"
"MA,YM","1"
"MAASSAB,HF","1"
"MACBEATH,G","1"
"MACDONALD,TJ","1"
"MACEJAK,DG","1"
"MACK,D","1"
"MACKNIGHT,R","1"
"MACLEAN,WC","1"
"MACLEANFLETCHER,S","1"
"MACLENNAN,ICM","1"
"MACLEOD,KF","1"
"MACNAB,RM","1"
"MADDEN,SL","1"
"MADDON,PJ","1"
"MAEDA,H","1"
"MAEDA,I","1"
"MAEDA,K","1"
"MAEDA,N","1"
"MAEKAWA,M","1"
"MAEKAWA,T","1"
"MAGERUS-CHATINET,AUDE","1"
"MAGNAGHI-JAULIN,L","1"
"MAGRATH,I","1"
"MAH,N","1"
"MAHADEVAN,LC","1"
"MAHMOUD,SS","1"
"MAITRA,A","1"
"MAJUMDER,PK","1"
"MAKELA,TP","1"
"MAKHATADZE,GI","1"
"MAKOWKA,L","1"
"MALACOMBE,MAGALI","1"
"MALDONADO,E","1"
"MALETTE,WG","1"
"MALIM,MH","1"
"MALKOCH,M","1"
"MALLAT,T","1"
"MALLINSO.CN","1"
"MALLORY,SB","1"
"MALOY,KJ","1"
"MALUMBRES,M","1"
"MALUMBRES,MARCOS","1"
"MANGEAT,P","1"
"MANGELSDORF,DJ","1"
"MANLEY,GT","1"
"MANNA,L","1"
"MANNERVIK,B","1"
"MANNING,BRENDAN D.","1"
"MANNING,G","1"
"MANOLIO,TERI A.","1"
"MANSOUR,AN","1"
"MARCHETTI,A","1"
"MARCHINI,JONATHAN","1"
"MARCHIO,A","1"
"MARCO,J","1"
"MARCOTTE,EM","1"
"MARCZAK,ED","1"
"MARGOLIN,JF","1"
"MARGUERON,R","1"
"MARINKOVICH,MP","1"
"MARKERT,CL","1"
"MARKERT,JM","1"
"MARKOWITZ,D","1"
"MARKOWITZ,S","1"
"MARKWELL,MAK","1"
"MAROUN,F","1"
"MARQUSEE,S","1"
"MARSHALL,CHRISTIAN R.","1"
"MARSHALL,CJ","1"
"MARSHALL,E","1"
"MARSHALL,RJ","1"
"MARTIN,BK","1"
"MARTIN,DMA","1"
"MARTIN,GA","1"
"MARTIN,TA","1"
"MARTIN-BELMONTE,FERNANDO","1"
"MARTINEZZAPATER,JM","1"
"MARTINYBARON,G","1"
"MARTZEN,MR","1"
"MARUYAMA,K","1"
"MARUYAMA,S","1"
"MASIAKOWSKI,P","1"
"MASON,HS","1"
"MASON,WP","1"
"MASSOUD,TF","1"
"MASTERSON,J","1"
"MASURA,J","1"
"MATEYAK,MK","1"
"MATHERS,PH","1"
"MATSUFUJI,H","1"
"MATSUFUJI,S","1"
"MATSUYAMA,S","1"
"MATTHEWS,JR","1"
"MATTOO,AK","1"
"MATYS,V","1"
"MAURICIO,R","1"
"MAVROUDIS,C","1"
"MAXAM,A M","1"
"MAYATEPEK,E","1"
"MAYER,TU","1"
"MAYO,MW","1"
"MCBLANE,JF","1"
"MCCARTHY,KD","1"
"MCCLAIN,KL","1"
"MCCLUNG,WG","1"
"MCCOUCH,SR","1"
"MCDERMOTT,MF","1"
"MCDONNELL,TJ","1"
"MCELWEE,J","1"
"MCEVOY,KM","1"
"MCGHEE,JD","1"
"MCGILL,BJ","1"
"MCGRATH,JP","1"
"MCGUIRE,W","1"
"MCGURL,B","1"
"MCKAY,R","1"
"MCKNIGHT,SL","1"
"MCLACHLAN,AD","1"
"MCLAREN,DS","1"
"MCLYSAGHT,A","1"
"MCMANUS,MT","1"
"MCMASTER,GK","1"
"MCMENAMIN,ME","1"
"MCQUADE,DT","1"
"MCSWEENEY,PLH","1"
"MECK,WH","1"
"MEDINA,M","1"
"MEERSSEMAN,G","1"
"MEHDY,MC","1"
"MEI,FANG","1"
"MEICHLE,A","1"
"MEINERS,T","1"
"MEITAR,D","1"
"MEL'UCHOVA,B.","1"
"MELLINGHOFF,IK","1"
"MELLOR,H","1"
"MELOTTO,MAELI","1"
"MENDES,SC","1"
"MENENDEZ,JAVIER A.","1"
"MENG,FY","1"
"MERCER,JASON","1"
"MERTENS,F","1"
"MESTAS,J","1"
"MESTECKY,J","1"
"METELITSA,LS","1"
"MEYLAN,ETIENNE","1"
"MEZEY,LZ","1"
"MIAO,CH","1"
"MICHAEL,MZ","1"
"MICHAELSSON,G","1"
"MICHEAU,O","1"
"MICHEL,MARC","1"
"MIETTINEN,M","1"
"MIGLIACCIO,A","1"
"MILAM,AH","1"
"MILES,PW","1"
"MILLER,CW","1"
"MILLER,RW","1"
"MILLER,SJ","1"
"MILLER,WE","1"
"MIN,KS","1"
"MINDEN,A","1"
"MINERVINI,F","1"
"MING,RAY","1"
"MIRNICS,K","1"
"MISCHEL,PS","1"
"MISTELI,TOM","1"
"MITCHELL,CE","1"
"MITCHELL,GA","1"
"MITCHELL,JA","1"
"MITCHELL,TK","1"
"MITCHELL,WG","1"
"MITRA,S","1"
"MIYAWAKI,A","1"
"MIZUSHIMA,N","1"
"MOASSER,M. M.","1"
"MODUR,V","1"
"MOERTEL,CG","1"
"MOFFAT,J","1"
"MOGHIMI,SM","1"
"MOK,TONY S.","1"
"MOLIMARD,P","1"
"MOLKENTIN,JD","1"
"MOLL,JWB","1"
"MOLLER,C","1"
"MOLLER,NIELS PETER","1"
"MOLLI,P. R.","1"
"MOLLNES,TE","1"
"MOMBAERTS,P","1"
"MOMOSE,KJ","1"
"MONAGHAN,AP","1"
"MONICA,K","1"
"MONTGOMERY,STEPHEN B.","1"
"MONTI,S","1"
"MOORE,KW","1"
"MOORE,PS","1"
"MOOTHA,VK","1"
"MOR,G","1"
"MORAN,N","1"
"MORAN,PJ","1"
"MORAND-FEHR,P.","1"
"MOREIRA,D","1"
"MORGAN,JM","1"
"MORICE,M","1"
"MORIMOTO,RI","1"
"MORITA,R","1"
"MORITA,S","1"
"MORRIS,AG","1"
"MORRIS,L. L.","1"
"MORRIS,SW","1"
"MORRIS,W","1"
"MORRISON,SJ","1"
"MORTON,LM","1"
"MOSES,JOHN E.","1"
"MOSES,JW","1"
"MOSHOUS,D","1"
"MOSLEY,B","1"
"MOSLEY,EE","1"
"MOSMANN,T","1"
"MOSSE,YAEL P.","1"
"MOSSELMAN,S","1"
"MOTT,NF","1"
"MOU,Z","1"
"MOUNT,SM","1"
"MOWAT,AM","1"
"MOYNAHAN,EJ","1"
"MOYZIS,RK","1"
"MOZAFFARIAN,D","1"
"MUCHARDT,C","1"
"MUELLER,PR","1"
"MUELLER,U","1"
"MUGGIA,FM","1"
"MUGUERZA,B","1"
"MUKHERJEE,B","1"
"MULLALLY,MM","1"
"MULLER,AJ","1"
"MULLER,H","1"
"MULLER,J","1"
"MULLER,JE","1"
"MULLER,WJ","1"
"MULLIGAN,LM","1"
"MULLIKEN,RS","1"
"MULVIHILL,JJ","1"
"MURASHIGE,T","1"
"MURONO,S","1"
"MURPHEYCORB,M","1"
"MURPHY,CJ","1"
"MURRAY,B. A.","1"
"MURRAY,JC","1"
"MURRAY,ROYCE W.","1"
"MUSCHEN,M","1"
"MUSE,GINGER W.","1"
"MUSSER,RO","1"
"MUTHUSWAMY,SK","1"
"MUZART,J","1"
"MYERS,AL","1"
"MYERS,N","1"
"MYNENI,RB","1"
"NAAR,AM","1"
"NADEAU,JH","1"
"NAGAI,T","1"
"NAITO,A","1"
"NAKABEPPU,Y","1"
"NAKAGAWA,T","1"
"NAKAYAM,J","1"
"NAKIELNY,S","1"
"NARAYANAN,R","1"
"NARLIKAR,GJ","1"
"NATESH,R","1"
"NATHAN,CF","1"
"NAU,MM","1"
"NAVARRO,L","1"
"NAWROZ,H","1"
"NAZARIAN,RAMIN","1"
"NEEF,R","1"
"NEEL,BG","1"
"NEGISHI,Y","1"
"NEIDHARD.FC","1"
"NEILL,SJ","1"
"NELDNER,KH","1"
"NELEN,MR","1"
"NELSON,DONALD E.","1"
"NELSON,G","1"
"NELSON,HCM","1"
"NELSON,JC","1"
"NELSON,LA","1"
"NEMETH,E","1"
"NESBITT,SA","1"
"NEUBERGER,T","1"
"NEUMANN,E","1"
"NEUMANN,H","1"
"NEVINS,JR","1"
"NEW,M","1"
"NEWBURGE.PE","1"
"NEWCOMB,EW","1"
"NEWMAN,DJ","1"
"NEZU,JI","1"
"NG,HH","1"
"NG,P","1"
"NG,PAULINE C.","1"
"NIE,SM","1"
"NIELSEN,H","1"
"NIELSEN,R","1"
"NIERMAN,WC","1"
"NIEUWKOOP P D","1"
"NIGGLI,V","1"
"NIGGLI,VERENA","1"
"NIINEMETS,U","1"
"NILIUS,BERND","1"
"NILSSON,I","1"
"NIMCHUK,Z","1"
"NIMMERJAHN,A","1"
"NINOMIYA-TSUJI,J","1"
"NIRMAL,M","1"
"NISHIKAWA,R","1"
"NISHINA,H","1"
"NIYOGI,KK","1"
"NOETZEL,MJ","1"
"NOJIRI,C","1"
"NOLTE,RT","1"
"NORMAN,C","1"
"NORRIS,DJ","1"
"NORTH,RA","1"
"NORTH,RJ","1"
"NOTREDAME,C","1"
"NOTTINGHAM,SF","1"
"NOURSE,J","1"
"NTAMBI,JM","1"
"NTZIACHRISTOS,V","1"
"NUNES,MCN","1"
"NURNBERGER,T","1"
"NURSE,P","1"
"NUSSLEINVOLHARD,C","1"
"NYHAN,WL","1"
"NYILAS,E","1"
"O'KEEFFE,MICHAEL","1"
"O'REILLY,EK","1"
"O'REILLY,KE","1"
"OBERDORSTER,G","1"
"OBERHOLZ.VG","1"
"OBRIEN,SJ","1"
"OCHSENREITER,T","1"
"ODA,K","1"
"ODOM,DT","1"
"OEHM,A","1"
"OELLER,PW","1"
"OETTINGER,MA","1"
"OGATA,H","1"
"OGAWA,J","1"
"OH,P","1"
"OH,SW","1"
"OHASHI,K","1"
"OHTA,M","1"
"OI,VT","1"
"OKABE,H","1"
"OKABE,S","1"
"OKADA,A","1"
"OKAMOTO,Y","1"
"OKANO,T","1"
"OKANO,Y","1"
"OKITA,KEISUKE","1"
"OLSEN,GJ","1"
"OLSEN,PH","1"
"OLSHEN,AB","1"
"OLSON,MF","1"
"OLSON,MV","1"
"OLSON,WK","1"
"OLTERSDORF,T","1"
"OMICHINSKI,JG","1"
"ONEIL,KT","1"
"ONEILL,JH","1"
"ONG,SE","1"
"OPSTEEN,JA","1"
"OREGAN,B","1"
"OREN,M","1"
"ORIAN-ROUSSEAU,V","1"
"ORIAN-ROUSSEAU,VRONIQUE","1"
"ORIMO,A","1"
"ORITA,M","1"
"ORKIN,SH","1"
"ORLANDO,V","1"
"ORNITZ,DM","1"
"OROZCO-CARDENAS,M","1"
"OSBORN,MJ","1"
"OSBORNE,CS","1"
"OSENDARP,SJM","1"
"OSMAN,K","1"
"OSTER,SK","1"
"OUCHI,N","1"
"OUMEISH,OY","1"
"OUYANG,SHU","1"
"OVERMYER,K","1"
"OWEN,TA","1"
"OZAKI,N","1"
"PACE,NR","1"
"PACHOLSKI,C","1"
"PADBERG,GW","1"
"PAGANO,M","1"
"PAHL,HL","1"
"PAIK,JI-HYE","1"
"PAINE,TD","1"
"PALESE,P","1"
"PALMEIRIM,I","1"
"PALMER,S","1"
"PALMER,TD","1"
"PALO,RT","1"
"PANAUD,O","1"
"PANAYOTATOS,N","1"
"PANDIS,N","1"
"PAPAJ,DR","1"
"PAPAKONSTANTI,EA","1"
"PAPANDREOU,I","1"
"PARANJAPE,SM","1"
"PARHAM,P","1"
"PARK,BE","1"
"PARK,CH","1"
"PARK,IK","1"
"PARK,JI","1"
"PARK,PJ","1"
"PARKIN,DM","1"
"PARKIN,IAP","1"
"PARLE,JN","1"
"PAROUSH,Z","1"
"PARSONS,DW","1"
"PATE,JS","1"
"PATEL,HT","1"
"PATERSON,ANDREW H.","1"
"PATO,CN","1"
"PATTERSON,GH","1"
"PATTHY,L","1"
"PATTON,EE","1"
"PATTON,JG","1"
"PAULL,RE","1"
"PAULSEN,IT","1"
"PAVLETICH,NP","1"
"PAWITAN,Y","1"
"PAYNTON,BV","1"
"PEABODY,DS","1"
"PEDERSEN,MO","1"
"PEDERSEN,NC","1"
"PEDROCHE,J","1"
"PEGG,AE","1"
"PEIFFER,SL","1"
"PEINADO,HECTOR","1"
"PEITSCH,D","1"
"PELLEGRINI,M","1"
"PELLETIER,J","1"
"PELTIER,JB","1"
"PENG,BAOWEI","1"
"PENG,HZ","1"
"PENN,RL","1"
"PENNY,GD","1"
"PEPPAS,NA","1"
"PEREIRA,MA","1"
"PERLMUTTER,RM","1"
"PERLMUTTER,SJ","1"
"PERRAULT,STEVEN D.","1"
"PERROTTA,DM","1"
"PETERLIN,B. MATIJA","1"
"PETERSEN,BE","1"
"PETERSEN,C","1"
"PETERSON,K","1"
"PETERSON,LL","1"
"PETHICK,DW","1"
"PETIOT,A","1"
"PETIT,JR","1"
"PETITJEAN,AUDREY","1"
"PETRUZZI,MJ","1"
"PETRYSHEN,T.L.","1"
"PETTERSEN,EF","1"
"PETTERSSON,J","1"
"PFAFFL,MW","1"
"PHAM,QP","1"
"PHAN,NTS","1"
"PHILLIPS,JENNIFER","1"
"PHILLIPS,JENNIFER E.","1"
"PHILLIPS,MA","1"
"PHILLIPS,RJ","1"
"PHILPOTT,A","1"
"PICKER,LJ","1"
"PICKRELL,JOSEPH K.","1"
"PIERROU,S","1"
"PIETENPOL,JA","1"
"PIETROMONACO,SF","1"
"PIGEON,C","1"
"PIKO,L","1"
"PILARSKY,C","1"
"PINKEL,D","1"
"PINKERT,CA","1"
"PINKSTON,JULIE M.","1"
"PINNA,LA","1"
"PINTO,DALILA","1"
"PIPEROVA,LS","1"
"PIRSON,PJ","1"
"PISUNYER,FX","1"
"PITTENGER,MF","1"
"PLATENIUS,H","1"
"PLATH,K","1"
"PLEASANCE,E. D.","1"
"PLOW,EF","1"
"POCIOT,F","1"
"PODSYPANINA,K","1"
"POKHOLOK,DK","1"
"POLACH,KJ","1"
"POLANS,AS","1"
"POLLACK,IF","1"
"POLLARD,TD","1"
"POLLOCK,PM","1"
"POMEROY,SL","1"
"PONEC,V","1"
"PONTING,CP","1"
"POORTER,H","1"
"PORSE,BT","1"
"PORTALES-CASAMAR,ELODIE","1"
"PORTER,KG","1"
"PORTER,PL","1"
"POSNER,GH","1"
"POUND,P","1"
"POWLES,SB","1"
"PRADHAN,N","1"
"PRASAD,AM","1"
"PRASAD,T. S. KESHAVA","1"
"PRASHER,DC","1"
"PRATI,L","1"
"PRENTICE,IC","1"
"PRENTKI,MARC","1"
"PRESCHER,JA","1"
"PRESS,BARRY","1"
"PRICE,ALKES L.","1"
"PRICE,M","1"
"PRINCE,VE","1"
"PRINGLE,JR","1"
"PRIVES,C","1"
"PROVAN,D","1"
"PROVAN,DREW","1"
"PROVENCHER,SW","1"
"PULINA,GIUSEPPE","1"
"PULLIAM,HR","1"
"PULVERER,BJ","1"
"PUNTES,VF","1"
"PURKHOLD,U","1"
"PUTHALAKATH,H","1"
"PUTNEY,JW","1"
"PUTNEY,LK","1"
"PUTNEY,SD","1"
"QIAN,JH","1"
"QIAN,JJ","1"
"QIN,JUNJIE","1"
"QU,XP","1"
"QUACKENBUSH,J","1"
"QUANDT,K","1"
"QUIGLEY,CA","1"
"QUIROS,ANA","1"
"RAAMSDONK,LM","1"
"RABERG,LARS","1"
"RACHEZ,C","1"
"RADERMACHER,M","1"
"RADISKY,DC","1"
"RAFTOPOULOU,M","1"
"RAGHAVACHARI,M","1"
"RAHL,PETER B.","1"
"RAJEWSKY,K","1"
"RAKIC,P","1"
"RAKOW,NA","1"
"RAMAKRISHNAN,V","1"
"RAMOCKI,MB","1"
"RAMPINO,N","1"
"RAMSTEIN,J","1"
"RANGELFRAUSTO,MS","1"
"RAO,A","1"
"RAO,A. V.","1"
"RAO,JS","1"
"RAO,PS","1"
"RAO,SB","1"
"RAO,V. KONETI","1"
"RATES,SMK","1"
"RATNER,L","1"
"RAVI,R","1"
"RAW,F","1"
"READ,TD","1"
"RECK,MARTIN","1"
"REDDY,EP","1"
"REDDY,SIRIGIRI DIVIJENDRA NATHA","1"
"REDECKER,D","1"
"REDL,FX","1"
"REETZ,MT","1"
"REHR,JJ","1"
"REICH,DE","1"
"REICH,PB","1"
"REICHMANN,L","1"
"REIFENBERGER,G","1"
"REINER,SL","1"
"REINHOLD,JG","1"
"REISER,CA","1"
"REISS,PETER","1"
"REITZER,LJ","1"
"REMPEL,SA","1"
"REMY,W","1"
"REN,XD","1"
"RENAN,MJ","1"
"RENSING,STEFAN A.","1"
"RESSLER,T","1"
"REVANKAR,CM","1"
"REYA,T","1"
"REYES,M","1"
"REYNET,C","1"
"REYNOLDS,BA","1"
"RHEINWALD,JG","1"
"RHOADES,MW","1"
"RHODES,D","1"
"RHODES,NELSON","1"
"RIBI,E","1"
"RICE,P","1"
"RICE,WR","1"
"RICH,JN","1"
"RICHARD,I","1"
"RICHARDFOY,H","1"
"RICHARDS,B","1"
"RICHARDS,S","1"
"RICHARDSON,AL","1"
"RICHARDSON,SCW","1"
"RIDLEY,BL","1"
"RIDLEY,CM","1"
"RIGGS,MG","1"
"RILEY,M","1"
"RINCON,M","1"
"RINGROSE,L","1"
"RIORDAN,JR","1"
"RISAU,W","1"
"RISCH,NJ","1"
"RISCH,SJ","1"
"RISERUS,U","1"
"RITTER,M","1"
"RITZENTHALER,KL","1"
"RIVETTI,C","1"
"ROACH,JAG","1"
"ROBB,RM","1"
"ROBERT-SEILANIANTZ,ALEXANDRE","1"
"ROBERTS,CJ","1"
"ROBERTS,LJ","1"
"ROBERTS,WM","1"
"ROBERTSON,DL","1"
"ROBERTSON,GORDON","1"
"ROBERTSON,KD","1"
"ROBERTSON,LM","1"
"ROBESON,LM","1"
"ROBINSON,DR","1"
"ROBINSON,JE","1"
"ROCK,CO","1"
"ROCK,KL","1"
"RODEGHIERO,FRANCESCO","1"
"RODIER,FRANCIS","1"
"RODRIGUEZ,M","1"
"RODRIGUEZ-VICIANA,P","1"
"ROMANO,M","1"
"ROMASHKOVA,JA","1"
"RON,D","1"
"RONAGHI,M","1"
"ROODMAN,GD","1"
"ROOS,A","1"
"ROSA,F","1"
"ROSA,FM","1"
"ROSADO,JL","1"
"ROSEN,DR","1"
"ROSENBERG,NA","1"
"ROSENBLUM,JL","1"
"ROSENFELD,MG","1"
"ROSENHEIM,JA","1"
"ROSENWALD,IB","1"
"ROSS,AF","1"
"ROSS,DT","1"
"ROSSI,M","1"
"ROSSITER,M","1"
"ROSSMAN,KL","1"
"ROSTOVTSEV,VV","1"
"ROTH,FP","1"
"ROTH,S","1"
"ROTHBERG,JONATHAN M.","1"
"ROTIG,A","1"
"ROTTHAUWE,JH","1"
"ROUAULT,JP","1"
"ROUCOUX,A","1"
"ROULET,M","1"
"ROUND,EK","1"
"ROUSE,J","1"
"ROUSSEEUW,PJ","1"
"ROUZER,CA","1"
"ROVIRA,AD","1"
"ROWE,LB","1"
"ROWLEY,JD","1"
"ROY,AL","1"
"ROZEN,S","1"
"ROZENGURT,E","1"
"RUBINFELD,B","1"
"RUDERMAN,NB","1"
"RUDIGER,T","1"
"RUECKERT,R.R.","1"
"RUPP,F","1"
"RUSHING,JW","1"
"RUSTGI,AK","1"
"RUSTICI,G","1"
"RYAN,HE","1"
"RYDEL,TJ","1"
"RYHANEN,EL","1"
"RYSECK,RP","1"
"RYTER,STEFAN W.","1"
"RYU,DY","1"
"SABATINI,DM","1"
"SABBATINI,N","1"
"SABELIS,M. W.","1"
"SACKS,FM","1"
"SAD,S","1"
"SAGLIO,PH","1"
"SAHA,S","1"
"SAIDO,TC","1"
"SAKAI,A","1"
"SALAMOV,AA","1"
"SALGHETTI,SE","1"
"SALTIEL,AR","1"
"SALTVEIT,ME","1"
"SAMANIEGO,F","1"
"SAMPELAYO,M. R. SANZ","1"
"SANAI,N","1"
"SANDER,EE","1"
"SANDLER,ALAN","1"
"SANDROFF,CJ","1"
"SANDSTROM,B","1"
"SANO,T","1"
"SANTOS,F","1"
"SANTOS-ROSA,H","1"
"SANZ,MIGUEL A.","1"
"SARDET,C","1"
"SARNOW,P","1"
"SASAI,Y","1"
"SASAKI,A","1"
"SATCHELL,J.E.","1"
"SATO,N","1"
"SATO,T","1"
"SAU,TK","1"
"SAVILL,J","1"
"SAVITSKY,K","1"
"SAXENA,D","1"
"SAYARI,A","1"
"SAYERS,ERIC W.","1"
"SAZAWAL,S","1"
"SCAIFE,DE","1"
"SCANNELL,DR","1"
"SCARGLE,JD","1"
"SCHAFFER,R","1"
"SCHAFFNER,SF","1"
"SCHAID,DJ","1"
"SCHARENBERG,AM","1"
"SCHEFFNER,M","1"
"SCHEID,C","1"
"SCHEINMAN,RI","1"
"SCHERER,PE","1"
"SCHERF,U","1"
"SCHEU,S","1"
"SCHIESTL,RH","1"
"SCHILLER,JH","1"
"SCHLAPBACH,L","1"
"SCHLEGEL,J","1"
"SCHLEGELBERGER,B","1"
"SCHLEIF,R","1"
"SCHLEPER,C","1"
"SCHLOSS,PD","1"
"SCHLOSSER,R","1"
"SCHLUTER,C","1"
"SCHMAHMANN,JD","1"
"SCHMID,A","1"
"SCHMID,G","1"
"SCHMID,M","1"
"SCHMID,SR","1"
"SCHMIDT,CP","1"
"SCHMITZ,ML","1"
"SCHNEIDE.I","1"
"SCHNEIDER,C","1"
"SCHNEIDER,DAVID S.","1"
"SCHNEIDER,TD","1"
"SCHONES,DUSTIN E.","1"
"SCHOTT,JJ","1"
"SCHOUTEN,JP","1"
"SCHREIBER,R","1"
"SCHREIBER,SL","1"
"SCHUBBERT,SUZANNE","1"
"SCHULER,GD","1"
"SCHULTZ,JC","1"
"SCHULTZ,RM","1"
"SCHUMACHER,B","1"
"SCHURER,NY","1"
"SCHUTT,C","1"
"SCHWABE,JWR","1"
"SCHWARTZ,MA","1"
"SCHWARTZ,RE","1"
"SCHWARTZ,RH","1"
"SCHWARTZ,S","1"
"SCHWARTZ,SA","1"
"SCHWARZ,DS","1"
"SCHWARZ,G","1"
"SCHWARZ,T","1"
"SCOTT,EW","1"
"SCOTT,LM","1"
"SCOTT,MP","1"
"SCOTT,TA","1"
"SCOTTO,KW","1"
"SEALY,L","1"
"SEARS,R","1"
"SEARS,RC","1"
"SEDER,RA","1"
"SEEGER,R C","1"
"SEHGAL,SN","1"
"SEIYAMA,T","1"
"SEKIDO,Y","1"
"SEKSE,L","1"
"SELKOE,DJ","1"
"SEMPERE,LF","1"
"SENELICK,RC","1"
"SENFTLEBEN,U","1"
"SENTMAN,CL","1"
"SEO,S","1"
"SEOANE,J","1"
"SEPPALA,I","1"
"SERRA,VIOLETA","1"
"SESHADRI,R","1"
"SETO,M","1"
"SETO,Y","1"
"SETT,SS","1"
"SEYDACK,M","1"
"SHAH,SOHRAB P.","1"
"SHAKED,H","1"
"SHAKED,YUVAL","1"
"SHALON,D","1"
"SHANKAR,AH","1"
"SHANKLAND,SJ","1"
"SHAPPELL,SB","1"
"SHAROPOVA,N","1"
"SHARP,AJ","1"
"SHARP,PM","1"
"SHEAR,HL","1"
"SHEFFIELD,P","1"
"SHELDON,RA","1"
"SHEN,Q","1"
"SHENDURE,JAY","1"
"SHER,A","1"
"SHERRY,B","1"
"SHERWIN,R","1"
"SHEVCHENKO,A","1"
"SHEVCHENKO,EV","1"
"SHI,LEMING","1"
"SHI,YG","1"
"SHIGEMASA,Y","1"
"SHIGENOBU,S","1"
"SHILO,BZ","1"
"SHILOH,Y","1"
"SHIM,D","1"
"SHIMADA,J","1"
"SHIMADA,M","1"
"SHIMIZU,A","1"
"SHIMODA,T","1"
"SHIMOMURA,O","1"
"SHIMONAKA,M","1"
"SHIN,HS","1"
"SHINKAI,Y","1"
"SHINNAR,S","1"
"SHINTANI,D","1"
"SHINTANI,T","1"
"SHIOJIMA,I","1"
"SHIPPY,R","1"
"SHIRAKI,T","1"
"SHOU,WN","1"
"SHTUTMAN,M","1"
"SHURBERG,JL","1"
"SHWEIKI,D","1"
"SIEVERT,H","1"
"SIGNAS,C","1"
"SILBER,JR","1"
"SILL,TRAVIS J.","1"
"SILVER,JH","1"
"SILVERMAN,M","1"
"SIMARD,SW","1"
"SIMMONS,MP","1"
"SIMMS,E. L.","1"
"SIMON,L","1"
"SIMON,M","1"
"SIMON,MI","1"
"SIMONCINI,T","1"
"SIMONET,WS","1"
"SIMONIS,MARIEKE","1"
"SIMOPOULOS,AP","1"
"SIMPSON,JARED T.","1"
"SING,KSW","1"
"SINGH,D","1"
"SINGH,SR","1"
"SINGH,T. K.","1"
"SINGLA,VEENA","1"
"SIOMOS,AS","1"
"SISKIND,GW","1"
"SIU,LLP","1"
"SIVAKUMAR,M","1"
"SKLAR,P","1"
"SKOWYRA,D","1"
"SKRABALAK,SARA E.","1"
"SLACK,JMW","1"
"SMALE,S.T.","1"
"SMITH,GM","1"
"SMITH,JC","1"
"SMOOT,MICHAEL E.","1"
"SMYTH,DR","1"
"SNIDER,WD","1"
"SOBERON,JORGE","1"
"SODA,MANABU","1"
"SOFIC,E","1"
"SOGA,T","1"
"SOLIT,DB","1"
"SOLTIS,DE","1"
"SON,DH","1"
"SON,SU","1"
"SONG,H","1"
"SONG,KM","1"
"SONG,WY","1"
"SONNHAMMER,ELL","1"
"SONO,M","1"
"SORENSEN,PS","1"
"SORRELLS,ME","1"
"SOSMAN,JEFFREY A.","1"
"SOUTHWOOD,TRE","1"
"SOZZI,G","1"
"SPARANO,JOSEPH A.","1"
"SPEICHER,MR","1"
"SPERRY,RW","1"
"SPIEGELBERG,H L","1"
"SPIETH,J","1"
"SPITS,H","1"
"SPITZNAG.JK","1"
"SPLAWSKI,I","1"
"ST CROIX,B","1"
"ST JOHN,MAR","1"
"STAATS,HF","1"
"STACHOWICZ,JJ","1"
"STAINFORTH,DA","1"
"STALLONE,G","1"
"STAMM,S","1"
"STAMP,N","1"
"STANTON,BR","1"
"STAPEL,JO","1"
"STARK,GR","1"
"STAROS,JV","1"
"STASKAWICZ,BJ","1"
"STAUFFER,TP","1"
"STEARNS,SC","1"
"STEEG,PS","1"
"STEELMAN,LINDA S.","1"
"STEIN,H","1"
"STEINBERG,GD","1"
"STEINER,H","1"
"STEINER,JW","1"
"STEINMAN,RA","1"
"STENN,KS","1"
"STENSON,PD","1"
"STENSON,PETER D.","1"
"STEPHENS,LR","1"
"STERN,EA","1"
"STERN,VERNON M.","1"
"STEWART,SA","1"
"STINTZI,A","1"
"STITT,M","1"
"STOCKINGER,EJ","1"
"STOCKWELL,DRB","1"
"STOECKLI,M","1"
"STOECKMAN,AK","1"
"STOFFERS,DA","1"
"STOKKE,O","1"
"STOKOE,D","1"
"STORMO,GD","1"
"STORZ,G","1"
"STOUTE,JA","1"
"STOUTHAMER,R","1"
"STOWE,KA","1"
"STRAM,DO","1"
"STRANGE,AMY","1"
"STRANGER,BARBARA E.","1"
"STRASSER,A","1"
"STRATTON,RF","1"
"STRAUSS,JH","1"
"STRIMMER,K","1"
"STUEHR,DJ","1"
"SU,AI","1"
"SU,W","1"
"SUBRAMANIAN,A","1"
"SUETSUNA,K","1"
"SUGARMAN,BJ","1"
"SUH,SO","1"
"SUN,G","1"
"SUNDARESAN,M","1"
"SUNDICK,RS","1"
"SUNG,T","1"
"SUNKAR,R","1"
"SURAWICZ,TS","1"
"SURI,C","1"
"SUTTER,G","1"
"SVENSON,SB","1"
"SWAIMAN,KF","1"
"SWEET,RD","1"
"SWIATEK,PJ","1"
"SYMONDSON,WOC","1"
"TAATJES,DJ","1"
"TABIN,CJ","1"
"TABOR,CW","1"
"TADA,T","1"
"TADROS,T","1"
"TAHVANAI.JO","1"
"TAKAGI,J","1"
"TAKAHASHI,T","1"
"TAKAI,D","1"
"TAKAMIZAWA,J","1"
"TAKEDA,K","1"
"TALAPIN,DV","1"
"TALBOT,NJ","1"
"TALEB,A","1"
"TALEKAR,NS","1"
"TAMAI,I","1"
"TAMAYO,P","1"
"TAMURA,A","1"
"TAN,PK","1"
"TAN,XU","1"
"TANAKA,K","1"
"TAO,ANDREA","1"
"TAO,WF","1"
"TAPLIN,ME","1"
"TAPSCOTT,SJ","1"
"TASSABEHJI,M","1"
"TAUTZ,D","1"
"TAYLOR,ICA","1"
"TAYLOR,MD","1"
"TAYLOR,TD","1"
"TE VELTHUIS,HENK","1"
"TEACHEY,DAVID T.","1"
"TEDGUI,A","1"
"TEELING,JL","1"
"TEITZ,T","1"
"TELANDER,RL","1"
"TEMPLETON,AC","1"
"TENG,DHF","1"
"TENNESSEN,JACOB A.","1"
"TERRETT,NK","1"
"TETSU,O","1"
"TEWARI,M","1"
"THANGAVELU,M","1"
"THAVASI,V.","1"
"THEISSEN,G","1"
"THEOLOGIS,A","1"
"THERNEAU,TM","1"
"THERON,SA","1"
"THIBODEAU,SN","1"
"THIELE,C","1"
"THIERY,JEAN PAUL","1"
"THIES,C","1"
"THIESEN,HJ","1"
"THOLL,D","1"
"THOMA,F","1"
"THOMAS,E","1"
"THOMAS,H","1"
"THOMAS,JM","1"
"THOMAS,KR","1"
"THOME,M","1"
"THOMPSON,AM","1"
"THOMPSON,GA","1"
"THOMPSON,MC","1"
"THOMPSON,RE","1"
"THORGEIRSSON,SS","1"
"THORNBERRY,NA","1"
"TIAN,ZQ","1"
"TIBSHIRANI,R","1"
"TING,AT","1"
"TJIAN,R","1"
"TODD,PJ","1"
"TOHMA,Y","1"
"TOKER,A","1"
"TOLSMA,SS","1"
"TOLSTIKOV,VV","1"
"TOMALIA,DA","1"
"TOMETZKI,A","1"
"TONEGAWA,S","1"
"TONG,TK","1"
"TONG,ZB","1"
"TONKS,NK","1"
"TONTONOZ,P","1"
"TORCHIA,J","1"
"TORCHIN,ME","1"
"TORRES,MA","1"
"TOWBIN,H","1"
"TOWNSEND,A","1"
"TOYOSHIMA,H","1"
"TOYOTA,M","1"
"TRAVIS,WD","1"
"TREUSCH,AH","1"
"TRIEBEL,F","1"
"TRINCHIERI,G","1"
"TROUGHTON,EB","1"
"TROWELL,HC","1"
"TRUDEL,M","1"
"TSAI,MJ","1"
"TSCHESCHE,R.","1"
"TSE,CHRISTIN","1"
"TSO,JY","1"
"TSUKASAKI,K","1"
"TSUNOYAMA,HIRONORI","1"
"TUERK,C","1"
"TUKEY,HB","1"
"TUMLINSON,J.H.","1"
"TUOMILEHTO,J","1"
"TURBAY,D","1"
"TURNBULL,D","1"
"TURNER,CE","1"
"TURUNEN,O","1"
"TYBULEWICZ,VLJ","1"
"TYE,BK","1"
"TYNER,SD","1"
"TYSON,WR","1"
"UCHITEL,OD","1"
"UCHUYA,M","1"
"UDHAYAKUMAR,V","1"
"UEDA,J","1"
"UEGUCHI-TANAKA,M","1"
"UENO,S","1"
"UHLIROVA,M","1"
"UKNES,S","1"
"ULLMAN,KS","1"
"UM,SH","1"
"UMAR,A","1"
"UMEHARA,MIKIHISA","1"
"UMEK,RM","1"
"UMETA,M","1"
"UNKELESS,JC","1"
"UNLU,M","1"
"UYAMA,Y","1"
"VAGNER,S","1"
"VAIDHYANATHAN,RAMANATHAN","1"
"VAIDYA,TB","1"
"VALKO,MARIAN","1"
"VALOUEV,ANTON","1"
"VAN DE WALLE,CG","1"
"VAN DE WETERING,M","1"
"VAN DER BIEZEN,EA","1"
"VAN DER HEIJDEN,MGA","1"
"VAN DER WORP,H. BART","1"
"VAN LOON,JJA","1"
"VAN LOON,L. C.","1"
"VAN POECKE,RMP","1"
"VANANTWERP,DJ","1"
"VANDENBERG,LH","1"
"VANDER POL,K J","1"
"VANDERMECHE,FGA","1"
"VANDERSCHROEFF,JG","1"
"VANDOORN,PA","1"
"VANDUZEN,J","1"
"VANE,JR","1"
"VANHOOF,G","1"
"VANLINT,C","1"
"VANNESTE,STEFFEN","1"
"VANZO,NF","1"
"VARFOLOMEEV,EUGENE","1"
"VARLEY,JM","1"
"VASQUEZ-VIVAR,J","1"
"VAUPEL,P","1"
"VAVRE,F","1"
"VAWTER,MP","1"
"VEGA,FRANCISCO M.","1"
"VEGARD,L","1"
"VERDIN,E","1"
"VERHEIJ,M","1"
"VERMA,DHEERAJ","1"
"VERNINO,S","1"
"VERRIJZER,CP","1"
"VESPER,H","1"
"VESSBY,B","1"
"VIDAL,C","1"
"VIEIRA,J","1"
"VILELLA,ALBERT J.","1"
"VILQUIN,JT","1"
"VINCENT,A","1"
"VINSON,S.B.","1"
"VIONNET,N","1"
"VIRELIZI.JL","1"
"VIRELIZIER,JL","1"
"VISION,TJ","1"
"VISNER,GA","1"
"VISVADER,JANE E.","1"
"VITADELLO,M","1"
"VITOUSEK,P","1"
"VLAHOS,CJ","1"
"VON MERING,C","1"
"VONBOEHMER,H","1"
"VONMATT,P","1"
"VONSCHAEWEN,A","1"
"VOORRIPS,LE","1"
"WADHAMS,L.J.","1"
"WADMAN,IA","1"
"WAGA,S","1"
"WAGNER,GJ","1"
"WAHLGREN,M","1"
"WAINHOBSON,S","1"
"WAINRIGHT,PO","1"
"WAJANT,H","1"
"WAKABAYASHI,S","1"
"WAKASUGI,T","1"
"WALKER,BD","1"
"WALKER,JR","1"
"WALKER,RI","1"
"WALKER,WS","1"
"WALSH,KP","1"
"WALSH,TOM","1"
"WALSTRA,P","1"
"WALTER,MICHAEL","1"
"WALTHER,GR","1"
"WALTON,DC","1"
"WAN,WK","1"
"WANG,C","1"
"WANG,D","1"
"WANG,DG","1"
"WANG,ERIC T.","1"
"WANG,HM","1"
"WANG,HO","1"
"WANG,JC","1"
"WANG,JIA X.","1"
"WANG,JL","1"
"WANG,LH","1"
"WANG,RC","1"
"WANG,WC","1"
"WANG,WEIGANG","1"
"WANG,XH","1"
"WANG,XW","1"
"WANG,XY","1"
"WANG,YX","1"
"WANG,ZHIBIN","1"
"WANG,ZHONG","1"
"WANG,ZQ","1"
"WANG,ZY","1"
"WARD,ER","1"
"WARD,ES","1"
"WARNER,JO","1"
"WATAHIKI,A","1"
"WATANABE,K","1"
"WATANABE,Y","1"
"WATERS,BRADEN","1"
"WATSON,JD","1"
"WATSON,MA","1"
"WATSON,RE","1"
"WATTS,GS","1"
"WAUGH,R","1"
"WAVHAL,DS","1"
"WEBB,ANDREW J.","1"
"WEBB,DJ","1"
"WEBER,JD","1"
"WEBERHALL,SR","1"
"WECHSLER-REYA,RJ","1"
"WEINER,GJ","1"
"WEINMAN,EJ","1"
"WEINSTEIN,I. BERNARD","1"
"WEISS,MA","1"
"WEISS,S","1"
"WELCKER,M","1"
"WELCKER,MARKUS","1"
"WELSH,J","1"
"WELTFRIEND,S","1"
"WEN,FQ","1"
"WENDEL,HG","1"
"WENDER,PA","1"
"WENDT,KU","1"
"WENG,AP","1"
"WESELOH,R.M.","1"
"WESSLER,SR","1"
"WESTENDORF,JM","1"
"WESTFELT,JN","1"
"WESTWICK,JK","1"
"WETZEL,R","1"
"WHETTEN,RL","1"
"WHITE,CM","1"
"WHITE,JM","1"
"WHITE,RF","1"
"WHITE,SL","1"
"WHITE,T.J.","1"
"WHITESIDES,GM","1"
"WHITMAN,WB","1"
"WHITTAKER,RH","1"
"WHITTAKER,SJ","1"
"WHITTINGHAM,MARK J.","1"
"WHYTE,P","1"
"WIEGAND,KIMBERLY C.","1"
"WIEMANN,S","1"
"WIENS,JA","1"
"WIJNHOLDS,J","1"
"WIKSTROM,N","1"
"WILDERMUTH,MC","1"
"WILDIN,RS","1"
"WILEY,SR","1"
"WILKINSO.PC","1"
"WILL,TORSTEN","1"
"WILLCOX,JK","1"
"WILLETS,KATHERINE A.","1"
"WILLIAMS,DL","1"
"WILLIAMS,ML","1"
"WILM,MS","1"
"WILSON,WL","1"
"WIN,KY","1"
"WINGO,PA","1"
"WINKLER,FK","1"
"WINNIER,G","1"
"WINZELER,EA","1"
"WODARZ,A","1"
"WOLBERGER,C","1"
"WOLFEL,T","1"
"WOLFF,B","1"
"WOLTER,KG","1"
"WOLTER,M","1"
"WONG,JA","1"
"WONSEY,DR","1"
"WOOD,LC","1"
"WOODCOCK,JANET","1"
"WOODLAND,DL","1"
"WOOLEY,KL","1"
"WORTH,A","1"
"WRIGHT,PF","1"
"WU,CD","1"
"WU,JC","1"
"WU,KJ","1"
"WU,XW","1"
"WYNICK,D","1"
"XANTHOUDAKIS,S","1"
"XIA,QY","1"
"XIA,YN","1"
"XIANG,ZQ","1"
"XIAO,KY","1"
"XIE,JIANPING","1"
"XIE,JW","1"
"XIE,PP","1"
"XIE,WL","1"
"XIE,XH","1"
"XIE,XIAOWEI","1"
"XING,XM","1"
"XIONG Y","1"
"XIONG,JP","1"
"XIONG,YUJIE","1"
"XIONG,ZG","1"
"XU,BE","1"
"XU,CJ","1"
"XU,J","1"
"XU,Q","1"
"XU,TA","1"
"XU,XL","1"
"XU,XY","1"
"YACHIDA,SHINICHI","1"
"YAMADA,K","1"
"YAMAGATA,K","1"
"YAMAGUCHI-SHINOZAKI,KAZUKO","1"
"YAMAMOTO,K","1"
"YAMAMOTO,KR","1"
"YAMAMOTO,M","1"
"YAMANASHI,Y","1"
"YAMAOKA,S","1"
"YAMASHITA,H","1"
"YAMASHITA,HIROMI","1"
"YAN,AC","1"
"YAN,CH","1"
"YAN,JUN-MIN","1"
"YANAGISAWA,K","1"
"YANAIHARA,N","1"
"YANCOPOULOS,GD","1"
"YANG,CM","1"
"YANG,GP","1"
"YANG,SF","1"
"YANG,YH","1"
"YANG,YO","1"
"YANG,YW","1"
"YANG,ZY","1"
"YANGYEN,HF","1"
"YAO,LH","1"
"YASUDA,K","1"
"YATES,JR","1"
"YAUK,CL","1"
"YE,WL","1"
"YE,XD","1"
"YEKTA,S","1"
"YEOH,EJ","1"
"YEUNG,K","1"
"YEUNG,TONY","1"
"YI,CW","1"
"YIN,HL","1"
"YIN,XM","1"
"YIN,Y","1"
"YIN,YD","1"
"YIN,YX","1"
"YODER,JA","1"
"YOKOTA,J","1"
"YOO,HS","1"
"YOSHIDA,H","1"
"YOSHIKUNI,Y","1"
"YOSHIMURA,S","1"
"YOSHIZAKI,T","1"
"YOUNG,RICHARD A.","1"
"YOUNGER,DS","1"
"YU,H","1"
"YU,L","1"
"YU,SJ","1"
"YU,YS","1"
"YU,ZY","1"
"YUAN,GC","1"
"YUAN,QIAOPING","1"
"YUE,P","1"
"YUE,ZY","1"
"YUN,CHC","1"
"YUST,MM","1"
"YUSTE,R","1"
"ZABEL,BU","1"
"ZACHARIAS,DA","1"
"ZAPPULLA,DONATELLA","1"
"ZARATE,SONIA I.","1"
"ZEBDA,N","1"
"ZEHETNER,G","1"
"ZEISEL,SH","1"
"ZEISER,ROBERT","1"
"ZEITLINGER,JULIA","1"
"ZELTZER,PM","1"
"ZEMEL,MB","1"
"ZENDER,LARS","1"
"ZENG,ZB","1"
"ZETTERSTROM,RH","1"
"ZETTL,A","1"
"ZHAN,QM","1"
"ZHANG,B","1"
"ZHANG,JH","1"
"ZHANG,JL","1"
"ZHANG,QH","1"
"ZHANG,SJ","1"
"ZHANG,SM","1"
"ZHANG,YM","1"
"ZHANG,YONG","1"
"ZHANG,YP","1"
"ZHAO,J","1"
"ZHAO,LX","1"
"ZHAO,ZHIHU","1"
"ZHENG,N","1"
"ZHONG,H","1"
"ZHONG,HH","1"
"ZHOU,B","1"
"ZHOU,BHP","1"
"ZHU,GF","1"
"ZHU,J","1"
"ZHU,JK","1"
"ZHU,YY","1"
"ZHU-SALZMAN,K","1"
"ZHUANG,Y","1"
"ZIBOH,VA","1"
"ZIEGLER,A","1"
"ZINKERNAGEL,R M","1"
"ZIPFEL,WARREN R.","1"
"ZIV,NE","1"
"ZOHN,IM","1"
"ZUK,OR","1"
"ZUKER,M","1"
"ZURHAUSEN,H","1"
"ZWEIG,MH","1"
