"CASPI,A",1047
"EGAN,MF",972
"HARIRI,AR",956
"WEINBERGER,DR",931
"JAVITT,DC",895
"LESCH,KP",893
"SHENTON,ME",872
"GOTTESMAN,II",842
"SCHULTZ,W",799
"ANDREASEN,NC",697
"HARRISON,PJ",69
"ALEXANDER,GE",53
"OLNEY,JW",52
"MAYBERG,HS",50
"LEDOUX,JE",48
"ROBINSON,TE",47
"PEZAWAS,L",46
"LOHMUELLER,KE",45
"KRYSTAL,JH",44
"HEILS,A",43
"FRISTON,KJ",41
"BRAFF,DL",39
"KESSLER,RC",39
"MCEWEN,BS",38
"CLONINGER,CR",37
"GIROS,B",37
"WISE,RA",37
"LANDER,ES",34
"SQUIRE,LR",34
"BECHARA,A",33
"DREVETS,WC",33
"KOOB,GF",33
"NAATANEN,R",32
"RAICHLE,ME",32
"RESCORLA,R. A.",32
"NESTLER,EJ",30
"WEAVER,ICG",30
"GRACE,AA",29
"OVERALL,JE",29
"SAPOLSKY,RM",29
"STEFANSSON,H",29
"GOLDMANRAKIC,PS",28
"GOOD,CD",28
"KANE,J",28
"MCCLELLAND,GH",27
"RISCH,N",27
"GREEN,MF",25
"HAMILTON,M",25
"HUTTENLOCHER,PR",25
"MESULAM,MM",25
"SPITZER,RL",25
"ASHBURNER,J",24
"SANTARELLI,L",24
"BERRIDGE,KC",23
"LEWIS,DA",23
"CALVERT,GA",22
"DE KLOET,ER",22
"LACHMAN,HM",22
"DUMAN,RS",21
"KENDLER,KS",21
"ENDICOTT,J",20
"FREEDMAN,R",20
"WILLIAMS,GV",20
"CARLSSON,A",19
"CRONBACH,LJ",19
"CROW,TJ",19
"GOLDMAN-RAKIC,P. S.",19
"KAY,SR",19
"SHELINE,YI",19
"BREITER,HC",18
"BREMNER,JD",18
"GUSNARD,DA",18
"LOGOTHETIS,NK",18
"MACKINTOSH,NJ",18
"MILLER,EK",18
"PHILLIPS,ML",18
"SAYKIN,AJ",18
"WHALEN,PJ",18
"BISWAL,B",17
"CREESE,I",17
"DAVIS,KL",17
"FUNAHASHI,S",17
"GIARD,MH",17
"GRAY,CM",17
"JOHNSTONE,EC",17
"MORRIS,JS",17
"OGAWA,S",17
"SPIELMAN,RS",17
"WATSON,D",17
"BOGERTS,B",16
"BUZSAKI,G",16
"CORBETTA,M",16
"HUANG,EJ",16
"YUSUF,S",16
"BOTVINICK,MM",15
"CARTER,CS",15
"FELLEMAN,DANIEL J.",15
"JOHNSON,JW",15
"LIEBERMAN,JA",15
"RITZ,MC",15
"SINGER,W",15
"DAVIS,M",14
"DESIMONE,R",14
"FOX,MD",14
"GREICIUS,MD",14
"MELTZER,HY",14
"RAMAMOORTHY,S",14
"RISCH,NEIL",14
"VARELA,F",14
"WATERSTON,RH",14
"ADOLPHS,R",13
"BLAKELY,RD",13
"BRUNNER,HG",13
"BUSH,G",13
"DICHIARA,G",13
"ERIKSSON,PS",13
"FELITTI,VJ",13
"FOLSTEIN,MF",13
"GIEDD,JN",13
"KANDEL,ER",13
"MARKRAM,H",13
"NIBUYA,M",13
"SEEMAN,P",13
"STRAUB,RE",13
"STROOP,JR",13
"VANTOL,HHM",13
"AXELROD,J",12
"CASES,O",12
"CHANOCK,STEPHEN J.",12
"GERFEN,CR",12
"GOGOS,JA",12
"KAPUR,S",12
"LEWIS,CM",12
"LOTTA,T",12
"MALBERG,JE",12
"PHAN,KL",12
"PHILLIPS,RG",12
"POO,MM",12
"PORSOLT,RD",12
"VENTER,JC",12
"BLISS,TVP",11
"BROZOSKI,TJ",11
"COOK,EH",11
"COYLE,JT",11
"EGGER,M",11
"GREENBERG,BD",11
"IOANNIDIS,JPA",11
"JAENISCH,R",11
"MCGAUGH,JL",11
"NADER,K",11
"OWENS,MJ",11
"WEISSMAN,MM",11
"YAKOVLEV,P.",11
"AMARA,SG",10
"BENES,FM",10
"BRUCE,C",10
"CASTELLANOS,FX",10
"GEYER,MA",10
"GOODMAN,WK",10
"HAKAK,Y",10
"JONES E G",10
"KAPLAN,DR",10
"LANG,PJ",10
"MOGHADDAM,B",10
"POSNER,MI",10
"RIZZOLATTI,G",10
"ROBINS,LN",10
"SEAMANS,JK",10
"SUDDATH,RL",10
"WRIGHT,IC",10
"BAIGENT,C",9
"FEHR,E",9
"FEIGHNER,JP",9
"FRAYLING,TIMOTHY M.",9
"GOULD,E",9
"HARDY,J",9
"KATZ,LC",9
"LARUELLE,M",9
"LUBY,ED",9
"MCGURK,H",9
"MILAD,MR",9
"MILLAR,JK",9
"MOFFITT,TE",9
"OLDFIELD,RC",9
"PEARCE,JM",9
"PHELPS,EA",9
"REGIER,DA",9
"SAMPSON,RJ",9
"SELEMON,LD",9
"SMITH,EE",9
"SULLIVAN,PF",9
"TREISMAN,AM",9
"WOODS,RP",9
"ALTSHULER,D",8
"AMADOR,XF",8
"BLOCK,J",8
"BOOKHEIMER,SY",8
"BROWN,R",8
"CABEZA,R",8
"DEVINSKY,O",8
"ENGERT,F",8
"FOX,MICHAEL D.",8
"GABRIEL,SB",8
"GERSHON,ES",8
"HAXBY,JV",8
"HEINZ,A",8
"LANDER,E",8
"LEBIHAN,D",8
"LEWIN,GR",8
"LIDDLE,PF",8
"LLINAS,RR",8
"MARR,D",8
"MATTAY,VS",8
"MONYER,H",8
"O'DOHERTY,J",8
"OLDS,J",8
"PAUS,T",8
"RAUCH,SL",8
"RUBINS,HB",8
"SABOL,SZ",8
"SAWAGUCHI,T",8
"SHIFMAN,S",8
"SOKOLOFF,L",8
"THIERRY,AM",8
"TOPOL,EJ",8
"VAN PRAAG,H",8
"WALSH,TOM",8
"WORSLEY,KJ",8
"ANDERSEN,RA",7
"BADNER,JA",7
"BARTA,PE",7
"BAZZINO,O",7
"BOUTON,ME",7
"CALIFF,RM",7
"CARLSSON,M",7
"CARPENTER,WT",7
"COHEN,J",7
"COX,RW",7
"EBSTEIN,RP",7
"EVANS,WE",7
"FALCONER,DS",7
"FRANK,E",7
"FRIES,P",7
"GENOVESE,CR",7
"HOFFMAN,BJ",7
"HOLLMANN,M",7
"KALIVAS,PW",7
"KORTE,M",7
"KWONG,KK",7
"LIVAK,KJ",7
"MACDONALD,AW",7
"MALDJIAN,JA",7
"MASTEN,AS",7
"MILLER,J",7
"MILNER,B",7
"MISSALE,C",7
"MORIYOSHI,K",7
"MURPHY,KC",7
"OLTON,DS",7
"PATTERSON,SL",7
"RAUSCHECKER,JP",7
"ROMANSKI,LM",7
"SESACK,SR",7
"STEINHUBL,SR",7
"SUMBY,WH",7
"WATTS,DJ",7
"WILLIAMS,JBW",7
"ABECASIS,GR",6
"AKISKAL,HS",6
"ALBIN,RL",6
"AMODIO,DM",6
"BARNES,NM",6
"BENJAMIN,J",6
"BENNETT,ST",6
"BERGER,H",6
"BLIER,P",6
"BRAFF,D",6
"BURNS,RS",6
"BURTON,PAUL R.",6
"CASPI,AVSHALOM",6
"GIBBS,RA",6
"GRAYBIEL,AM",6
"GROSS,C",6
"GROSS,JJ",6
"HEINRICHS,DW",6
"HEINRICHS,RW",6
"HEMPSTEAD,BL",6
"HIGGINS,JPT",6
"HOLROYD,CB",6
"HOLSBOER,F",6
"HOPFIELD,JJ",6
"KAHNEMAN,D",6
"KANG,HJ",6
"KEMPERMANN,G",6
"KERNS,JG",6
"KOSFELD,M",6
"KUHAR,MJ",6
"LANCASTER,JL",6
"LAWRIE,SM",6
"LORD,C",6
"LUCKI,I",6
"MALINOW,R",6
"MCGHIE,A",6
"MILLER,GA",6
"MOGENSON,GJ",6
"ONGUR,D",6
"PACHOLCZYK,T",6
"PEDERSEN,TR",6
"PETERSEN,SE",6
"RAKIC,P",6
"ROSENTHAL,R",6
"ROSVOLD,HE",6
"SACKS,FM",6
"SELZER,ML",6
"SIMPSON,G M",6
"SQUIRES,NK",6
"STERIADE,M",6
"TERRY,RD",6
"TONKIN,A",6
"WALTHER,DJ",6
"ALLEN,YS",5
"ASBERG,M",5
"ASHBURNER,M",5
"BAILEY,A",5
"BARABASI,AL",5
"BARNES,TRE",5
"BARON,RM",5
"BARRICK,MR",5
"CARDINAL,RN",5
"CHUMAKOV,I",5
"COLLINS,FS",5
"CORDER,EH",5
"DAVIDSON,RJ",5
"DAVIS,JM",5
"DELONG,MR",5
"DERSIMONIAN,R",5
"DINGLEDINE,R",5
"ERIKSEN,BA",5
"FALCHIER,A",5
"FARDE,L",5
"FREUND,TF",5
"FRICK,MH",5
"GOLDBERG,TE",5
"GRATTON,G",5
"GRAZIANO,MSA",5
"HARRIS,EC",5
"HEIM,C",5
"JASPER,H. H.",5
"KANWISHER,N",5
"KAUFMAN,J",5
"KEBABIAN,JW",5
"KELLER,MB",5
"KRINGELBACH,ML",5
"KRUGLYAK,L",5
"LAHTI,AC",5
"LEWIS,BP",5
"LEWIS,EB",5
"LIU,D",5
"LYONS,WE",5
"MAJEWSKA,MD",5
"MARDER,SR",5
"MCEVOY,JP",5
"MILO,R",5
"MORRIS,JC",5
"MORRIS,RGM",5
"NAKANISHI,S",5
"NEWMAN,MEJ",5
"OCHSNER,KN",5
"RAINVILLE,P",5
"RIOS,M",5
"ROCKLAND,KS",5
"RODRIGUEZ,E",5
"SCHACHTER,S",5
"SHIFFRIN,RM",5
"SOKOLOFF,P",5
"STERN,CE",5
"STRAUSS,JS",5
"STROGATZ,SH",5
"TECOTT,LH",5
"TOPOL,E",5
"TRIVERS,RL",5
"UNGERLEIDER,LESLIE G.",5
"VONHOLST,E",5
"WELLS,KB",5
"WHITE,PF",5
"YOUNG,RC",5
"ZUBIN,J",5
"ABERCROMBIE,M",4
"ADLER,LE",4
"ALBERT,R",4
"ALLISON,DB",4
"ALLISON,T",4
"ALTSCHUL,SF",4
"ANTMAN,EM",4
"ARAQUE,A",4
"ARON,AR",4
"BALLENGER,JC",4
"BARKLEY,RA",4
"BAUMEISTER,RF",4
"BAXTER,LR",4
"BERNHEIM.H",4
"BIEDERMAN,J",4
"BIRNEY,EWAN",4
"BOTSTEIN,D",4
"BREIER,A",4
"BRUNET,A",4
"BUCKNER,RANDY L.",4
"BULLMORE,ED",4
"CANTLEY,LC",4
"CHROUSOS,GP",4
"COLHOUN,HM",4
"COLLINS,DL",4
"COLLINS,R",4
"CRAIG,AD",4
"CRICK,NR",4
"DANBOLT,NC",4
"DARCANGELO,G",4
"DATTA,SR",4
"DAUER,W",4
"EASTON,DOUGLAS F.",4
"EGELAND,JA",4
"FARAONE,SV",4
"FLEISCHMANN,RD",4
"FRAGA,MF",4
"FU,YX",4
"GAGE,FH",4
"GAINETDINOV,RR",4
"GENT,M",4
"GOLDSTEIN,RZ",4
"GRAY,J. A.",4
"HANRATH,P",4
"HARDING,CM",4
"HERKENHAM,M",4
"HOLMES,TH",4
"HU,XZ",4
"HUBEL,DH",4
"INGVAR,DH",4
"JACOBS,BL",4
"JACOBSON,MD",4
"JONES,P",4
"KANNER,BI",4
"KENT,WJ",4
"KIM,JS",4
"KISH,SJ",4
"KLECKNER,NW",4
"KUTAS,M",4
"LANGSTON,JW",4
"LAU,J",4
"LAUDER,JM",4
"LECKMAN,JF",4
"LEE,R",4
"LEUCHT,S",4
"LEVIMONTALCINI,R",4
"LINNOILA,M",4
"LISTER,RYAN",4
"LITTLE,KY",4
"LJUNGBERG,T",4
"LOWRY,OH",4
"MAYER,ML",4
"MCCLURE,SM",4
"MCGORRY,PD",4
"MEANEY,MJ",4
"MEREDITH,MA",4
"MEYER-LINDENBERG,A",4
"MOHN,AR",4
"MONROE,SM",4
"MONTAGUE,PR",4
"MURRAY,CJL",4
"NELSON,MD",4
"NUECHTERLEIN,KH",4
"OKEEFE,J",4
"PEARSON,G",4
"PFEFFER,MA",4
"PLATT,ML",4
"PLOMIN,R",4
"REITAN,R. M.",4
"REUL,JMHM",4
"RIDKER,PM",4
"RISCH,NJ",4
"ROBERTS,BW",4
"ROBERTS,DCS",4
"SACHIDANANDAM,R",4
"SCHMOLESKY,MT",4
"SHAFFER,D",4
"SHERRINGTON,R",4
"SLED,JG",4
"SNIDER,WD",4
"STANLEY,M",4
"STEFANSSON,HREINN",4
"TAJIMA,F",4
"THOENEN,H",4
"TOLLEFSON,GD",4
"TZOURIO-MAZOYER,N",4
"UNGERLEIDER,LG",4
"VONSATTEL,JP",4
"WALLENTIN,L",4
"WILLNER,P",4
"WING,JK",4
"WOLPERT,DM",4
"YUAN,JY",4
"ZUCKER,RS",4
"ABENHAIM,L",3
"ABERCROMBIE,ED",3
"ACHARD,S",3
"AKBARIAN,S",3
"ALLEN,NICOLE C.",3
"ALMASY,L",3
"ANDERSON,JC",3
"ARIELI,A",3
"ARNETT,JJ",3
"ARSENEAULT,L",3
"BADDELEY,A",3
"BASSER,PJ",3
"BATEMAN,A",3
"BENJAMINI,Y",3
"BERKMAN,LF",3
"BILDER,RM",3
"BLACKWOOD,DHR",3
"BLAKE,DD",3
"BLOUIN,JL",3
"BOROVIKOVA,LV",3
"BOTVINICK,M",3
"BRADLEY,MM",3
"BRILEY,MS",3
"BRUCE,CJ",3
"BULT,CJ",3
"CAMERON,HA",3
"CANNON,M",3
"CHEN,ZM",3
"CHERUBINI,E",3
"CLEEMAN,JI",3
"COHEN,M",3
"CONN,PJ",3
"CORYELL,W",3
"COX,DR",3
"CRABBE,JC",3
"CRITCHLEY,HD",3
"CRYAN,JF",3
"CUMMINGS,JL",3
"DANTZER,ROBERT",3
"DAVIES,JL",3
"DEAN,M",3
"DELGADO,PL",3
"DEMPSTER,AP",3
"DEVLIN,B",3
"DIAS,R",3
"DOWNS,JR",3
"DRAKE,RE",3
"DUHAMEL,JR",3
"EHRINGER,H",3
"EISEN,MB",3
"EISENBERG,D",3
"ENGEL,AK",3
"EWING,B",3
"EXCOFFIER,L",3
"FALK,CT",3
"FALLON,JH",3
"FANSELOW,MS",3
"FARAONE,STEPHEN V",3
"FERRARA,N",3
"FIORILLO,CD",3
"FRITH,CD",3
"GARDINERGARDEN,M",3
"GELERNTER,J",3
"GOGTAY,N",3
"GOODMAN,R",3
"GORDON,DJ",3
"GUASTELLA,J",3
"GUNDERSEN,HJG",3
"GUZE,SB",3
"GYAPAY,G",3
"HAFFNER,SM",3
"HANNA,GL",3
"HEDIGER,MA",3
"HEIMER,L",3
"HERRNSTEIN,RJ",3
"HILL,AB",3
"HILLIER,LW",3
"HODGKIN,AL",3
"HORNYKIE.O",3
"HOUNDFIELD,GN",3
"HUANG,NE",3
"IKEMOTO,S",3
"IKONOMIDOU,C",3
"IRIZARRY,RAFAEL A.",3
"JABLENSKY,A",3
"JAKOB,H",3
"JENTSCH,JD",3
"JUDD,LL",3
"KALMAN,R. E.",3
"KARAYIORGOU,MARIA",3
"KELLEY,AE",3
"KIRSCHBAUM,C",3
"LATHROP,GM",3
"LEHMAN,AF",3
"LISTER,RG",3
"MACALUSO,E",3
"MACDERMOTT,AB",3
"MALENKA,RC",3
"MANOLIO,TERI A.",3
"MARTIN,N",3
"MCGUIRE,PK",3
"MEDNICK,SA",3
"MONAGHAN,DT",3
"MONTGOMERY,SA",3
"MORGAN,JI",3
"MOSS,AJ",3
"MOTHET,JP",3
"MUNSON,PJ",3
"MURRAY,RM",3
"NEMEROFF,CB",3
"NICHOLSON,C",3
"NOWAK,L",3
"OLDENDOR.WH",3
"PALMER,TD",3
"PARDO,JV",3
"PATTON,JH",3
"PETROVIC,P",3
"PICTON,TW",3
"PINKEL,D",3
"PITT,B",3
"PRITCHARD,JK",3
"PULVER,AE",3
"RAVASZ,E",3
"READ,J",3
"ROSENBLUM,MG",3
"ROZANSKI,A",3
"RUMELHART,D.E.",3
"SAMAMA,P",3
"SCHATZBERG,AF",3
"SCOTT,LAURA J.",3
"SEBAT,J",3
"SEBAT,JONATHAN",3
"SELTZER,B",3
"SERRUYS,PW",3
"SHAHAM,Y",3
"SHALLICE,T",3
"SHEPHERD,J",3
"SIH,A",3
"SMITH,MA",3
"SPERRY,RW",3
"SRIVASTAVA,S.",3
"STEWART,AL",3
"SUTTON,R.S.",3
"SWERDLOW,NR",3
"TALLON-BAUDRY,C",3
"THEROUX,P",3
"TIFFANY,ST",3
"TREMBLAY,L",3
"VUILLEUMIER,P",3
"WALTER,WG",3
"WECHSLER,DAVID",3
"WHITTINGTON,MA",3
"WILSON,FAW",3
"WILSON,MA",3
"WIVIOTT,STEPHEN D.",3
"WOOLF,B",3
"WOOLF,CJ",3
"YUNG,AR",3
"ZAJONC,RB",3
"ZHAO,CHUNMEI",3
"ABEL,T",2
"ABRAMSON,J",2
"AKIL,H",2
"AMIR,RE",2
"AMMONS,RB",2
"ANDERSON,IM",2
"ANDREASSON,S",2
"ANGST,J",2
"ANIS,NA",2
"AYLWARD,E",2
"AZMITIA,EC",2
"BACH,AWJ",2
"BACH,JF",2
"BANDETTINI,PA",2
"BARDY,GH",2
"BARKER,DJP",2
"BARRACLO.B",2
"BARRAT,A",2
"BARRETT,JC",2
"BARTEL,DP",2
"BASSAND,JEAN-PIERRE",2
"BATESON,G",2
"BEASLEY,CM",2
"BEN-ARI,Y",2
"BERGMAN,H",2
"BERNSTEIN,BE",2
"BESTOR,TH",2
"BHATT,DL",2
"BHUTTA,AT",2
"BIRD,A",2
"BORST,P",2
"BOTVINICK,MATTHEW M.",2
"BOUCHARD,TJ",2
"BOWER,GH",2
"BRAVER,TS",2
"BRENNECKE,JULIUS",2
"BRENT,DA",2
"BRESLOW,NE",2
"BROWN,MW",2
"BROWN,S",2
"BRZUSTOWICZ,LM",2
"BUNZOW,JR",2
"BURN,JH",2
"CAMBIEN,F",2
"CARBONI,E",2
"CARDNO,AG",2
"CARMICHAEL,ST",2
"CARNINCI,P",2
"CATERINA,MJ",2
"CAVADA,C",2
"CHAMBERS,CD",2
"CHAO,MV",2
"CHAPMAN,LJ",2
"CHEN,MS",2
"CHEN,ZY",2
"CHENG,Y",2
"CHESEBRO,JH",2
"CHOBANIAN,AV",2
"CHOI,DW",2
"CHOMCZYNSKI,P",2
"CHOUINARD,G",2
"CHUGANI,HT",2
"COBB,SR",2
"COCCARO,EF",2
"COCKCROFT,DW",2
"COHEN,JD",2
"COLLIER,DA",2
"CONNOLLY,HM",2
"COTTINGHAM,RW",2
"COTTON,NS",2
"DALTON,KM",2
"DAMASIO,H",2
"DAUB,H",2
"DELEAN,A",2
"DENG,ZM",2
"DETERA-WADLEIGH,SD",2
"DIB,C",2
"DICKERSON,SS",2
"DIENER,E",2
"DIENER,HC",2
"DIETZL,GEORG",2
"DIGMAN,JM",2
"DONCHIN,E",2
"DONE,DJ",2
"DOYLE,DA",2
"DRAKE,JW",2
"DRUMMOND,ALEXEI J.",2
"ECKHORN,R",2
"ELEY,TC",2
"ENGEL,GL",2
"ERNST,MO",2
"ERSPAMER,V",2
"EVENDEN,JL",2
"EYSENCK,SBG",2
"FALLS,DL",2
"FENDRICH,M",2
"FENTON,WS",2
"FERGUSON,JN",2
"FIGUROV,A",2
"FISCHMAN,DL",2
"FOLEY,DL",2
"FORMAN,SD",2
"FRAZER,KELLY A.",2
"FREDHOLM,BB",2
"FREY,U",2
"FRIEDEWA.WT",2
"FRIEDMAN,JM",2
"FRITSCHY,JM",2
"FROMMER,M",2
"FUXE,K",2
"GALAMBOS,R",2
"GEORGOPOULOS,AP",2
"GESCHWIND,N",2
"GHAZANFAR,ASIF A.",2
"GILL,M",2
"GIMPL,G",2
"GLANTZ,LA",2
"GLASS,G. V.",2
"GODDARD,GV",2
"GOLDMAN,LS",2
"GRAHAM,FK",2
"GRANGER,CWJ.",2
"GRANT,BF",2
"GREENE,JD",2
"GREENE,LA",2
"GREICIUS,MICHAEL D.",2
"HAMER,DH",2
"HANSSON,GK",2
"HARRIS,CM",2
"HARRISON,G",2
"HASHIMOTO,T",2
"HECKMAN,JJ",2
"HEINTZMAN,NATHANIEL D.",2
"HERMAN,JG",2
"HERMAN,JP",2
"HERSCOVITCH,P",2
"HILLYARD,SA",2
"HINDORFF,LUCIA A.",2
"HIRSCH,E",2
"HOFFMEYER,S",2
"HOGAN,TP",2
"HORIKAWA,Y",2
"HOWLETT,AC",2
"HOYER,D",2
"HRDINA,PD",2
"HULLEY,S",2
"HULOT,JEAN-SEBASTIEN",2
"HUTTNER,WB",2
"IVERSEN,LL",2
"JACOBSON,L",2
"JAESCHKE,R",2
"JAHNSEN,H",2
"JAMAIN,S",2
"JESSELL,TM",2
"JOHNSON,SW",2
"JOHNSTON,JP",2
"KANDEL,DB",2
"KATZ,MM",2
"KELLIS,M",2
"KELLY,PH",2
"KIRINO,T",2
"KIRSCH,P",2
"KLUVER,H",2
"KNIGHT,RT",2
"KNOLL,J",2
"KNOWLTON,BJ",2
"KONG,A",2
"KOPIN,IJ",2
"KOUZARIDES,TONY",2
"KRAEMER,HC",2
"KUIDA,K",2
"KUYPERS,HGJ",2
"LABAR,KS",2
"LALOUEL,JM",2
"LAMME,VAF",2
"LANE,KB",2
"LATORA,V",2
"LEVINE,ES",2
"LEWONTIN,RC",2
"LIANG,KY",2
"LIBERMAN,AM",2
"LICHTENSTEIN,PAUL",2
"LIEBERMAN,J",2
"LINSZEN,DH",2
"LIPTON,SA",2
"LISMAN,J",2
"LISMAN,JE",2
"LIU,H",2
"LJUNGDAHL,A",2
"LOEBEL,AD",2
"LONZE,BE",2
"LOPEZ,AD",2
"LOWE,TM",2
"LUPIEN,SJ",2
"MACLEOD,CM",2
"MAGUIRE,EA",2
"MAHER,BRENDAN",2
"MANGUN,GR",2
"MANNINEN,V",2
"MARKUS,HR",2
"MARTINEZ,A",2
"MATSUDA,LA",2
"MATTHES,HWD",2
"MAYER,EA",2
"MAYER,W",2
"MAYFIELD,D",2
"MCALLISTER,AK",2
"MCCARTHY,MARK I.",2
"MCCRAE,RR",2
"MCDONALD,JW",2
"MCEWEN,BRUCE S.",2
"MCGOWAN,PATRICK O.",2
"MCGUFFIN,P",2
"MCLELLAN,AT",2
"MEEHL,PE",2
"MEHTA,SR",2
"MEISSNER,ALEXANDER",2
"MIDDLEMISS,DN",2
"MIKKELSEN,TARJEI S.",2
"MIKKELSEN,TS",2
"MILLER,RG",2
"MING,GL",2
"MINK,JW",2
"MISCHEL,W",2
"MIYASHITA,T",2
"MOFFATT,MIRIAM F.",2
"MOORE,THERESA H. M.",2
"MORI,S",2
"MORLEY,M",2
"MOUNTCASTLE,VB",2
"MUNCK,A",2
"NELSON,HE",2
"O'DONOVAN,MICHAEL C.",2
"OCONNELL,JR",2
"OGILVIE,AD",2
"PANTELIS,C",2
"PAPEZ,JW",2
"PATERSON,AH",2
"PAUL,SM",2
"PAZOS,A",2
"PENFIELD,W",2
"PENNINGTON,BF",2
"PEREZ,V",2
"PETERSEN,RC",2
"PETTIT,HO",2
"PEYRON,C",2
"PFEFFERBAUM,A",2
"PINES,G",2
"POGGIO,GF",2
"PRADHAN,AD",2
"PRIEN,RF",2
"PRUT,L",2
"PUGLIESE,A",2
"PURCELL,SHAUN",2
"PURCELL,SHAUN M.",2
"QIAN,Z",2
"RABIN,M",2
"RAJKOWSKA,G",2
"RAO,RPN",2
"RAPPORT,MM",2
"REGIER D A",2
"REISBERG,B",2
"REY,ANDRE",2
"RICHELSON,E",2
"RIDDERINKHOF,KR",2
"ROBBINS,TW",2
"ROBINSON,W. S.",2
"ROCHA,BA",2
"ROGERS,RD",2
"ROLLS,ET",2
"ROMERO,L",2
"RUBENSTEIN,JLR",2
"RUBIN,LJ",2
"RUTSTEIN,DD",2
"SANFEY,AG",2
"SARTORIUS,N",2
"SCARR,S",2
"SCHAID,DJ",2
"SCHEIER,MF",2
"SCHERG,M",2
"SCHINKEL,AH",2
"SCHOMIG,A",2
"SCHUCKIT,MA",2
"SELYE,H",2
"SERENO,MI",2
"SHEEHAN,DV",2
"SHIRAYAMA,Y",2
"SHROUT,PE",2
"SILBER,S",2
"SILBERSWEIG,DA",2
"SMERALDI,E",2
"SMITH,CAD",2
"SMITH,SM",2
"SMITH,STEPHEN M.",2
"SMITH,TF",2
"SOLLNER,T",2
"SOLOMON,RL",2
"SOUBRIE,P",2
"SOWELL,ER",2
"STEIN,LD",2
"STEIN,LI",2
"STEINBUSCH,HWM",2
"STEPHENS,M",2
"STERNBACH,H",2
"STERU,L",2
"STEVENS,SS",2
"STEWART,J",2
"STONE,JENNIFER L.",2
"STORCK,T",2
"STROUP,DF",2
"STUART,JM",2
"STUBER,CW",2
"SUAREZ,BK",2
"SUDHOF,TC",2
"SUNAHARA,RK",2
"SUSSER,ES",2
"SUTTON,S",2
"SZATMARI,PETER",2
"TAHILIANI,MAMTA",2
"TATSUMI,M",2
"TAYLOR,SE",2
"TCHENG,JE",2
"TESSIERLAVIGNE,M",2
"THOMPSON,JD",2
"THOMPSON,PM",2
"TODOROV,E",2
"TRAN,PV",2
"TSANKOVA,NM",2
"TSIEN,JZ",2
"TSIRKA,SE",2
"TSUANG,MT",2
"TULVING,E.",2
"TURNER,RC",2
"TZSCHENTKE,TM",2
"VALAGUSSA,F",2
"VAN LEEMPUT,K",2
"VANPUTTE.T",2
"VANPUTTEN,T",2
"VENABLES,PH",2
"VIDEBECH,P",2
"WAGENVOO.CA",2
"WAGER,TD",2
"WANG,ERIC T.",2
"WATKINS,LR",2
"WEINSTOCK,GEORGE M.",2
"WEISS,LAUREN A.",2
"WELLMAN,HM",2
"WEST,MJ",2
"WEST,RL",2
"WIDOM,CS",2
"WILLIAMS,JMG",2
"WILSON,RS",2
"WINSLOW,JT",2
"WOLF,PA",2
"WONG,DF",2
"WOODS,SW",2
"WOOLLEY,CS",2
"YANG,ZH",2
"YE,WL",2
"ZACKS,R. T.",2
"ZHANG,YY",2
"ZOLAMORGAN,S",2
"ZUNG,WWK",2
"ABELSON,JF",1
"ABOITIZ,F",1
"ABRAMSON,LY",1
"ACTON,S",1
"ADAMANTIDIS,ANTOINE R.",1
"ADAMS,MD",1
"ADER,R",1
"AGHAJANIAN,GK",1
"AINSLIE,G",1
"AL-SHAHROUR,F",1
"ALBERS,GW",1
"ALDERMAN,EL",1
"ALEXOPOULOU,L",1
"ALHO,K",1
"ALIZADEH,AA",1
"ALLEBECK,P",1
"ALON,URI",1
"ALTMAN,DG",1
"ALTMAN,J",1
"ALTSHULER,DAVID",1
"ALTSHULER,LL",1
"ANDEN,NE",1
"ANDERSON,JEFFREY L",1
"ANDERSON,S",1
"ANDERSON,SA",1
"ANDERSON,SW",1
"ANDREASEN,N",1
"ANGEVINE,JB",1
"ANGIOLILLO,DOMINICK J.",1
"ANNETT,M",1
"ANTHONY,W. A.",1
"APARICIO,S",1
"ARANEDA,R",1
"ARAVIN,AA",1
"ARAVIN,ALEXEI A.",1
"ARBEITMAN,MN",1
"ARBORELIUS,L",1
"ARENDT,JD",1
"ARNSTEN,AMY F. T.",1
"ARVANITIS,LA",1
"ASHBY,FG",1
"ATTWELL,D",1
"AUSTIN,MA",1
"AWAD,H",1
"BABB,TL",1
"BABOR,TF",1
"BAIN,G",1
"BAKKER,CE",1
"BANNERMAN,DM",1
"BAR-HAIM,YAIR",1
"BARBARA,G",1
"BARDO,MT",1
"BARKER,AT",1
"BARLOW,H.",1
"BARNARD,EA",1
"BARON-COHEN,S",1
"BARTELS,A",1
"BARTELS,C",1
"BARTKO,JJ",1
"BARTOS,MARLENE",1
"BATTIG,WF",1
"BAYES,T.",1
"BEAUCHAMP,MS",1
"BEAUMONT,MA",1
"BECK,A. T.",1
"BECK,AT",1
"BECKER,MH",1
"BEGG,CB",1
"BEHRENS,TEJ",1
"BELL,AJ",1
"BELL,GI",1
"BELLIVEAU,JW",1
"BEN-SHLOMO,Y",1
"BENGEL,D",1
"BENNETT,AJ",1
"BENNETT,L",1
"BENSON,G",1
"BENTON,AL",1
"BENVENISTE,H",1
"BERG,J",1
"BERKE,JD",1
"BERMAN,RM",1
"BERNSTEIN,BRADLEY E.",1
"BERNSTEIN,EM",1
"BERRETTINI,WH",1
"BERROU,C.",1
"BERTELSEN,A",1
"BERTON,O",1
"BERTRAND,ME",1
"BESEDOVSKY,HO",1
"BEZDEK,JC",1
"BIBIKOVA,M",1
"BIEDERMAN,I",1
"BILLARD,W",1
"BILLINGS,LM",1
"BINDER,JR",1
"BIRCHWOOD,M",1
"BIRKEN,DL",1
"BIRNBOIM,HC",1
"BLACK,DW",1
"BLACK,F",1
"BLACKSHEAR,JL",1
"BLACKWEL.B",1
"BLAZER,DG",1
"BOCKAERT,J",1
"BODEN,WE",1
"BODZIOCH,M",1
"BOESS,FG",1
"BOLLES,RC",1
"BOLSTAD,BM",1
"BOLTON,P",1
"BOND,GR",1
"BORKOWSK.JG",1
"BOURTCHULADZE,R",1
"BOUTET,EMMANUEL",1
"BOYCE,WT",1
"BOYD,JH",1
"BOYER,LA",1
"BOYNTON,GM",1
"BRADLEY,C",1
"BRAGIN,A",1
"BRAINARD,DH",1
"BRANDON,NJ",1
"BRAUNWALD,E",1
"BRAY,EA",1
"BRESLAU,N",1
"BRINDLEY,GS",1
"BROADHEAD,WE",1
"BROMAN,KW",1
"BROOKS-WILSON,A",1
"BROWN,G",1
"BROWN,GL",1
"BROWN,JP",1
"BROWN,PO",1
"BROWNE,A",1
"BRUSTLE,O",1
"BRUZZI,P",1
"BUCCINO,G",1
"BUCHOLZ,KK",1
"BUCK,L",1
"BULBRING,E",1
"BUONOMANO,DV",1
"BURGE,C",1
"BURT D R",1
"BUSS,AH",1
"CAHILL,L",1
"CAIRNS,JA",1
"CALDJI,C",1
"CALLICOTT,JH",1
"CAMON,EB",1
"CAMPBELL,DT",1
"CAMPFIELD,LA",1
"CANNON,CP",1
"CANNONSPOOR,HE",1
"CANTOR-GRAAE,E",1
"CAO,R",1
"CARDON,LR",1
"CARLSON,EA",1
"CARMELL,MA",1
"CARPENTE.WT",1
"CARPENTER,RHS",1
"CARRASCO,GA",1
"CARTMELL,J",1
"CARVER,CS",1
"CASTRESANA,J",1
"CATTELL,RB",1
"CEDAR,HOWARD",1
"CEDERLOEF,R",1
"CEPEDA,C",1
"CHAVKIN,C",1
"CHEMELLI,RM",1
"CHEN,CYA",1
"CHEN,WG",1
"CHEN,XN",1
"CHEVALIER,G",1
"CHILDRESS,AR",1
"CHINTAPALLI,VENKATESWARA R.",1
"CHO,KO",1
"CHUBB,J. E.",1
"CLARK,LA",1
"CLAYTON,DG",1
"CLEVELAND,WS",1
"CLINE,HE",1
"CODERRE,TJ",1
"COLBY,CL",1
"COLLINS,A",1
"COLONNIER,MARC",1
"COLQUHOUN,DAVID",1
"CONNER,JM",1
"CONWAY,MA",1
"COOK,RJ",1
"COOLEY,JW",1
"COONEY,C. A.",1
"COOPER,DN",1
"CORRELL,CU",1
"CORTINA,JM",1
"COULL,JT",1
"COWAN,WM",1
"COX,DN",1
"COYLE,JOSEPH T.",1
"CRADDOCK,N",1
"CRAWLEY,JN",1
"CROSBY,MADELINE A.",1
"CROSS,DAE",1
"CROTTY,S",1
"CRUZ,APM",1
"CSERNANSKY,JG",1
"CUTLIP,DONALD E.",1
"CZEISLER,CA",1
"D'SOUZA,DC",1
"DALE,AM",1
"DALY,MJ",1
"DAMMANN,O",1
"DAMOISEAUX,J. S.",1
"DANYSZ,W",1
"DARLINGTON,TK",1
"DAVID,AS",1
"DAVIDSON,EH",1
"DAVIES,MJ",1
"DE JAGER,PHILIP L.",1
"DE MONTIGNY,C",1
"DECI,EL",1
"DECKERT,J",1
"DEIBER,MP",1
"DELANEROLLE,NC",1
"DELL'ANGELICA,EC",1
"DEMORAIS,SMF",1
"DENISSENKO,MF",1
"DEROGATIS L R",1
"DESTA,Z",1
"DETKE,MJ",1
"DEVCHAND,PR",1
"DI CHIARA,G",1
"DI RUSSO,F",1
"DICKERSIN,K",1
"DIMASI,JA",1
"DIXON,ANNA L.",1
"DOBBING,J",1
"DOMINGO,E",1
"DONIGER,SW",1
"DONISKELLER,H",1
"DORPAT,TL",1
"DREWS,J",1
"DROSSMAN,DA",1
"DUGGAN,DJ",1
"DUPUIS,JOSEE",1
"DUVAL,S",1
"EASTERBROOK,JA",1
"EASTON,DF",1
"ECKBLAD,M",1
"EDDY,SR",1
"EDGAR,RC",1
"EDWARDS,AO",1
"EFRON,B",1
"EL-HUSSEIN,AE",1
"ELBERT,T",1
"ELLWOOD,PM",1
"EMAMIAN,ES",1
"ERAKER,SA",1
"ERDOS,P.",1
"ESTELLER,MANEL",1
"ESTROFF,SE",1
"EVERITT,BJ",1
"EWING,JA",1
"FALKAI,P",1
"FALLOON,IRH",1
"FALLS,WA",1
"FAZEL,S",1
"FEIGENSON,L",1
"FEINGOLD,EA",1
"FERNSTRO.JD",1
"FEUK,L",1
"FIELDING,CJ",1
"FIELDS,S",1
"FILIPOWICZ,WITOLD",1
"FINFER,S.",1
"FISCHL,B",1
"FITTS,PM",1
"FLASH,T",1
"FLORESCO,SB",1
"FOA,EB",1
"FOGLIA,JP",1
"FOMBONNE,E",1
"FOOTE,SL",1
"FORD,ES",1
"FORMAN,BM",1
"FOX,PT",1
"FOXE,JJ",1
"FRASER,AM",1
"FREDERICK,S",1
"FREDRICKSON,BL",1
"FREEMAN,JA",1
"FREEMANTLE,N",1
"FREZZA,M",1
"FRIEDMAN,HS",1
"FRIJDA,NH",1
"FRISTON,K",1
"FRISTON,K J",1
"FRISTON,K.",1
"FUKS,F",1
"FURLONG,RA",1
"FUSTER,JM",1
"FUSTER,V",1
"GAGE,BF",1
"GALABURDA,AM",1
"GALEA,S",1
"GALLESE,V",1
"GARAVAN,H",1
"GARDNER,W",1
"GARETY,P",1
"GARNER,DM",1
"GARRIS,PA",1
"GASPAR,P",1
"GE,SY",1
"GEDDES,JR",1
"GEHRING,WJ",1
"GERIG,G",1
"GERSHON,MD",1
"GERSHON,MICHAEL D.",1
"GESCHWIN.N",1
"GIBBON,J",1
"GIBBONS,RJ",1
"GILARD,MARTINE",1
"GILBERT,DT",1
"GIMELBRANT,ALEXANDER",1
"GIUFFRIDA,A",1
"GLOMSET,JA",1
"GO,AS",1
"GOFF,DC",1
"GOLDBERG,LR",1
"GOLDSTEIN,DAVID B.",1
"GOODALE,MA",1
"GOODWIN,DW",1
"GORMAN,JM",1
"GOSLING,SD",1
"GOTTESMAN,MM",1
"GOULD,SJ",1
"GOYETTE,CH",1
"GRACE,ANTHONY A.",1
"GRANT,SGN",1
"GRAY,EG",1
"GREENBERG,PE",1
"GREENFELD,D",1
"GREENGARD,P",1
"GRIEBEL,G",1
"GRIFFITHS-JONES,SAM",1
"GRILL,HJ",1
"GRIMM,JW",1
"GRUNDY,SM",1
"GUILLIN,O",1
"GUINDON,S",1
"GUITTON,D",1
"GUMBINER,BM",1
"GUNAWARDANE,LALITH S.",1
"GUNN,RN",1
"GUO,SW",1
"GURBEL,PA",1
"GURLING,HMD",1
"HAGAN,JJ",1
"HALAAS,JL",1
"HALLCHER,LM",1
"HALLGREN,B",1
"HAMALAINEN,M",1
"HAMILTON,WD",1
"HAMOSH,A",1
"HANDLEY,SL",1
"HARI,R",1
"HARLEY,JOHN B.",1
"HARLOW,H. F.",1
"HARRIS,GC",1
"HARRIS,KM",1
"HARRIS,MIDORI A.",1
"HART,RG",1
"HARTWELL,L. H.",1
"HASHIMOTO,A",1
"HASLER,G",1
"HATHAWAY,S. R.",1
"HAUSER,MD",1
"HAYDON,PG",1
"HECKERS,S",1
"HEIJMANS,BASTIAAN T.",1
"HEINZE,HJ",1
"HELZER,JE",1
"HENQUET,C",1
"HENSCH,TK",1
"HIESBERGER,T",1
"HIGGINS,ET",1
"HIGLEY,JD",1
"HILL,CA",1
"HINDS,DA",1
"HIRSCHHORN,JN",1
"HJALMARSON,A",1
"HOBFOLL,SE",1
"HOGARTY,GE",1
"HOGG,S",1
"HOKANSON,J E",1
"HOLLENBERG,SM",1
"HOLM,S",1
"HOLMBECK,GN",1
"HOLMES,WE",1
"HOLT,RA",1
"HOUSE,JS",1
"HOUSLAY,MD",1
"HOWES,OLIVER D.",1
"HSIAO,JK",1
"HSU,LKG",1
"HUANG,XQ",1
"HUBER,WOLFGANG",1
"HUDSON,TJ",1
"HUGHES,JR",1
"HUGOT,JP",1
"HUNTER,DAVID J.",1
"HYMAN,SE",1
"HYNES,M",1
"IAFRATE,AJ",1
"IDLER,EL",1
"IMPERATO,A",1
"INGELMAN-SUNDBERG,MAGNUS",1
"INSEL,TR",1
"IRIZARRY,RA",1
"ISBELL,H",1
"ISHKANIAN,AS",1
"ISOMAA,B",1
"ISSEMANN,I",1
"JACOBSON,N",1
"JACOBSON,NS",1
"JAILLON,O",1
"JANOWSKY,DS",1
"JENSEN,PS",1
"JEONG,H",1
"JIRTLE,RANDY L.",1
"JOHANSON,CE",1
"JOHE,KK",1
"JOHNSON,DAW",1
"JOHNSON,EO",1
"JOHNSON,J",1
"JONES,B",1
"JONES,DK",1
"JONES,EG",1
"JONES,KL",1
"JONES,PETER A.",1
"JONIDES,J",1
"JULIANO,RL",1
"JUNI,P",1
"JURKA,J",1
"JUST,MA",1
"KAAS,JH",1
"KAGAN,J",1
"KAMATH,RS",1
"KANE,JA",1
"KANE,JM",1
"KANEHISA,MINORU",1
"KAPLAN,MS",1
"KAREGE,F",1
"KARNEY,BR",1
"KARNOFSKY,DA",1
"KATOH,K",1
"KATONA,I",1
"KAVANAGH,DJ",1
"KEANE,TM",1
"KEARNEY,PM",1
"KEECH,A",1
"KEELEY,EC",1
"KELLEY,HH",1
"KELLEY,WM",1
"KEMP,R",1
"KENNEDY,GC",1
"KENNY,D. A.",1
"KERR,JFR",1
"KERSTEN,S",1
"KETTLER,GREGORY C.",1
"KHANTZIAN,EJ",1
"KILGARD,MP",1
"KIM,V. NARRY",1
"KIM-COHEN,J.",1
"KING,MC",1
"KINNIER WILSON,SA",1
"KLAUCK,SM",1
"KLAUSBERGER,T",1
"KLEIMAN,DG",1
"KLEIN,PS",1
"KLEINMAN,A",1
"KLEINMAN,JC",1
"KLERMAN,GL",1
"KLUG,MG",1
"KNAPP,M",1
"KOHN,MI",1
"KOJIMA,M",1
"KONISHI,S",1
"KONOPKA,RJ",1
"KOOLHAAS,JM",1
"KORNAU,HC",1
"KORNFELD,S",1
"KOVACS,M",1
"KRAMER,MS",1
"KRAWIECKA,M",1
"KREK,A",1
"KROEZE,WK",1
"KRUGER,R",1
"KUHN,HG",1
"KUMAR,RAVINESH A.",1
"KUNISHIMA,N",1
"KUNUGI,H",1
"KWAN,P",1
"LACHAUX,JP",1
"LAI,CSL",1
"LAIBSON,D",1
"LAIRD,AR",1
"LAKKA,HM",1
"LAMMERTSMA,AA",1
"LANDE,R",1
"LANG,AE",1
"LANGE,K",1
"LASSER,RA",1
"LAU,NC",1
"LAUPACIS,A",1
"LAWTON,MP",1
"LECOUTEUR,A",1
"LEE,SST",1
"LEE,T",1
"LEE,TI",1
"LEHMANN,D",1
"LEHMANN,JM",1
"LENDAHL,U",1
"LESSELLS,CM",1
"LEUCHT,STEFAN",1
"LEVEY,AS",1
"LEWIS,HD",1
"LI,BING",1
"LI,C",1
"LI,E",1
"LI,HENG",1
"LI,TK",1
"LIBBY,P",1
"LICHTENSTEIN,P",1
"LIEGEOISCHAUVEL,C",1
"LIFTON,RP",1
"LIM,KO",1
"LIN,L",1
"LINN,BS",1
"LIPINSKI,CA",1
"LIPSHUTZ,RJ",1
"LISH,JD",1
"LIU,LD",1
"LIVINGSTONE,M",1
"LLEDO,PM",1
"LLINAS,R",1
"LOCKHART,DJ",1
"LOGAN,GD",1
"LOGAN,J",1
"LOIS,C",1
"LONG,JC",1
"LU,YM",1
"LUIKART,G",1
"LUKOFF,D.",1
"LUSKIN,MB",1
"LYNCH,JW",1
"LYON,MF",1
"MACK,RN",1
"MACKENZIE,SJ",1
"MACKINNON,DP",1
"MACLEOD,J",1
"MACMAHON,S",1
"MACPHEE,IAM",1
"MAEDA,N",1
"MAFFEI,M",1
"MAGARINOS,AM",1
"MAGISTRETTI,PJ",1
"MAHLEY,RW",1
"MAIER,SF",1
"MAIER,W",1
"MALACH,R",1
"MALISON,RT",1
"MANGEAT,B",1
"MANN,JJ",1
"MANNAIONI,G",1
"MANNING,AP",1
"MANSBACH,RS",1
"MANUCK,SB",1
"MARCHINI,JONATHAN",1
"MARGERIS.JH",1
"MARKOU,A",1
"MARKOWITZ,JS",1
"MARSHALL,M",1
"MARSICANO,G",1
"MARTIN,DL",1
"MARTIN,RL",1
"MARTIN,SJ",1
"MARTIN,WR",1
"MARTINEZHERNANDEZ,A",1
"MARZOLINI,C",1
"MATETZKY,S",1
"MATSUZAKI,M",1
"MATTIS,S.",1
"MATYS,V",1
"MAXAM,AM",1
"MAZUR,A",1
"MAZZANTI,CM",1
"MCBRIDE,WJ",1
"MCCARTHY,G",1
"MCCLUNG,CA",1
"MCCORMICK,DA",1
"MCCULLAGH,P",1
"MCDONALD,JH",1
"MCDONALD,RJ",1
"MCDONALD,WI",1
"MEGA,MS",1
"MELLER,ST",1
"MELLMAN,I",1
"MENDLEWICZ,J",1
"MERCER,JA",1
"MERZENIC.MM",1
"MESULAM,M. M.",1
"METZ,CE",1
"MIDDLETON,FA",1
"MILES,CP",1
"MILLAN,MJ",1
"MILLER,ANDREW H.",1
"MILLER,GJ",1
"MIROLLO,RE",1
"MISERENDINO,MJD",1
"MISHKIN,M",1
"MITA,K",1
"MIYOSHI,K",1
"MOGG,K",1
"MOORE,NA",1
"MOOTHA,VK",1
"MORASSO,P",1
"MORGAN,HD",1
"MORGAN,HG",1
"MORRIS,R",1
"MORRISON,JH",1
"MORTENSEN,PB",1
"MOSSNER,R",1
"MOTTER,BC",1
"MOUSSAVI,SABA",1
"MUESER,KT",1
"MULDER,NICOLA J.",1
"MULSANT,BH",1
"MUNKJORGENSEN,P",1
"MUSSELMAN,DL",1
"MYERS,JK",1
"NAATANEN,R.",1
"NAGEL,G",1
"NAKAGAWA,T",1
"NAKAYAMA,K",1
"NAN,XS",1
"NARROW,WE",1
"NEISSER,U",1
"NEURINGER,M",1
"NEVE,RICHARD M.",1
"NEWMAN,SC",1
"NEWTON,AC",1
"NICOLA,SM",1
"NIELSEN,R",1
"NIMCHINSKY,EA",1
"NISBETT,RE",1
"NISSEN,MJ",1
"NOLENHOEKSEMA,S",1
"NORENBERG,MD",1
"NORRIS,FH",1
"NORTHOFF,GEORG",1
"NULMAN,I",1
"NUSSLEINVOLHARD,C",1
"O'DONNELL,JM",1
"OGAWA,M",1
"OHKUMA,S",1
"OKANO,M",1
"OLINCY,A",1
"OLSHAUSEN,BA",1
"OLSON,EN",1
"OTT,J",1
"OWEN,F",1
"OYSERMAN,D",1
"PACKARD,MG",1
"PADDISON,PJ",1
"PAN,QUN",1
"PANDYA,DN",1
"PAOLETTI,P",1
"PAOLETTI,PIERRE",1
"PARENT,JM",1
"PARK,PETER J.",1
"PARK,S",1
"PARKER,JG",1
"PASCUALLEONE,A",1
"PATIL,SANDEEP T.",1
"PATLAK,CS",1
"PATSCH,JR",1
"PAULING,L",1
"PAYKEL,ES",1
"PEARSON,TA",1
"PELLEYMOUNTER,MA",1
"PELLOW,S",1
"PEREZ-REYES,E",1
"PERKINS,DO",1
"PERKINS,MN",1
"PERRET,E",1
"PERRIN,F",1
"PESARAN,B",1
"PESSOA,L",1
"PETERS,PJ",1
"PETERSEN,S E",1
"PETO,R",1
"PETRIDES,M",1
"PHELPS,ME",1
"PHILLIPS,DR",1
"PICARD,N",1
"PLOTSKY,PM",1
"POKORNY,AD",1
"POLYMEROPOULOS,MH",1
"PORKKAHEISKANEN,T",1
"PRATT,WB",1
"PRESTON,SD",1
"PRICE,ALKES L.",1
"PRICE,DD",1
"QUINN,MJ",1
"RADLOFF L S",1
"RAFF,MC",1
"RAFFA,RB",1
"RAINE,A",1
"RAKYAN,VK",1
"RAO,AK",1
"RASMUSSEN,BK",1
"RATCLIFF,R",1
"RAYMOND,M",1
"REDGRAVE,P",1
"REDON,RICHARD",1
"REICH,DE",1
"REICHENBERG,A",1
"REIK,W",1
"REINER,O",1
"REINHART,BJ",1
"REISS,AL",1
"REN,B",1
"REPPERT,SM",1
"REUBINOFF,BE",1
"RHOADES,MW",1
"RICH,CL",1
"RICHARDS,STEPHEN",1
"RICHFIELD,EK",1
"RIDEOUT,WM",1
"RIDKER,PAUL M.",1
"RIEHLE,A",1
"RILLING,JK",1
"RINN,JOHN L.",1
"RIO,C",1
"RIOUX,JOHN D.",1
"ROBINS,E",1
"ROBINS,SJ",1
"ROBINSON,DG",1
"RODGERS,RJ",1
"ROEDIGER,HL",1
"ROELFSEMA,PR",1
"ROSEN,JB",1
"ROSENHECK,R",1
"ROSENTHAL,R.",1
"ROSS,AM",1
"ROSS,CHRISTOPHER A.",1
"ROSS,MT",1
"ROSS,R",1
"ROTHMAN,K J",1
"ROTHMAN,RB",1
"ROY,A",1
"RUBIN,GM",1
"RUDNICK,G",1
"RUECKERT,D",1
"RUGGERI,ZM",1
"RUMELHART,DE",1
"RUSH,AJ",1
"RUSSELL,G",1
"RUTTER,M",1
"RYAN,ND",1
"RYAN,RM",1
"SAARELAINEN,T",1
"SABATINE,MS",1
"SACHSE,C",1
"SAHA,S",1
"SAHA,SUKANTA",1
"SAKURAI,T",1
"SALTHOUSE,TA",1
"SAMEROFF,A. J.",1
"SAMS,M",1
"SANCHEZ-VIVES,MV",1
"SARWAR,NADEEM",1
"SATSANGI,J",1
"SAUNDERS,JB",1
"SAWA,A",1
"SAWCHENKO,PE",1
"SCHADE,RENE",1
"SCHAFE,GE",1
"SCHEININ,M",1
"SCHELL,MJ",1
"SCHMAHMANN,JD",1
"SCHOEPP,DD",1
"SCHROEDER,CE",1
"SCHUMACHER,J",1
"SCHWARCZ,R",1
"SCHWARTZ,L",1
"SCHWARTZ,MW",1
"SCOVILLE,WB",1
"SELIGMAN,ME",1
"SELIGMAN,MEP",1
"SERRETTI,A",1
"SERRUYS,PATRICK W.",1
"SETTE,C",1
"SHADMEHR,R",1
"SHAFII,M",1
"SHAMBLOTT,MJ",1
"SHANNON,CE",1
"SHANNON,RV",1
"SHARP,AJ",1
"SHAYWITZ,BA",1
"SHENG,M",1
"SHI,JIANXIN",1
"SHINOZAKI,K",1
"SHPRINTZEN,RJ",1
"SIEGEL,C",1
"SIEPEL,A",1
"SIGWORTH,FJ",1
"SIMMONS,ML",1
"SIMONS,K",1
"SIMOONS,ML",1
"SIMOPOULOS,AP",1
"SIMPSON,JARED T.",1
"SINGER,T",1
"SIRIS,SG",1
"SIUCIAK,JA",1
"SKALETSKY,H",1
"SLATKIN,M",1
"SLOTKIN,R. KEITH",1
"SMALL,DM",1
"SMITH,AD",1
"SMITH,JR",1
"SNODGRASS,JG",1
"SNYDER,SH",1
"SOARES,JC",1
"SOHAL,VIKAAS S.",1
"SOKAL,ROBERT R.",1
"SORA,I",1
"SORIANO,P",1
"SPANAGEL,R",1
"SPEAR,LP",1
"SPEARMAN,C",1
"SPECTOR,S",1
"SPIEGEL,K",1
"SRINIVASAN,MV",1
"STAELS,B",1
"STAMPFER,MJ",1
"STARK,P",1
"STCLAIR,D",1
"STEARNE,MR",1
"STEPHAN,KLAAS E.",1
"STEWART,LA",1
"STEWART,M",1
"STINE,OC",1
"STOLL,AL",1
"STONE,GW",1
"STOOF,JC",1
"STOPPINI,L",1
"STRADER,CD",1
"STRAUSBERG,RL",1
"STREISSGUTH,AP",1
"STROUP,TS",1
"SU,AI",1
"SUBRAMANIAN,A",1
"SUDHOF,THOMAS C.",1
"SUN,Y",1
"SUPPES,T",1
"SURMEIER,DJ",1
"SUTTON,RS",1
"SWETS,JA",1
"TABUCHI,KATSUHIKO",1
"TACK,J",1
"TAKEICHI,M",1
"TALLONBAUDRY,C",1
"TAMAS,G",1
"TAMMINGA,CA",1
"TAMURA,T",1
"TANDA,G",1
"TAO,X",1
"TAPPER,AR",1
"TARLOV,AR",1
"TARTAGLIA,LA",1
"TERR,LC",1
"THASE,ME",1
"THEILER,J",1
"THOMPSON,CB",1
"THOMSON,DJ",1
"THOMSON,JA",1
"THYGESEN,KRISTIAN",1
"TIAN,B",1
"TIITINEN,H",1
"TKACHEV,D",1
"TODD,JOHN A.",1
"TOHEN,M",1
"TONTONOZ,P",1
"TORREY,EF",1
"TOSCHI,V",1
"TRACHTENBERG,JT",1
"TRAPNELL,COLE",1
"TRAPP,BD",1
"TRIVEDI,MH",1
"TRULLAS,R",1
"TSAI,GC",1
"TSOU,K",1
"TULP,A",1
"TULVING,E",1
"TURRIGIANO,GG",1
"TWAROG,BM",1
"TYBULEWICZ,VLJ",1
"UEDA,H",1
"UHLHAAS,PETER J",1
"UNGERSTEDT,U",1
"UNO,H",1
"UNO,Y",1
"VAFIADIS,P",1
"VAGIN,VASILY V.",1
"VALKO,MARIAN",1
"VAN DE WERF,FRANS",1
"VAN DEN BERGHE,G",1
"VAN EERDEWEGH,P",1
"VAN OS,J",1
"VAN OS,J.",1
"VAN OS,JIM",1
"VANDERWO.CH",1
"VARGAS,DL",1
"VARNAUSKAS,E",1
"VERHOEVEN,KJF",1
"VIRE,E",1
"VITERBI,AJ",1
"VITOUSEK,PM",1
"VOLKOW,ND",1
"VON ELM,ERIK",1
"VONKORFF,M",1
"VYAS,A",1
"WACHOLDER,S",1
"WAELTI,P",1
"WAGNER,HN",1
"WALKER,AM",1
"WALLACE,DC",1
"WALLSTON,KA",1
"WALSH,RN",1
"WANG,DG",1
"WANG,SB",1
"WARD,JH",1
"WARKENTIN,TE",1
"WATERLAND,RA",1
"WATSON,JDG",1
"WEBER,MICHAEL",1
"WEEDON,MICHAEL N.",1
"WEEKS,D",1
"WEI,LJ",1
"WEIDMANN,S",1
"WEINER,B",1
"WEISS,Y",1
"WEITZ,JI",1
"WEKERLE,H",1
"WELKER,C",1
"WEN,LI",1
"WENDER,PH",1
"WERNER,EE",1
"WHITE,JG",1
"WIESEL,TN",1
"WILLIAMS,J",1
"WILLIAMS,KD",1
"WILSON,CJ",1
"WILSON,DS",1
"WILSON,RI",1
"WILSON,ROBERT J.",1
"WING,J.K.",1
"WING,KAJSA",1
"WINGFIELD,JC",1
"WOERNER,MG",1
"WOLDORFF,MG",1
"WOLFE,F",1
"WOLOSKER,H",1
"WONG,EHF",1
"WOOD,D",1
"WRIGHT,S",1
"WYATT,RJ",1
"XIA,QY",1
"XIE,XH",1
"YAMASHITA,A",1
"YARDEN,Y",1
"YEARGIN-ALLSOPP,M",1
"YEE,SP",1
"YEKTA,S",1
"YONELINAS,AP",1
"YOUNG,LJ",1
"YOUNG,WS",1
"YU,JY",1
"ZAHAVI,A",1
"ZAHM,DS",1
"ZAHRT,J",1
"ZAMMIT,S",1
"ZANETTINI,RENZO",1
"ZARATE,CARLOS A.,JR.",1
"ZEGER,SL",1
"ZEGGINI,ELEFTHERIA",1
"ZEKI,S",1
"ZHANG,HT",1
"ZHU,JJ",1
"ZILVERSMIT,DB",1
"ZUKER,M",1
"ZUKIN,SR",1
